2261,Dhara,,Mymensingh,24.900000,90.599998
3151,Jaflong,,Sylhet,23.751400,91.194901
3404,Poun,,Brahmanbaria,24.033300,91.016701
5730,Palashbari,,Gaibandha,24.933300,89.333298
2412,Jaria Jhanjhail,,Netrakona,25.083300,90.516701
5310,Syedpur,,Nilphamari,25.427799,89.166702
6100,Ghuramara,,Rajshahi,24.366301,88.605003
7010,Kumarkhali,,Kustia,23.466700,89.699997
7933,Umedpur,,Madaripur,23.416700,89.533302
4540,Rajsthali,,Rangamati,22.506599,92.159698
5121,Nekmarad,,Thakurgaon,24.879200,89.625000
6520,Niamatpur,,Naogaon,24.833300,88.566704
1334,Gouragonj,,Munshiganj,23.542801,90.254700
1441,Bara Nagar,,Narayanganj,23.721901,90.578903
2151,Gonopaddi,,Sherpur,24.983299,90.166702
3173,Kurar bazar,,Sylhet,24.816700,92.116699
3330,Madhabpur,,Hobiganj,24.616699,91.550003
8216,Barishal Cadet,,Barishal,23.225000,90.458298
9450,Nakipur,,Satkhira,22.333300,89.116699
9272,Bajua,,Khulna,22.533300,89.583298
9330,Rayenda,,IBH WAs Here,22.852100,89.800003
4332,Gorduara,,Chittagong,22.505301,91.811096
5280,Nababganj,,Dinajpur,25.433300,89.133301
7100,Meherpur Sadar,,Meherpur,23.750000,88.699997
7462,Bhugilhat,,Jessore,23.183300,89.233299
8531,Chakhar,,Pirojpur,22.799999,90.166702
8551,Kanudashkathi,,Pirojpur,22.466700,90.058296
9283,Katipara,,Khulna,22.633301,89.266701
1741,Rajendrapur,,Gazipur,24.616699,90.583298
3106,Birahimpur,,Sylhet,23.299999,91.133301
5431,Shyampur,,Rangpur,24.850000,90.866699
5740,Gobindhaganj,,Gaibandha,25.068800,89.391701
8214,Thakur Mallik,,Barishal,23.225000,90.458298
9300,Bagerhat Sadar,,IBH WAs Here,22.852100,89.800003
1333,Haridia,,Munshiganj,23.466700,90.383301
1343,Saver P.A.T.C,,Dhaka,24.313700,89.608902
1973,Ballabazar,,Tangail,24.083300,91.599998
2251,Beltia,,Mymensingh,24.966700,90.416702
7470,Bagharpara,,Jessore,23.233299,89.349998
7910,Rajoir,,Madaripur,23.198900,90.053299
8204,Patang,,Barishal,22.666700,90.466698
3050,Ghungiar,,Sunamganj,24.401899,91.096298
3371,Goplarbazar,,Hobiganj,24.608299,91.541702
3450,Akhaura,,Brahmanbaria,23.861700,91.218903
5842,Palli Unnyan Accadem,,Bogra,24.783300,89.766701
6683,Puran Bharenga,,Pabna,24.027800,89.633301
3711,Rakhallia,,Lakshmipur,23.666700,90.033302
4339,Madrasa,,Chittagong,22.505301,91.811096
4511,Betbunia,,Rangamati,22.545000,91.936897
1975,Palisha,,Tangail,24.308300,90.400002
1976,Nagarbari SO,,Tangail,24.308300,90.400002
3152,Chiknagul,,Sylhet,23.751400,91.194901
3526,Brahmanpara,,Comilla,23.686100,91.119400
3552,Chiora,,Comilla,23.226801,91.310699
5041,Mirjapur,,Panchagarh,24.083300,88.933296
7801,Kanaipur,,Faridpur,23.549999,89.783302
3464,Gopinathpur,,Brahmanbaria,23.549999,91.116699
3521,Maynamoti bazar,,Comilla,23.642099,91.125099
4368,Kadurkhal,,Chittagong,22.396601,91.958900
1431,Adamjeenagar,,Narayanganj,23.721901,90.578903
1992,Hemnagar,,Tangail,25.575001,89.408302
2462,Shaldigha,,Netrakona,24.861900,90.840500
3111,Kadamtali,,Sylhet,24.783300,90.483299
3452,Gangasagar,,Brahmanbaria,23.833300,91.216698
5241,Ranirbandar,,Dinajpur,24.633301,89.512497
5404,Rangpur Cadet Colleg,,Rangpur,25.133301,89.608299
6702,Rashidabad,,Sirajganj,23.733299,89.483299
7851,Kamarkali,,Faridpur,23.271400,89.807098
8402,Baukathi,,Jhalokathi,22.741699,90.199997
5320,Kishoriganj,,Nilphamari,25.427799,89.166702
8215,Nizamuddin College,,Barishal,23.225000,90.458298
1229,KhilkhetTSO,,Dhaka,23.851500,90.403000
2326,Pakundia,,Kishoreganj,23.266701,90.699997
4211,Amin Jute Mills,,Chittagong,23.975000,90.625000
4369,Charandwip,,Chittagong,22.419201,91.934402
4750,Ukhia,,Cox’s Bazar,21.245001,92.137199
9454,Gabura,,Satkhira,22.283300,89.283302
1551,Barikhal,,Munshiganj,23.658300,89.887497
3127,Kathal Khair,,Sylhet,23.057600,91.422600
4520,Nanichhar,,Rangamati,22.506599,92.159698
5510,Aditmari,,Lalmonirhat,25.773300,89.196701
6742,Rajapur,,Sirajganj,24.500000,90.583298
9320,Morelganj,,IBH WAs Here,22.852100,89.800003
3823,Mir Owarishpur,,Noakhali,23.463100,90.941597
5720,Sundarganj,,Gaibandha,25.566700,89.516701
7403,Jessore canttonment,,Jessore,23.154200,89.262497
8232,Kashemabad,,Barishal,22.900000,90.266701
9240,Alaipur,,Khulna,23.516701,89.333298
4226,North Halishahar,,Chittagong,23.975000,90.625000
8023,Upshi,,Shariatpur,23.250000,90.474998
2052,Bausee,,Jamalpur,24.674999,89.783302
2446,Mohanganj,,Netrakona,24.900000,90.983299
3134,Singer kanch,,Sylhet,23.751400,91.194901
3829,Joynarayanpur,,Noakhali,23.463100,90.941597
4210,Bayezid Bostami,,Chittagong,23.975000,90.625000
6250,Bhabaniganj,,Rajshahi,24.583300,88.816704
6661,Sagarkandi,,Pabna,23.783300,89.383301
7002,Jagati,,Kustia,23.900000,89.099998
2262,Munshirhat,,Mymensingh,24.900000,90.599998
3086,Moinpur,,Sunamganj,24.537500,91.454201
3834,Rajganj,,Noakhali,22.872499,91.074203
4322,Darrogahat,,Chittagong,22.857401,91.533203
4600,Bandarban Sadar,,Bandarban,21.912100,92.311897
9411,Murarikati,,Satkhira,22.299999,89.050003
9381,Kahalpur,,IBH WAs Here,22.650000,89.375000
1204,Gendaria TSO,,Dhaka,23.701099,90.426300
2371,Abdullahpur,,Kishoreganj,22.966700,91.166702
3352,Kadirganj,,Hobiganj,24.516701,91.366699
3511,Madhaiabazar,,Comilla,23.289700,90.981400
4204,Patenga,,Chittagong,23.975000,90.625000
1362,Matuail,,Dhaka,23.716700,90.466698
2022,Gilabari,,Jamalpur,24.500000,90.066704
7222,Andulbaria,,Chuadanga,23.483299,88.883301
8400,Jhalokathi Sadar,,Jhalokathi,22.741699,90.199997
8650,Khepupara,,Patuakhali,21.983299,90.216698
1550,Srinagar,,Munshiganj,23.816700,89.833298
7405,Rupdia,,Jessore,23.133301,89.300003
8024,Kartikpur,,Shariatpur,23.233299,90.466698
6291,Premtoli,,Rajshahi,24.466700,88.333298
7350,Naldanga,,Jinaidaha,23.433300,89.183296
2040,Mathargonj,,Jamalpur,24.428301,89.896698
3519,Eliotganj,,Comilla,23.289700,90.981400
5520,Tushbhandar,,Lalmonirhat,25.966700,89.199997
5620,Ulipur,,Kurigram,24.900000,89.400002
5850,Dhunat,,Bogra,24.683300,89.550003
6621,Dhapari,,Pabna,23.616699,89.766701
3130,Bishwanath,,Sylhet,23.751400,91.194901
3412,Rasullabad,,Brahmanbaria,24.019400,90.924400
3721,Alipur,,Lakshmipur,23.100000,90.283302
3806,Mriddarhat,,Noakhali,23.233299,90.966698
4580,Longachh,,Rangamati,22.506599,92.159698
8403,Gabha,,Jhalokathi,22.766701,90.166702
9273,Nalian,,Khulna,22.433300,89.449997
3201,Barakapan,,Moulvibazar,24.659300,91.611000
4396,Lohagara,,Chittagong,22.012199,92.095596
5920,Khetlal,,Joypurhat,24.900000,89.099998
6342,Manaksha,,Chapinawabganj,24.677799,88.419403
8140,Maksudpur,,Gopalganj,23.533300,90.166702
8530,Banaripara,,Pirojpur,22.799999,90.166702
2201,Kawatkhali,,Mymensingh,23.183300,90.133301
3082,Chhatak Paper Mills,,Sunamganj,24.537500,91.454201
6311,Mandumala,,Chapinawabganj,24.733299,88.416702
7110,Gangni,,Meherpur,23.733299,88.849998
7911,Khalia,,Madaripur,23.216700,90.016701
6421,Lalpur S.O,,Natore,24.250000,88.983299
9281,Godaipur,,Khulna,22.577801,89.283302
1209,Jigatala TSO,,Dhaka,23.755199,90.373100
1520,Tangibari,,Munshiganj,23.516701,90.466698
2336,Bajitpur,,Kishoreganj,23.433300,89.716698
2400,Netrakona Sadar,,Netrakona,24.861900,90.840500
3108,Mogla,,Sylhet,23.683300,91.025002
2204,Biddyaganj,,Mymensingh,23.183300,90.133301
2338,Laksmipur,,Kishoreganj,23.533300,89.766701
5940,Akklepur,,Joypurhat,24.900000,89.000000
1920,Basail,,Tangail,23.866699,89.783302
3510,Chandia,,Comilla,22.802500,91.410797
3900,Feni Sadar,,Feni,23.266701,91.150002
7410,Chougachha,,Jessore,23.108299,89.150002
7632,Nahata,,Magura,23.333300,89.516701
9360,Chitalmari,,IBH WAs Here,22.850000,89.866699
9380,Mollahat,,IBH WAs Here,22.650000,89.375000
9452,Naobeki,,Satkhira,22.416700,89.504204
1342,Jahangirnagar Univer,,Dhaka,24.313700,89.608902
3101,Sylhet Cadet Col,,Sylhet,23.683300,91.025002
3850,Basur Hat,,Noakhali,23.184099,90.915703
4220,Chitt. Cantonment,,Chittagong,23.975000,90.625000
8511,Keundia,,Pirojpur,22.633301,90.066704
3062,Atuajan,,Sunamganj,24.401899,91.096298
1225,Sangsad BhabanTSO,,Dhaka,23.761700,90.378403
3707,Choupalli,,Lakshmipur,23.924999,89.783302
3441,Fandauk,,Brahmanbaria,24.016500,91.041603
9000,Khulna G.P.O,,Khulna,22.840401,89.539200
3892,Tamoraddi,,Noakhali,22.404400,91.125298
7802,Ambikapur,,Faridpur,22.833300,90.533302
9223,Ghoshghati,,Khulna,22.941700,89.558296
2030,Dewangonj,,Jamalpur,24.428301,89.896698
2270,Gouripur,,Mymensingh,24.766701,90.566704
2291,Gangail,,Mymensingh,24.583300,90.766701
3181,Chatulbazar,,Sylhet,23.855301,90.012497
3233,Prithimpasha,,Moulvibazar,24.566700,91.349998
1535,Medini Mandal EDSO,,Munshiganj,23.450001,90.324997
3930,Sonagazi,,Feni,22.860600,91.442802
6600,Pabna Sadar,,Pabna,23.896700,89.610001
8500,Pirojpur Sadar,,Pirojpur,22.496700,90.171700
4720,Kutubdia,,Cox’s Bazar,21.814400,91.854202
5900,Joypurhat Sadar,,Joypurhat,24.900000,89.099998
6741,Sohagpur,,Sirajganj,24.583300,90.833298
1464,Murapara,,Narayanganj,23.783300,90.550003
3183,Gachbari,,Sylhet,23.855301,90.012497
3410,Nabinagar,,Brahmanbaria,23.891701,90.973297
3812,Char Jabbar,,Noakhali,23.184099,90.915703
3831,Alaiarpur,,Noakhali,22.950001,91.300003
7300,Jinaidaha Sadar,,Jinaidaha,23.466700,89.138901
4742,Badarkali,,Cox’s Bazar,21.339399,92.099098
8621,Bagabandar,,Patuakhali,22.400000,90.574997
9206,Sonali Jute Mills,,Khulna,22.766701,89.419197
1611,Ghorashal Urea Facto,,Narshingdi,23.933300,90.633301
2000,Jamalpur,,Jamalpur,24.916700,89.933296
2331,Gochhihata,,Kishoreganj,23.483299,89.741699
8200,Barishal Sadar,,Barishal,22.866699,90.405602
8320,Borhanuddin UPO,,Bhola,22.483299,90.800003
1860,Doulatpur,,Manikganj,24.700001,90.550003
3109,Ranga Hajiganj,,Sylhet,23.683300,91.025002
8120,Tungipara,,Gopalganj,22.900000,89.916702
1700,Gazipur Sadar,,Gazipur,23.983299,90.400002
2150,Nakla,,Sherpur,24.983299,90.166702
3320,Chunarughat,,Hobiganj,24.200001,91.516701
3809,Charam Tua,,Noakhali,23.233299,90.966698
6711,Shuvgachha,,Sirajganj,23.916700,90.216698
3372,Golduba,,Hobiganj,24.608299,91.541702
4410,Panchhari,,Khagrachari,22.683300,92.416702
6271,Sarda,,Rajshahi,24.400000,88.852402
3070,Duara bazar,,Sunamganj,24.401899,91.096298
4328,Mohazanhat,,Chittagong,22.857401,91.533203
5410,Gangachara,,Rangpur,25.209299,89.609299
6251,Taharpur,,Rajshahi,24.583300,88.816704
9260,Batiaghat,,Khulna,22.766701,89.419197
6650,Banwarinagar,,Pabna,23.896700,89.610001
8622,Birpasha,,Patuakhali,22.400000,90.574997
1991,Jhowail,,Tangail,25.575001,89.408302
3504,Suaganj,,Comilla,23.320700,91.097298
3871,Palla,,Noakhali,23.083300,90.983299
5210,Biral,,Dinajpur,24.633301,89.512497
8421,Beerkathi,,Jhalokathi,22.633301,90.283302
1723,Vaoal Jamalpur,,Gazipur,23.922701,90.549400
3708,Chandraganj,,Lakshmipur,23.924999,89.783302
4530,Kaptai,,Rangamati,22.488899,92.230598
6431,Dayarampur,,Natore,24.783300,90.500000
7803,Baitulaman Politecni,,Faridpur,23.191700,90.158302
1430,Siddirganj,,Narayanganj,23.721901,90.578903
1602,Narshingdi College,,Narshingdi,23.927799,90.694397
3117,Fenchuganj SareKarkh,,Sylhet,24.741699,91.216698
7870,Alfadanga,,Faridpur,23.299999,89.699997
1340,Savar,,Dhaka,23.844200,90.251099
2252,Tarakanda,,Mymensingh,24.950001,90.466698
3230,Kulaura,,Moulvibazar,24.533300,92.050003
4363,Kanungopara,,Chittagong,22.396601,91.958900
6240,Durgapur,,Rajshahi,24.400000,88.852402
5820,Gabtoli,,Bogra,24.933300,89.500000
5826,Sonatola,,Bogra,24.933300,89.500000
8020,Naria,,Shariatpur,23.250000,90.474998
1750,Kaliakaar,,Gazipur,24.033300,90.283302
1981,Zahidganj,,Tangail,24.883301,90.849998
2430,Kalmakanda,,Netrakona,25.000000,90.816704
4217,North Katuli,,Chittagong,23.975000,90.625000
4761,Hnila,,Cox’s Bazar,20.866699,92.300003
8501,Hularhat,,Pirojpur,22.496700,90.171700
1632,Radhaganj bazar,,Narshingdi,22.700001,90.416702
8560,Mathbaria,,Pirojpur,22.299999,89.949997
9290,Madinabad,,Khulna,22.766701,89.419197
5141,Lahiri,,Thakurgaon,23.716700,89.883301
6201,Rajshahi Court,,Rajshahi,25.166700,89.449997
6760,Ullapara,,Sirajganj,24.316700,89.566704
1521,Betkahat,,Munshiganj,23.455601,90.466698
1942,M.C. College,,Tangail,24.100000,90.133301
2281,Sohagi,,Mymensingh,24.700001,90.666702
4301,Shiberhat,,Chittagong,22.467800,91.456100
4327,Korerhat,,Chittagong,22.857401,91.533203
8110,Kotalipara,,Gopalganj,23.147200,89.908302
8274,Langutia,,Barishal,22.922199,90.461098
3310,Bahubal,,Hobiganj,24.370001,91.540001
3845,Thanar Hat,,Noakhali,23.355101,90.523003
5870,Kahalu,,Bogra,24.785000,89.445000
5880,Dupchachia,,Bogra,24.833300,89.183296
8522,Kaurikhara,,Pirojpur,22.683300,90.099998
1217,Shantinagr TSO,,Dhaka,23.726000,90.425102
3374,Inathganj,,Hobiganj,24.650000,91.566704
3877,Karihati,,Noakhali,23.033300,91.000000
5110,Pirganj,,Thakurgaon,25.866699,88.366699
6710,Kazipur,,Sirajganj,23.916700,90.216698
2411,Shamgonj,,Netrakona,25.083300,90.516701
3440,Nasirnagar,,Brahmanbaria,24.016500,91.041603
9430,Debbhata,,Satkhira,22.840300,89.197197
3124,Goala Bazar,,Sylhet,23.057600,91.422600
3861,Kallyandi,,Noakhali,23.015600,91.223297
4213,Wazedia,,Chittagong,23.975000,90.625000
1360,Demra,,Dhaka,24.033300,90.633301
2203,Shombhuganj,,Mymensingh,23.183300,90.133301
2417,Sakoai,,Netrakona,25.083300,90.516701
2470,Atpara,,Netrakona,24.799999,90.866699
3102,Sylhet Biman Bondar,,Sylhet,23.683300,91.025002
5851,Gosaibari,,Bogra,24.633301,90.016701
6300,Chapinawbganj Sadar,,Chapinawabganj,24.522200,88.522202
7513,Naldi,,Narail,23.700001,90.099998
8222,Jugirkanda,,Barishal,22.850000,90.166702
8603,Rahimabad,,Patuakhali,22.750000,89.266701
3123,Tajpur,,Sylhet,23.650000,90.599998
4354,Harualchhari,,Chittagong,22.676001,91.802399
6620,Ishwardi,,Pabna,23.616699,89.766701
8241,Gaila,,Barishal,22.950001,90.183296
9400,Satkhira Sadar,,Satkhira,22.840300,89.197197
9461,Baradal,,Satkhira,22.516701,89.233299
3373,Digalbak,,Hobiganj,24.608299,91.541702
3879,Bansa Bazar,,Noakhali,23.133301,90.949997
4300,Sandwip,,Chittagong,22.467800,91.456100
7021,Khoksa,,Kustia,24.450001,88.883301
7430,Sarsa,,Jessore,23.066700,88.949997
7850,Madukhali,,Faridpur,23.271400,89.807098
1524,Hasail,,Munshiganj,23.433300,90.449997
2240,Bhaluka,,Mymensingh,23.799999,89.216698
7200,Chuadanga Sadar,,Chuadanga,23.716700,88.916702
7932,Bahadurpur,,Madaripur,23.916700,89.883301
9401,Satkhira Islamia Acc,,Satkhira,22.840300,89.197197
4381,Gachbaria,,Chittagong,22.075600,92.051399
5881,Talora,,Bogra,24.833300,89.183296
7900,Madaripur Sadar,,Madaripur,23.666700,90.761101
8311,Hajipur,,Bhola,22.916700,91.150002
4221,Al- Amin Baria Madra,,Chittagong,23.975000,90.625000
8121,Patgati,,Gopalganj,22.883301,89.916702
8141,Batkiamari,,Gopalganj,23.400000,90.016701
3088,Islamabad,,Sunamganj,23.416700,90.716698
3540,Muradnagar,,Comilla,23.483299,90.883301
5420,Taraganj,,Rangpur,24.866699,90.083298
8601,Moukaran,,Patuakhali,22.750000,89.266701
6281,Arani,,Rajshahi,24.283300,88.866699
1811,Baliati,,Manikganj,23.983299,90.050003
3333,Saihamnagar,,Hobiganj,24.383301,91.458298
4349,B.I.T Post Office,,Chittagong,22.954700,91.485100
4367,Sakpura,,Chittagong,22.358101,91.921097
4391,Khan Bahadur,,Chittagong,22.092699,91.996399
1100,Dhaka Main PO,,Dhaka,23.999599,90.422203
2301,Kishoreganj S.Mills,,Kishoreganj,23.450001,90.566704
4219,Chitt. Customs Acca,,Chittagong,23.975000,90.625000
4346,Guzra Noapara,,Chittagong,22.954700,91.485100
8510,Kaukhali,,Pirojpur,22.633301,90.066704
9351,Mongla Port,,IBH WAs Here,22.852100,89.800003
9361,Barabaria,,IBH WAs Here,22.850000,89.866699
3860,Senbag,,Noakhali,23.015600,91.223297
5230,Khansama,,Dinajpur,24.633301,89.512497
7301,Jinaidaha Cadet College,,Jinaidaha,23.466700,89.138901
7320,Shailakupa,,Jinaidaha,23.616699,89.316704
8562,Halta,,Pirojpur,22.600000,90.400002
1532,Haldia SO,,Munshiganj,23.450001,90.324997
4377,Paroikora,,Chittagong,22.246500,91.884201
7512,Itna,,Narail,23.983299,90.783302
7630,Mohammadpur,,Magura,23.166700,89.050003
8233,Batajor,,Barishal,22.900000,90.266701
2234,Duttarbazar,,Mymensingh,24.691700,89.958298
2490,Madan,,Netrakona,24.700001,90.966698
7400,Jessore Sadar,,Jessore,23.154200,89.262497
8212,Chandpasha,,Barishal,23.225000,90.458298
8231,Tarki Bandar,,Barishal,22.900000,90.266701
8541,Sriramkathi,,Pirojpur,22.416700,90.716698
8720,Patharghata,,Barguna,22.033300,89.966698
3843,Dauti,,Noakhali,23.355101,90.523003
3923,Rajapur,,Feni,23.466700,91.150002
7220,Damurhuda,,Chuadanga,23.483299,88.883301
9455,Habinagar,,Satkhira,22.766701,90.400002
1600,Narshingdi Sadar,,Narshingdi,23.927799,90.694397
1831,Jhitka,,Manikganj,23.903700,89.849998
3165,Chandanpur,,Sylhet,24.116699,90.816704
4397,Padua,,Chittagong,22.053301,92.109398
5103,Ruhia,,Thakurgaon,25.016701,89.316704
8213,Madhabpasha,,Barishal,23.225000,90.458298
1311,Dhaka Jute Mills,,Dhaka,23.725000,90.316704
1463,Nagri,,Narayanganj,23.799999,90.561096
1553,Hashara,,Munshiganj,23.658300,89.887497
3403,Ashuganj Share,,Brahmanbaria,24.033300,91.016701
5240,Chrirbandar,,Dinajpur,24.633301,89.512497
5830,Sariakandi,,Bogra,24.883301,89.566704
1219,KhilgaonTSO,,Dhaka,23.751801,90.425400
1541,Kola,,Munshiganj,23.000000,89.099998
3731,Hajirghat,,Lakshmipur,23.507099,90.252403
4350,Fatikchhari,,Chittagong,22.725000,91.767502
5630,Chilmari,,Kurigram,25.549999,89.716698
6570,Badalgachhi,,Naogaon,24.950001,88.900002
8040,Damudhya,,Shariatpur,23.413900,90.220497
8260,Barajalia,,Barishal,22.951000,90.425003
1215,Tejgaon TSO,,Dhaka,23.768700,90.390099
2205,Pearpur,,Mymensingh,23.183300,90.133301
3129,Natun Bazar,,Sylhet,21.530600,91.940300
3921,Dudmukha,,Feni,23.466700,91.150002
5650,Rajibpur,,Kurigram,24.716700,90.516701
8513,Jolagati,,Pirojpur,22.633301,90.066704
4550,Bilaichhari,,Rangamati,22.516701,92.333298
6596,Ahsanganj,,Naogaon,23.891701,89.500000
8001,Angaria,,Shariatpur,22.716700,90.466698
3903,Laskarhat,,Feni,23.266701,91.150002
3941,Shuarbazar,,Feni,22.870100,91.664398
8000,Shariatpur Sadar,,Shariatpur,22.991699,90.391701
8360,Hajirhat,,Bhola,22.969000,90.927597
9412,Jhaudanga,,Satkhira,22.816700,89.050003
1000,Dhaka GPO,,Dhaka,23.729000,90.411201
1223,DilkushaTSO,,Dhaka,23.882200,90.457603
1522,Baligao,,Munshiganj,23.455601,90.466698
3220,Kamalganj,,Moulvibazar,24.383301,91.916702
8630,Dashmina,,Patuakhali,22.583300,90.177803
1803,Mahadebpur,,Manikganj,23.150000,89.133301
3087,jahidpur,,Sunamganj,24.833300,91.650002
3161,Dhaka Dakkhin,,Sylhet,23.216101,91.356903
6540,Patnitala,,Naogaon,25.049999,88.766701
7722,Ratandia,,Rajbari,23.766701,89.500000
5621,Bazarhat,,Kurigram,24.900000,89.400002
8332,Gazaria,,Bhola,23.092501,90.743599
8710,Amtali,,Barguna,22.299999,90.099998
3360,Azmireeganj,,Hobiganj,24.298100,91.259300
5290,Osmanpur,,Dinajpur,23.233299,89.216698
6682,Kashinathpur,,Pabna,23.966700,89.616699
7600,Magura Sadar,,Magura,23.683300,89.103302
7930,Barhamganj,,Madaripur,23.666700,89.708298
8301,Joynagar,,Bhola,23.383301,91.016701
1704,National University,,Gazipur,23.983299,90.400002
5101,Thakurgaon Road,,Thakurgaon,25.016701,89.316704
5440,Kaunia,,Rangpur,24.850000,90.233299
6280,Bagha,,Rajshahi,24.283300,88.866699
6420,Gopalpur U.P.O,,Natore,24.250000,88.983299
1820,Singair,,Manikganj,24.333300,90.033302
7612,Nachol,,Magura,24.733299,88.416702
9270,Chalna Bazar,,Khulna,22.483299,89.516701
1951,Kochua,,Tangail,24.666700,88.883301
3107,Jalalabad,,Sylhet,24.066700,90.916702
4388,Bazalia,,Chittagong,22.075600,92.051399
9291,Amadee,,Khulna,22.766701,89.419197
9302,Rangdia,,IBH WAs Here,22.852100,89.800003
3175,Churkai,,Sylhet,24.816700,92.116699
3841,Nandiapara,,Noakhali,23.355101,90.523003
6303,Amnura,,Chapinawabganj,24.616699,88.416702
1554,Kolapara,,Munshiganj,23.500000,90.250000
1800,Manikganj Sadar,,Manikganj,23.372200,89.322197
1983,Dhalapara,,Tangail,24.883301,90.849998
2020,Islampur,,Jamalpur,24.683300,89.966698
2320,Hossenpur,,Kishoreganj,23.266701,90.699997
6551,Porsa,,Naogaon,25.033300,88.449997
8741,Darul Ulam,,Barguna,22.427200,91.971100
8282,Padri Shibpur,,Barishal,22.799999,90.558296
8512,Joykul,,Pirojpur,22.633301,90.066704
9414,Khordo,,Satkhira,23.100000,89.063301
1205,New Market TSO,,Dhaka,23.743299,90.384102
3825,Jamidar Hat,,Noakhali,23.463100,90.941597
3835,Oachhekpur,,Noakhali,23.029699,91.096901
6430,Harua,,Natore,24.650000,90.616699
6712,Gandail,,Sirajganj,23.916700,90.216698
1460,Rupganj,,Narayanganj,23.799999,90.561096
3350,Baniachang,,Hobiganj,24.516701,91.366699
3842,Khalishpur,,Noakhali,23.500000,89.733299
8284,kalaskati,,Barishal,22.516701,90.349998
9252,Chuknagar,,Khulna,22.833300,89.300003
7431,Benapole,,Jessore,23.049999,88.900002
1461,Kanchan,,Narayanganj,23.833300,90.566704
1650,Monohordi,,Narshingdi,24.125000,90.733299
1903,Korotia,,Tangail,23.983299,88.824997
3801,Noakhali College,,Noakhali,23.233299,90.966698
6341,Kansart,,Chapinawabganj,24.677799,88.419403
1526,Pura EDSO,,Munshiganj,23.455601,90.466698
2360,Nikli,,Kishoreganj,24.333300,90.949997
3116,Fenchuganj,,Sylhet,24.700001,91.949997
5100,Thakurgaon Sadar,,Thakurgaon,25.016701,89.316704
7920,Kalkini,,Madaripur,23.100000,90.266701
4430,Mahalchhari,,Khagrachari,22.916700,92.033302
4702,Eidga,,Cox’s Bazar,21.339399,92.099098
8620,Bauphal,,Patuakhali,22.416700,90.550003
1555,Kumarbhog,,Munshiganj,23.783300,89.266701
3128,Gaharpur,,Sylhet,23.057600,91.422600
3847,Amisha Para,,Noakhali,23.355101,90.523003
4218,Chitt. Sailers Colon,,Chittagong,23.975000,90.625000
4337,Nuralibari,,Chittagong,22.505301,91.811096
9280,Paikgachha,,Khulna,22.583300,89.333298
1400,Narayanganj Sadar,,Narayanganj,23.721901,90.578903
3125,Begumpur,,Sylhet,23.057600,91.422600
5640,Roumari,,Kurigram,25.238899,89.819397
7102,Mujib Nagar Complex,,Meherpur,23.750000,88.699997
8130,Kashiani,,Gopalganj,23.233299,89.750000
1346,Kashem Cotton Mills,,Dhaka,24.313700,89.608902
4762,St.Martin,,Cox’s Bazar,20.866699,92.300003
9384,Nagarkandi,,IBH WAs Here,22.883301,89.733299
8251,Kazirchar,,Barishal,22.951000,90.425003
1213,Banani TSO,,Dhaka,23.793100,90.404800
1853,Uthli,,Manikganj,23.816700,89.766701
5401,Rangpur Upa-Shahar,,Rangpur,25.133301,89.608299
7406,Basundia,,Jessore,23.116699,89.383301
7700,Rajbari Sadar,,Rajbari,23.713900,89.613899
4355,Narayanhat,,Chittagong,22.676001,91.802399
4710,Gorakghat,,Cox’s Bazar,21.339399,92.099098
5460,Mithapukur,,Rangpur,25.566700,89.266701
1511,Hossendi,,Munshiganj,23.674999,90.550003
1527,Pura,,Munshiganj,23.455601,90.466698
2316,Tarial,,Kishoreganj,24.466700,90.866699
3174,Salia bazar,,Sylhet,24.816700,92.116699
3713,Haydarganj,,Lakshmipur,23.666700,90.033302
6310,Nachol,,Chapinawabganj,24.733299,88.416702
9321,Sannasi Bazar,,IBH WAs Here,22.852100,89.800003
9420,Taala,,Satkhira,22.766701,89.166702
3060,Jagnnathpur,,Sunamganj,24.401899,91.096298
3170,Bianibazar,,Sylhet,24.816700,92.116699
4590,Marishya,,Rangamati,22.506599,92.159698
9203,BIT Khulna,,Khulna,22.766701,89.419197
1620,Shibpur,,Narshingdi,24.033300,90.733299
5281,Daudpur,,Dinajpur,25.400000,89.116699
5542,Burimari,,Lalmonirhat,26.400000,88.933296
7210,Alamdanga,,Chuadanga,23.683300,89.383301
9340,Rampal,,IBH WAs Here,23.533300,90.516701
5631,Jorgachh,,Kurigram,25.549999,89.716698
2120,Jhinaigati,,Sherpur,25.058300,90.116699
3807,Kabirhat,,Noakhali,23.233299,90.966698
4207,Firozshah,,Chittagong,23.975000,90.625000
4333,Katirhat,,Chittagong,22.505301,91.811096
4351,Nanupur,,Chittagong,22.626900,91.837196
8602,Dumkee,,Patuakhali,22.750000,89.266701
8730,Bamna,,Barguna,22.316700,90.099998
1982,D. Pakutia,,Tangail,24.883301,90.849998
2303,Nilganj,,Kishoreganj,22.566700,90.383301
2456,Moddoynagar,,Netrakona,24.861900,90.840500
3811,Chaprashir Hat,,Noakhali,23.184099,90.915703
7631,Binodpur,,Magura,23.433300,89.500000
5200,Dinajpur Sadar,,Dinajpur,24.633301,89.512497
5470,Pirganj,,Thakurgaon,25.866699,88.366699
5910,Panchbibi,,Joypurhat,24.900000,89.099998
6670,Sathia,,Pabna,23.896700,89.610001
1612,Char Sindhur,,Narshingdi,23.933300,90.633301
3240,Rajnagar,,Moulvibazar,24.896700,91.871696
7461,Rajghat,,Jessore,23.183300,89.233299
7730,Baliakandi,,Rajbari,23.716700,89.716698
8230,Gouranadi,,Barishal,22.900000,90.266701
1432,LN Mills,,Narayanganj,23.721901,90.578903
2031,Dewangonj S. Mills,,Jamalpur,24.428301,89.896698
3418,Salimganj,,Brahmanbaria,24.019400,90.924400
5821,Sukhanpukur,,Bogra,24.933300,89.500000
7804,Shriangan,,Faridpur,23.191700,90.158302
1852,Tewta,,Manikganj,23.816700,89.766701
4343,Gahira,,Chittagong,22.517799,91.874702
7520,Kalia,,Narail,24.250000,90.066704
1938,Salimabad,,Tangail,23.750000,90.800003
3572,Bipulasar,,Comilla,23.083300,91.099998
3912,Daraga Hat,,Feni,23.030001,91.506897
5220,Birganj,,Dinajpur,25.850000,88.666702
6740,Belkuchi,,Sirajganj,24.283300,89.716698
1348,Amin Bazar,,Dhaka,24.313700,89.608902
1914,Hinga Nagar,,Tangail,24.033300,89.970802
1915,Lowhati,,Tangail,24.033300,89.970802
2330,Katiadi,,Kishoreganj,23.483299,89.741699
3518,Dashpara,,Comilla,23.289700,90.981400
7510,Laxmipasha,,Narail,23.850000,90.233299
1312,Ati,,Dhaka,23.716700,90.349998
3732,Ramgatirhat,,Lakshmipur,23.507099,90.252403
3870,Chatkhil,,Noakhali,23.133301,90.949997
8202,Saheberhat,,Barishal,22.866699,90.405602
5610,Rajarhat,,Kurigram,25.238899,89.819397
8002,Chikandi,,Shariatpur,23.266701,90.316704
1330,Joypara,,Dhaka,23.618900,90.126099
1730,kapashia,,Gazipur,24.090700,90.487801
2140,Bakshigonj,,Sherpur,25.058300,90.116699
2250,Phulpur,,Mymensingh,24.950001,90.250000
4531,Chandraghona,,Rangamati,22.475800,92.138100
3460,Kasba,,Brahmanbaria,24.166700,90.783302
4340,Rouzan,,Chittagong,22.954700,91.485100
6400,Natore Sadar,,Natore,24.637501,89.800003
8270,Mahendiganj,,Barishal,22.922199,90.461098
9251,Ghonabanda,,Khulna,22.744400,89.311096
4342,Kundeshwari,,Chittagong,22.954700,91.485100
8132,Ratoil,,Gopalganj,23.233299,89.750000
1710,Monnunagar,,Gazipur,24.090700,90.487801
3162,Dakkhin Bhadashore,,Sylhet,23.216101,91.356903
4203,Chawkbazar,,Chittagong,23.975000,90.625000
4212,Chandgaon,,Chittagong,23.883301,90.333298
4311,Baroidhala,,Chittagong,22.504700,91.709099
3160,Gopalgannj,,Sylhet,23.216101,91.356903
3163,Ranaping,,Sylhet,23.216101,91.356903
9253,Shahapur,,Khulna,22.583300,89.199997
8340,Charfashion,,Bhola,22.969000,90.927597
9100,Khula Sadar,,Khulna,22.817400,89.564796
2401,Baikherhati,,Netrakona,24.861900,90.840500
3415,Shahapur,,Brahmanbaria,23.966700,90.833298
6763,Salap,,Sirajganj,24.283300,89.633301
7011,Panti,,Kustia,23.766701,89.216698
8272,Ulania,,Barishal,22.850000,90.599998
1502,Mirkadim,,Munshiganj,23.549999,90.416702
4310,Sitakunda,,Chittagong,22.620001,91.657799
8624,Kalaia,,Patuakhali,22.383301,90.599998
1904,Purabari,,Tangail,23.983299,88.824997
2380,Ostagram,,Kishoreganj,23.653700,90.564796
3133,Deokalas,,Sylhet,23.751400,91.194901
7460,Noapara,,Jessore,23.183300,89.233299
9310,Kachua,,IBH WAs Here,22.883301,90.216698
4700,Coxs Bazar Sadar,,Cox’s Bazar,21.339399,92.099098
6762,Lahiri Mohanpur,,Sirajganj,24.299999,89.599998
2001,Nandina,,Jamalpur,24.866699,90.066704
3065,Shiramsi,,Sunamganj,24.401899,91.096298
3223,Shamsher Nagar,,Moulvibazar,24.383301,91.916702
4450,Matiranga,,Khagrachari,23.121901,91.876701
4570,Barakal,,Rangamati,22.506599,92.159698
1231,Uttara Model TwonTSO,,Dhaka,23.873199,90.388298
2440,Barhatta,,Netrakona,24.883301,90.866699
3105,Silam,,Sylhet,23.683300,91.025002
4205,Chittagong Airport,,Chittagong,23.975000,90.625000
8050,Gosairhat,,Shariatpur,23.100300,90.456100
8250,Muladi,,Barishal,22.951000,90.425003
1462,Bhulta,,Narayanganj,23.783300,90.566704
2012,Malancha,,Jamalpur,23.850000,90.016701
2450,Dharampasha,,Netrakona,24.861900,90.840500
3931,Motiganj,,Feni,22.860600,91.442802
6212,Shyampur,,Rajshahi,23.816700,88.699997
5930,kalai,,Joypurhat,24.900000,89.199997
6700,Sirajganj Sadar,,Sirajganj,23.733299,89.483299
8133,Jonapur,,Gopalganj,23.233299,89.750000
1610,Palash,,Narshingdi,23.933300,90.633301
2420,Susnng Durgapur,,Netrakona,24.861900,90.840500
3182,Manikganj,,Sylhet,23.855301,90.012497
3701,Dalal Bazar,,Lakshmipur,23.924999,89.783302
5300,Nilphamari Sadar,,Nilphamari,25.427799,89.166702
7050,Rafayetpur,,Kustia,23.900000,89.143799
8431,Amua,,Jhalokathi,22.383301,90.083298
9413,Hamidpur,,Satkhira,23.150000,89.250000
2222,Ram Amritaganj,,Mymensingh,24.533300,90.500000
4225,Halishshar,,Chittagong,23.975000,90.625000
4331,Chitt.University,,Chittagong,22.505301,91.811096
5030,Tetulia,,Panchagarh,24.466700,88.566704
5710,Saadullapur,,Gaibandha,25.000000,89.033302
6591,Kashimpur,,Naogaon,23.883301,89.183296
7401,Jessore Upa-Shahar,,Jessore,23.154200,89.262497
9282,Kapilmoni,,Khulna,22.577801,89.283302
1450,Araihazar,,Narayanganj,23.791700,90.664398
2200,Mymensingh Sadar,,Mymensingh,23.183300,90.133301
3252,Dhakkhinbag,,Moulvibazar,24.659300,91.611000
3531,Gangamandal,,Comilla,23.320700,91.097298
3582,Chhariabazar,,Comilla,23.108299,91.275002
6000,Rajshahi Sadar,,Rajshahi,24.364401,88.604897
9230,Terakhada,,Khulna,22.933300,89.666702
9383,Charkulia,,IBH WAs Here,22.650000,89.375000
1974,Elinga,,Tangail,24.308300,90.400002
3020,Sachna,,Sunamganj,25.016701,91.233299
3703,Mandari,,Lakshmipur,23.266701,90.750000
3720,Ramganj,,Lakshmipur,23.100000,90.849998
3822,Banglabazar,,Noakhali,23.463100,90.941597
9311,Sonarkola,,IBH WAs Here,22.883301,90.216698
1214,Basabo TSO,,Dhaka,23.741800,90.427696
3541,Ramchandarpur,,Comilla,23.475000,90.816704
3702,Bhabaniganj,,Lakshmipur,24.583300,88.816704
4360,Rangunia,,Chittagong,22.467199,92.061096
9261,Surkalee,,Khulna,22.766701,89.419197
3431,Shahbajpur,,Brahmanbaria,24.049999,91.233299
3862,Beezbag,,Noakhali,23.015600,91.223297
3902,Sharshadie,,Feni,23.266701,91.150002
3864,Chatarpaia,,Noakhali,23.015600,91.223297
6511,Manda,,Naogaon,24.783300,88.699997
6640,Bhangura,,Pabna,23.896700,89.610001
7230,Doulatganj,,Chuadanga,23.666700,89.020798
4460,Manikchhari,,Khagrachari,22.862499,91.845001
8641,Gazipur Bandar,,Patuakhali,24.100000,90.300003
9208,Khulna University,,Khulna,22.766701,89.419197
1631,Bazar Hasnabad,,Narshingdi,22.700001,90.416702
3126,Omarpur,,Sylhet,22.983299,91.316704
4209,Chitt. Politechnic In,,Chittagong,23.975000,90.625000
4216,Halishahar,,Chittagong,23.975000,90.625000
4224,Rampura TSO,,Chittagong,23.975000,90.625000
1913,Elasin,,Tangail,24.133301,89.900002
5760,Phulchhari,,Gaibandha,25.183300,89.616699
8564,Tiarkhali,,Pirojpur,22.375000,90.137497
7500,Narail Sadar,,Narail,24.333300,90.066704
1207,Mohammadpur Housing,,Dhaka,23.770100,90.362801
2100,Sherpur Shadar,,Sherpur,25.058300,90.116699
3104,Jamalpur Cantoment,,Sylhet,23.683300,91.025002
3191,Ichhamati,,Sylhet,24.583300,90.516701
3544,Sonakanda,,Comilla,23.466700,90.750000
7931,Nilaksmibandar,,Madaripur,23.666700,89.708298
8432,Niamatee,,Jhalokathi,22.400000,90.108299
9371,Mansa,,IBH WAs Here,22.799999,89.683296
1324,Khalpar,,Dhaka,23.633301,90.300003
1830,Lechhraganj,,Manikganj,23.903700,89.849998
1996,Madhupur,,Tangail,25.683300,89.666702
3833,Khalafat Bazar,,Noakhali,23.029699,91.096901
3942,Fulgazi,,Feni,23.118099,91.479698
2053,Jagannath Ghat,,Jamalpur,24.674999,89.783302
2390,Itna,,Kishoreganj,23.983299,90.783302
3331,Itakhola,,Hobiganj,24.150000,91.366699
7860,Boalmari,,Faridpur,22.566700,89.099998
7861,Rupatpat,,Faridpur,22.566700,89.099998
1361,Sarulia,,Dhaka,23.833300,90.333298
1533,Haridia DESO,,Munshiganj,23.450001,90.324997
2216,Fulbaria,,Mymensingh,24.066700,90.616699
2370,MIthamoin,,Kishoreganj,22.966700,91.166702
6340,Shibganj U.P.O,,Chapinawabganj,24.677799,88.419403
5282,Gopalpur,,Dinajpur,25.466700,89.150002
6290,Godagari,,Rajshahi,24.466700,88.333298
6401,Digapatia,,Natore,24.637501,89.800003
8100,Gopalganj Sadar,,Gopalganj,23.066700,89.833298
2233,Kandipara,,Mymensingh,24.366699,90.599998
3911,Maharajganj,,Feni,23.030001,91.506897
4701,Zhilanja,,Cox’s Bazar,21.339399,92.099098
5130,Jibanpur,,Thakurgaon,24.916700,90.933296
1421,Fatulla Bazar,,Narayanganj,23.721901,90.578903
1950,Sakhipur,,Tangail,24.299999,90.183296
5600,Kurigram Sadar,,Kurigram,25.716700,89.583298
6752,Sthal,,Sirajganj,24.200001,89.733299
7032,Amla Sadarpur,,Kustia,23.891701,89.000000
1503,Kathakhali,,Munshiganj,23.549999,90.416702
4510,Kalampati,,Rangamati,22.545000,91.936897
5120,Rani Sankail,,Thakurgaon,24.879200,89.625000
5800,Bogra Sadar,,Bogra,24.785000,89.445000
5700,Gaibandha Sadar,,Gaibandha,25.068800,89.391701
8401,Nabagram,,Jhalokathi,22.716700,90.233299
1211,Posta TSO,,Dhaka,23.819599,90.363998
1748,Boubi,,Gazipur,24.424999,90.541702
2302,Maizhati,,Kishoreganj,24.333300,90.750000
3340,Kalauk,,Hobiganj,23.350000,90.333298
3839,Nadona,,Noakhali,23.029699,91.096901
1990,Gopalpur,,Tangail,25.466700,89.150002
3302,Gopaya,,Hobiganj,24.383301,91.416702
4321,Abutorab,,Chittagong,22.857401,91.533203
6601,Kaliko Cotton Mills,,Pabna,23.896700,89.610001
8273,Nalgora,,Barishal,22.866699,90.650002
1232,Dhania TSO,,Dhaka,23.711700,90.446297
2310,Karimganj,,Kishoreganj,24.466700,90.866699
3000,Sunamganj Sadar,,Sunamganj,24.475000,90.633301
3402,Ashuganj,,Brahmanbaria,24.033300,91.016701
3890,Hatiya,,Noakhali,22.404400,91.125298
1440,Baidder Bazar,,Narayanganj,23.721901,90.578903
1558,Bhaggyakul,,Munshiganj,23.658300,89.887497
3224,Munshibazar,,Moulvibazar,24.383301,91.916702
7402,Chanchra,,Jessore,23.133301,89.216698
9285,Garaikhali,,Khulna,22.577801,89.283302
9421,Patkelghata,,Satkhira,22.766701,89.166702
1840,Gheor,,Manikganj,23.903700,89.849998
3063,Hasan Fatemapur,,Sunamganj,24.401899,91.096298
5311,Syedpur Upashahar,,Nilphamari,25.427799,89.166702
6602,Hamayetpur,,Pabna,23.896700,89.610001
6772,Jamirta,,Sirajganj,23.766701,90.199997
1222,BangabhabanTSO,,Dhaka,23.907200,90.459900
2280,Isshwargonj,,Mymensingh,24.658300,90.699997
7710,Goalanda,,Rajbari,23.716700,89.766701
9220,Digalia,,Khulna,22.941700,89.558296
6780,Tarash,,Sirajganj,24.416700,89.366699
8131,Ramdia College,,Gopalganj,23.233299,89.750000
8242,Paisarhat,,Barishal,22.950001,90.183296
7404,Jessore Airbach,,Jessore,23.154200,89.262497
1331,Palamganj,,Dhaka,23.542801,90.254700
1822,joymantop,,Manikganj,24.316700,90.275002
1851,Aricha,,Manikganj,23.816700,89.766701
3231,Tillagaon,,Moulvibazar,24.566700,91.349998
3710,Raypur,,Lakshmipur,23.666700,90.033302
2220,Trishal,,Mymensingh,24.533300,90.500000
3712,Nagerdighirpar,,Lakshmipur,23.666700,90.033302
4383,Barma,,Chittagong,22.075600,92.051399
3583,Gunabati,,Comilla,23.100000,91.316704
3881,Sahapur,,Noakhali,23.400000,90.766701
4760,Teknaf,,Cox’s Bazar,20.866699,92.300003
1206,Dhaka CantonmentTSO,,Dhaka,23.817900,90.410301
1325,Churain,,Dhaka,23.616699,90.216698
1930,Kashkawlia,,Tangail,23.708300,90.716698
1997,Dhobari,,Tangail,25.575001,89.408302
2051,Gunerbari,,Jamalpur,24.816700,89.783302
5201,Dinajpur Rajbari,,Dinajpur,24.633301,89.512497
8502,Parerhat,,Pirojpur,22.496700,90.171700
4370,Patia Head Office,,Chittagong,22.246500,91.884201
3530,Davidhar,,Comilla,23.320700,91.097298
3550,Chouddagram,,Comilla,23.253599,91.304703
3851,Charhajari,,Noakhali,23.184099,90.915703
6205,Rajshahi University,,Rajshahi,25.166700,89.449997
6512,Balihar,,Naogaon,24.216700,88.833298
8281,Charamandi,,Barishal,22.799999,90.558296
9224,Gazirhat,,Khulna,23.000000,89.566704
1711,Nishat Nagar,,Gazipur,24.090700,90.487801
1940,Mirzapur,,Tangail,24.100000,90.099998
2300,Kishoreganj Sadar,,Kishoreganj,23.450001,90.566704
5000,Panchagar Sadar,,Panchagarh,24.275000,88.750000
6410,Laxman,,Natore,24.637501,89.800003
1712,Ershad Nagar,,Gazipur,24.090700,90.487801
3570,Laksam,,Comilla,23.247200,91.142502
7040,Bheramara,,Kustia,24.033300,88.966698
1310,Keraniganj,,Dhaka,23.725000,90.316704
4376,Anowara,,Chittagong,22.243299,91.879997
5301,Nilphamari Sugar Mil,,Nilphamari,25.427799,89.166702
5942,Tilakpur,,Joypurhat,24.900000,89.000000
9431,Gurugram,,Satkhira,22.840300,89.197197
3300,Hobiganj Sadar,,Hobiganj,24.383301,91.416702
3824,Bazra,,Noakhali,24.150000,90.900002
6720,Dhangora,,Sirajganj,24.155100,89.944901
7000,Kustia Sadar,,Kustia,23.900000,89.099998
2340,Kuliarchar,,Kishoreganj,23.653700,90.564796
3171,jaldup,,Sylhet,24.816700,92.116699
3401,Talshahar,,Brahmanbaria,24.033300,91.016701
3730,Char Alexgander,,Lakshmipur,23.507099,90.252403
7841,Talma,,Faridpur,23.483299,89.900002
7051,Taragunia,,Kustia,23.900000,89.143799
8342,Keramatganj,,Bhola,22.969000,90.927597
3001,Pagla,,Sunamganj,24.316700,90.566704
3140,Kompanyganj,,Sylhet,23.751400,91.194901
4323,Bharawazhat,,Chittagong,22.857401,91.533203
6680,Bera,,Pabna,24.083300,89.616699
6761,Ullapara R.S,,Sirajganj,24.299999,89.599998
6560,Sapahar,,Naogaon,25.116699,88.683296
7101,Amjhupi,,Meherpur,23.750000,88.699997
3700,Lakshimpur Sadar,,Lakshmipur,23.924999,89.783302
3893,Chourangi Bazar,,Sunamganj,22.404400,91.125298
5840,Sherpur,,Bogra,25.016701,90.016701
6500,Naogaon Sadar,,Naogaon,24.708300,88.818100
6561,Moduhil,,Naogaon,25.116699,88.683296
7321,Kumiradaha,,Jinaidaha,23.616699,89.316704
7471,Gouranagar,,Jessore,23.233299,89.349998
1351,Kamalpur,,Dhaka,24.000000,90.816704
2021,Durmoot,,Jamalpur,24.591700,90.016701
3010,Bishamsapur,,Sunamganj,24.401899,91.096298
3891,Afazia,,Noakhali,22.404400,91.125298
4741,Chiringga S.O,,Cox’s Bazar,21.339399,92.099098
4378,Battali,,Chittagong,22.218300,91.851700
6681,Nakalia,,Pabna,24.033300,89.666702
2341,Chhoysuti,,Kishoreganj,23.653700,90.564796
3704,Keramatganj,,Lakshmipur,23.924999,89.783302
7310,Harinakundu,,Jinaidaha,23.466700,89.138901
4352,Bhandar Sharif,,Chittagong,22.676001,91.802399
6203,Sapura,,Rajshahi,25.166700,89.449997
9453,Buri Goalini,,Satkhira,22.283300,89.216698
3883,Shingbahura,,Noakhali,23.400000,90.766701
5841,Chandaikona,,Bogra,24.549999,89.516701
1605,Karimpur,,Narshingdi,23.883301,90.733299
3232,Langla,,Moulvibazar,24.566700,91.349998
5450,Pirgachha,,Rangpur,24.950001,89.400002
5680,Phulbari,,Kurigram,24.433300,90.016701
1740,Shipur,,Gazipur,24.424999,90.541702
2110,Nalitabari,,Sherpur,25.133301,90.066704
3501,Comilla Contoment,,Comilla,23.320700,91.097298
5351,Ghaga Kharibari,,Nilphamari,26.133301,88.916702
7720,Pangsha,,Rajbari,23.783300,89.433296
6660,Sujanagar,,Pabna,23.783300,89.383301
7711,Khankhanapur,,Rajbari,23.683300,89.699997
8221,Dhamura,,Barishal,22.883301,90.199997
1341,Dairy Farm,,Dhaka,24.313700,89.608902
2350,Bhairab,,Kishoreganj,23.653700,90.564796
5500,Lalmonirhat Sadar,,Lalmonirhat,25.773300,89.196701
5741,Mahimaganj,,Gaibandha,25.068800,89.391701
6210,Lalitganj,,Rajshahi,23.816700,88.699997
8561,Tushkhali,,Pirojpur,22.366699,89.933296
1540,Sirajdikhan,,Munshiganj,22.986401,89.005402
1702,Chandna,,Gazipur,23.983299,90.400002
6623,Rajapur,,Pabna,23.616699,89.766701
7902,Kulpaddi,,Madaripur,23.150000,90.216698
8240,Agailzhara,,Barishal,22.950001,90.183296
6204,Kazla,,Rajshahi,25.166700,89.449997
8010,Jajira,,Shariatpur,24.900000,89.133301
1349,EPZ,,Dhaka,24.313700,89.608902
1722,Santanpara,,Gazipur,23.916700,90.599998
4364,Saroatoli,,Chittagong,22.396601,91.958900
9442,Ratanpur,,Satkhira,23.633301,88.633301
2480,Kendua,,Netrakona,24.666700,90.866699
5400,Rangpur Sadar,,Rangpur,25.133301,89.608299
5530,Hatibandha,,Lalmonirhat,24.850000,89.500000
3237,Baramchal,,Moulvibazar,24.566700,91.349998
6202,Rajshahi Canttonment,,Rajshahi,25.166700,89.449997
6206,Binodpur Bazar,,Rajshahi,25.166700,89.449997
6321,Gomashtapur,,Chapinawabganj,24.816700,88.333298
7440,Monirampur,,Jessore,23.016701,89.233299
3190,Jakiganj,,Sylhet,24.583300,90.516701
9207,Atra Shilpa Area,,Khulna,22.766701,89.419197
5405,Rangpur Carmiecal Col,,Rangpur,25.133301,89.608299
6510,Prasadpur,,Naogaon,24.766701,88.716698
8651,Mahipur,,Patuakhali,21.866699,90.133301
8740,Betagi,,Barguna,22.427200,91.971100
3214,Satgaon,,Moulvibazar,24.883301,91.566704
8022,Gharisar,,Shariatpur,23.266701,90.483299
5601,Pandul,,Kurigram,25.716700,89.583298
7031,Poradaha,,Kustia,23.850000,89.016701
7921,Sahabrampur,,Madaripur,23.100000,90.266701
2054,Pingna,,Jamalpur,24.533300,89.783302
2282,Atharabari,,Mymensingh,24.616699,90.733299
3150,Goainhat,,Sylhet,23.751400,91.194901
3873,Bodalcourt,,Noakhali,23.133301,90.949997
5040,Chotto Dab,,Panchagarh,24.083300,88.933296
8610,Subidkhali,,Patuakhali,22.583300,90.177803
9210,Phultala,,Khulna,22.700001,89.516701
9441,Nalta Mubaroknagar,,Satkhira,23.633301,88.633301
4533,Kaptai Nuton Bazar,,Rangamati,22.482401,92.184303
5102,Shibganj,,Thakurgaon,25.016701,89.316704
5891,Santahar,,Bogra,24.799999,88.983299
7433,Bag Achra,,Jessore,22.966700,88.966698
9385,Pak Gangni,,IBH WAs Here,22.650000,89.375000
1603,Panchdona,,Narshingdi,23.900000,90.650002
4206,Jaldia Merine Accade,,Chittagong,23.975000,90.625000
8700,Barguna Sadar,,Barguna,22.258801,90.437599
1744,Satkhamair,,Gazipur,24.233299,90.500000
6320,Rohanpur,,Chapinawabganj,24.816700,88.333298
9250,Sajiara,,Khulna,22.816700,89.433296
6622,Pakshi,,Pabna,23.616699,89.766701
8565,Betmor Natun Hat,,Pirojpur,22.375000,90.137497
1525,Dighirpar,,Munshiganj,23.416700,90.483299
2202,Agriculture Universi,,Mymensingh,23.183300,90.133301
2260,Haluaghat,,Mymensingh,24.900000,90.599998
3061,Syedpur,,Sunamganj,24.401899,91.096298
3844,Joyag,,Noakhali,23.081900,91.068901
1212,Gulshan Model Town,,Dhaka,23.791599,90.415199
1335,Madini Mandal,,Munshiganj,23.542801,90.254700
3041,Jagdal,,Sunamganj,24.433300,90.699997
4315,Bhatiari,,Chittagong,22.423300,91.740303
6403,Madhnagar,,Natore,24.637501,89.800003
1451,Gopaldi,,Narayanganj,23.783300,90.699997
3714,Bhuabari,,Lakshmipur,23.666700,90.033302
3820,Begumganj,,Noakhali,23.022499,91.074699
3838,Maheshganj,,Noakhali,23.029699,91.096901
4317,Jafrabad,,Chittagong,22.386700,91.757202
1218,Mirpur TSO,,Dhaka,23.823601,90.366096
4320,Mirsharai,,Chittagong,22.864700,91.566399
7020,Janipur,,Kustia,23.799999,89.283302
9202,Doulatpur,,Khulna,22.766701,89.419197
3210,Srimangal,,Moulvibazar,24.883301,91.566704
4386,Satkania,,Chittagong,22.075600,92.051399
5270,Bangla Hili,,Dinajpur,24.633301,89.512497
1332,Narisha,,Dhaka,23.542801,90.254700
1720,Kaliganj,,Gazipur,23.918100,90.564697
1810,Saturia,,Manikganj,23.883301,89.766701
3103,Khadimnagar,,Sylhet,23.683300,91.025002
3121,Karua,,Sylhet,23.057600,91.422600
5711,Naldanga,,Gaibandha,25.000000,89.033302
5761,Bharatkhali,,Gaibandha,25.166700,89.599998
8300,Bhola Sadar,,Bhola,23.383301,91.016701
1601,UMC Jute Mills,,Narshingdi,23.927799,90.694397
3202,Monumukh,,Moulvibazar,24.659300,91.611000
4334,Mirzapur,,Chittagong,22.505301,91.811096
8563,Gulishakhali,,Pirojpur,22.233299,90.266701
2041,Balijhuri,,Jamalpur,24.428301,89.896698
3250,Baralekha,,Moulvibazar,24.659300,91.611000
7610,Shripur,,Magura,24.733299,88.416702
9205,Jahanabad Canttonmen,,Khulna,22.766701,89.419197
9284,Chandkhali,,Khulna,22.516701,89.250000
4348,Mohamuni,,Chittagong,22.954700,91.485100
5502,Kulaghat SO,,Lalmonirhat,25.773300,89.196701
5801,Bogra Canttonment,,Bogra,24.785000,89.445000
5860,Nandigram,,Bogra,24.500000,88.800003
7041,Ganges Bheramara,,Kustia,24.033300,88.966698
1410,Bandar,,Narayanganj,23.600000,90.533302
5810,Shibganj,,Bogra,25.016701,89.316704
7620,Arpara,,Magura,23.750000,89.033302
4500,Rangamati Sadar,,Rangamati,22.506599,92.159698
1320,Nawabganj,,Dhaka,23.660801,90.164398
1347,Rajphulbaria,,Dhaka,24.313700,89.608902
1412,Nabiganj,,Narayanganj,23.616699,90.516701
3113,Lalbazar,,Sylhet,24.741699,91.216698
3420,Banchharampur,,Brahmanbaria,24.016500,91.041603
1414,Madanganj,,Narayanganj,23.583300,90.533302
2221,Ahmadbad,,Mymensingh,24.533300,90.500000
3874,Rezzakpur,,Noakhali,23.133301,90.949997
4000,Chittagong GPO,,Chittagong,22.345501,91.834198
2111,Hatibandha,,Sherpur,25.133301,90.066704
4532,Kaptai Project,,Rangamati,22.482401,92.184303
9343,Gourambha,,IBH WAs Here,23.100000,90.074997
1801,Manikganj Bazar,,Manikganj,23.372200,89.322197
2232,Usti,,Mymensingh,24.691700,89.958298
5341,Chilahati,,Nilphamari,26.233299,88.800003
5941,jamalganj,,Joypurhat,24.900000,89.000000
6597,Bandai,,Naogaon,23.891701,89.500000
9372,Bhanganpar Bazar,,IBH WAs Here,22.791700,89.708298
1544,Shekher Nagar,,Munshiganj,22.986401,89.005402
1902,Santosh,,Tangail,24.816700,88.633301
6730,Baiddya Jam Toil,,Sirajganj,24.155100,89.944901
7822,Bishwa jaker Manjil,,Faridpur,23.883301,89.949997
8350,Hatshoshiganj,,Bhola,22.969000,90.927597
1701,B.R.R,,Gazipur,23.983299,90.400002
3882,Sampara,,Noakhali,23.400000,90.766701
7821,Hat Krishapur,,Faridpur,23.883301,89.949997
7903,Habiganj,,Madaripur,24.383301,91.416702
1413,BIDS,,Narayanganj,23.600000,90.527802
3100,Sylhe Sadar,,Sylhet,23.683300,91.025002
3221,Keramatnaga,,Moulvibazar,24.383301,91.916702
4371,Budhpara,,Chittagong,22.277800,91.920799
4398,Chunti,,Chittagong,22.092699,91.996399
1747,Bashamur,,Gazipur,24.424999,90.541702
4365,Iqbal Park,,Chittagong,22.396601,91.958900
5250,Parbatipur,,Dinajpur,24.816700,88.983299
8142,Khandarpara,,Gopalganj,23.266701,89.866699
8321,Mirzakalu,,Bhola,22.483299,90.800003
1530,Lohajang,,Munshiganj,23.450001,90.349998
1552,Mazpara,,Munshiganj,23.658300,89.887497
3030,Tahirpur,,Sunamganj,23.066700,90.849998
3532,Barashalghar,,Comilla,23.320700,91.097298
4341,Beenajuri,,Chittagong,22.954700,91.485100
9440,Kaliganj UPO,,Satkhira,23.633301,88.633301
3081,Chhatak Cement Facto,,Sunamganj,24.537500,91.454201
3132,Doulathpur,,Sylhet,23.751400,91.194901
4215,Anandabazar,,Chittagong,23.975000,90.625000
6771,Porjana,,Sirajganj,24.150000,89.650002
7521,Mohajan,,Narail,24.250000,90.066704
8013,Chandradighalia,,Gopalganj,24.900000,89.133301
1721,Pubail,,Gazipur,23.933300,90.483299
1960,Bhuapur,,Tangail,24.290800,89.967499
3546,Homna,,Comilla,23.475000,90.816704
4366,Boalkhali,,Chittagong,22.341900,91.918900
5403,Mahiganj,,Rangpur,25.733299,89.300003
9301,P.C College,,IBH WAs Here,22.852100,89.800003
1313,Kalatia,,Dhaka,23.733299,90.283302
1912,Patharail,,Tangail,23.866699,89.949997
3212,Kalighat,,Moulvibazar,24.883301,91.566704
6450,Singra,,Natore,24.866699,89.099998
8223,Dakuarhat,,Barishal,22.987499,90.429199
5340,Domar,,Nilphamari,23.916700,89.783302
5501,Moghalhat,,Lalmonirhat,25.773300,89.196701
5540,Patgram,,Lalmonirhat,25.400000,89.266701
1523,Bajrajugini,,Munshiganj,23.455601,90.466698
1980,Ghatial,,Tangail,24.883301,90.849998
3920,Dagondhuia,,Feni,23.466700,91.150002
4100,Chittagong Bandar,,Chittagong,22.222500,91.841202
4660,Naikhong,,Bandarban,21.912100,92.311897
6610,Debottar,,Pabna,23.896700,89.610001
9341,Foylahat,,IBH WAs Here,23.100000,90.074997
1802,Gorpara,,Manikganj,23.133301,88.966698
4202,Pahartoli,,Chittagong,23.975000,90.625000
6220,Khodmohanpur,,Rajshahi,24.400000,88.852402
5611,Nazimkhan,,Kurigram,25.238899,89.819397
7501,Ratanganj,,Narail,24.333300,90.066704
9204,Siramani,,Khulna,22.766701,89.419197
1745,Kawraid,,Gazipur,24.424999,90.541702
3706,Duttapara,,Lakshmipur,23.924999,89.783302
3800,Noakhali Sadar,,Noakhali,23.233299,90.966698
3821,Choumohani,,Noakhali,23.463100,90.941597
3828,Gopalpur,,Noakhali,23.463100,90.941597
8520,Swarupkathi,,Pirojpur,22.683300,90.099998
8220,Uzirpur,,Barishal,22.833300,90.250000
2290,Nandail,,Mymensingh,24.583300,90.766701
5430,Badarganj,,Rangpur,25.666700,89.050003
5751,saghata,,Gaibandha,25.116699,89.583298
6770,Shahjadpur,,Sirajganj,23.955601,89.966698
7514,Baradia,,Narail,23.866699,89.816704
4345,Fatepur,,Chittagong,23.783300,90.683296
1977,Nagarbari,,Tangail,24.400000,89.916702
3213,Khejurichhara,,Moulvibazar,24.883301,91.566704
3417,Kaitala,,Brahmanbaria,24.019400,90.924400
3451,Azampur,,Brahmanbaria,24.833300,90.983299
3910,Chhagalnaia,,Feni,23.030001,91.506897
9221,Chandni Mahal,,Khulna,22.941700,89.558296
1500,Munshiganj Sadar,,Munshiganj,23.549999,90.416702
2050,Shorishabari,,Jamalpur,24.674999,89.783302
3724,Naagmud,,Lakshmipur,23.258301,90.541702
5231,Pakarhat,,Dinajpur,24.633301,89.512497
7840,Nagarkanda,,Faridpur,23.283300,89.683296
5010,Boda,,Panchagarh,24.275000,88.750000
5831,Chandan Baisha,,Bogra,24.883301,89.566704
5892,Nasharatpur,,Bogra,24.799999,88.983299
1501,Rikabibazar,,Munshiganj,23.549999,90.416702
2210,Muktagachha,,Mymensingh,24.766701,90.233299
2460,Khaliajhri,,Netrakona,24.861900,90.840500
3114,Shahajalal Science &,,Sylhet,24.741699,91.216698
3520,Burichang,,Comilla,23.598101,91.130798
6402,Baiddyabal Gharia,,Natore,24.637501,89.800003
8211,Rahamatpur,,Barishal,23.633301,90.583298
8224,Shikarpur,,Barishal,23.383301,91.099998
9370,Fakirhat,,IBH WAs Here,22.783300,89.733299
3533,Dhamtee,,Comilla,23.320700,91.097298
1321,Hasnabad,,Dhaka,23.650000,90.116699
3827,Sonaimuri,,Noakhali,23.216700,90.849998
6751,Enayetpur,,Sirajganj,23.916700,90.250000
7042,Allardarga,,Kustia,24.033300,88.966698
8523,Jalabari,,Pirojpur,22.683300,90.099998
1322,Daudpur,,Dhaka,23.883301,90.533302
2002,Narundi,,Jamalpur,24.866699,90.133301
2230,Gaforgaon,,Mymensingh,24.691700,89.958298
3351,Jatrapasha,,Hobiganj,24.516701,91.366699
6721,Malonga,,Sirajganj,24.155100,89.944901
6301,Rajarampur,,Chapinawabganj,24.533300,88.483299
6552,Panguria,,Naogaon,25.033300,88.449997
7052,Khasmathurapur,,Kustia,23.900000,89.143799
1651,Hatirdia,,Narshingdi,24.100000,90.699997
1821,Baira,,Manikganj,24.299999,90.516701
3414,Ratanpur,,Brahmanbaria,24.200001,90.966698
3872,Khilpara,,Noakhali,23.316700,90.816704
4392,Gunagari,,Chittagong,22.089701,91.926399
7432,Jadabpur,,Jessore,23.049999,89.000000
2223,Dhala,,Mymensingh,24.533300,90.500000
3120,Balaganj,,Sylhet,24.066700,91.833298
5541,Baura,,Lalmonirhat,26.250000,89.083298
6302,Ramchandrapur,,Chapinawabganj,24.416700,88.666702
6590,Raninagar,,Naogaon,23.900000,89.816704
7330,Kotchandpur,,Jinaidaha,23.466700,89.138901
3419,Jibanganj,,Brahmanbaria,24.019400,90.924400
4630,Thanchi,,Bandarban,21.912100,92.311897
6230,Tanor,,Rajshahi,24.600000,88.583298
6530,Mahadebpur,,Naogaon,24.933300,88.750000
7030,Mirpur,,Kustia,23.933300,88.983299
7731,Nalia,,Rajbari,23.600000,89.633301
7800,Faridpursadar,,Faridpur,23.191700,90.158302
8271,Laskarpur,,Barishal,23.049999,90.133301
1411,D.C Mills,,Narayanganj,23.600000,90.527802
3516,Daudkandi,,Comilla,23.533300,90.716698
3551,Batisa,,Comilla,23.200001,91.316704
3808,Khalifar Hat,,Noakhali,23.233299,90.966698
4353,Najirhat,,Chittagong,22.676001,91.802399
1613,Ghorashal,,Narshingdi,23.933300,90.633301
4222,Middle Patenga,,Chittagong,23.975000,90.625000
4743,Malumghat,,Cox’s Bazar,21.339399,92.099098
8430,Kathalia,,Jhalokathi,22.416700,90.133301
9222,Senhati,,Khulna,22.883301,89.550003
3723,Kanchanpur,,Lakshmipur,23.016701,90.783302
4208,Mohard,,Chittagong,23.975000,90.625000
4470,Laxmichhari,,Khagrachari,22.896099,92.042900
1512,Rasulpur,,Munshiganj,23.533300,90.616699
1652,Katabaria,,Narshingdi,24.150000,90.766701
1742,Rajendrapur Canttome,,Gazipur,24.424999,90.541702
1970,Kalihati,,Tangail,24.308300,90.400002
3122,Brahman Shashon,,Sylhet,23.057600,91.422600
7351,Hatbar Bazar,,Jinaidaha,23.433300,89.183296
9403,Budhhat,,Satkhira,22.840300,89.197197
1557,Baghra,,Munshiganj,23.533300,90.199997
3804,Pak Kishoreganj,,Noakhali,23.233299,90.966698
6773,Kaijuri,,Sirajganj,23.950001,90.050003
7511,Lohagora,,Narail,23.850000,90.233299
3865,T.P. Lamua,,Noakhali,23.015600,91.223297
9271,Dakup,,Khulna,22.483299,89.516701
4324,Joarganj,,Chittagong,22.857401,91.533203
8101,Ulpur,,Gopalganj,23.066700,89.833298
8433,Shoulajalia,,Jhalokathi,22.400000,90.108299
1850,Shibaloy,,Manikganj,23.816700,89.766701
1900,Tangail Sadar,,Tangail,23.983299,88.824997
3083,Gabindaganj,,Sunamganj,24.537500,91.454201
3542,Companyganj,,Comilla,23.475000,90.816704
4316,Fouzdarhat,,Chittagong,22.504700,91.709099
4420,Diginala,,Khagrachari,22.896099,92.042900
8261,Osman Manjil,,Barishal,22.951000,90.425003
1350,Dhamrai,,Dhaka,23.912201,90.268303
3222,Patrakhola,,Moulvibazar,24.383301,91.916702
3933,Kazirhat,,Feni,22.860600,91.442802
4330,Hathazari,,Chittagong,22.505301,91.811096
4335,Fatahabad,,Chittagong,22.505301,91.811096
1743,Barmi,,Gazipur,24.424999,90.541702
3156,Jainthapur,,Sylhet,23.751400,91.194901
4344,jagannath Hat,,Chittagong,22.563101,91.897202
5750,Bonarpara,,Gaibandha,25.183300,89.533302
7420,Jhikargachha,,Jessore,23.116699,89.116699
1531,Korhati,,Munshiganj,23.450001,90.300003
6440,Hatgurudaspur,,Natore,24.637501,89.800003
8420,Nalchhiti,,Jhalokathi,22.633301,90.283302
8550,Bhandaria,,Pirojpur,22.483299,90.066704
7820,Sadarpur,,Faridpur,23.883301,89.949997
1984,Lohani,,Tangail,24.883301,90.849998
3462,Chandidar,,Brahmanbaria,23.837200,91.005302
3940,Pashurampur,,Feni,22.870100,91.664398
4400,Khagrachari Sadar,,Khagrachari,22.896099,92.042900
6550,Nitpur,,Naogaon,25.033300,88.449997
3234,Kajaldhara,,Moulvibazar,24.566700,91.349998
3543,Bangra,,Comilla,23.475000,90.816704
6701,Raipur,,Sirajganj,23.733299,89.483299
8205,Kashipur,,Barishal,23.183300,90.300003
9350,Chalna Ankorage,,IBH WAs Here,22.852100,89.800003
3875,Solla,,Noakhali,23.100000,91.000000
6270,Charghat,,Rajshahi,24.400000,88.852402
7003,Islami University,,Kustia,23.900000,89.099998
1344,Savar Canttonment,,Dhaka,24.313700,89.608902
1534,Gouragonj,,Munshiganj,23.450001,90.324997
3002,Patharia,,Sunamganj,24.633301,90.699997
3211,Narain Chora,,Moulvibazar,24.883301,91.566704
3251,Juri,,Moulvibazar,24.659300,91.611000
1804,Barangail,,Manikganj,23.833300,89.866699
5441,Haragachh,,Rangpur,24.850000,90.233299
7221,Darshana,,Chuadanga,23.483299,88.883301
7830,Bhanga,,Faridpur,23.271400,89.807098
8552,Dhaoa,,Pirojpur,22.450001,90.050003
3517,Gouripur,,Comilla,23.533300,90.816704
3581,Dhalua,,Comilla,23.116699,91.233299
5350,Dimla,,Nilphamari,26.133301,88.916702
8341,Dularhat,,Bhola,22.969000,90.927597
5266,Birampur,,Dinajpur,24.983299,90.466698
7001,Kushtia Mohini,,Kustia,23.900000,89.099998
7407,Churamankathi,,Jessore,23.233299,89.150002
1945,Mohera,,Tangail,24.100000,90.133301
3180,Kanaighat,,Sylhet,23.855301,90.012497
3332,Shahajibazar,,Hobiganj,24.383301,91.458298
3803,Din Monir Hat,,Noakhali,23.233299,90.966698
5260,Phulbari,,Dinajpur,24.433300,90.016701
3112,Kamalbazer,,Sylhet,24.741699,91.216698
3461,Kuti,,Brahmanbaria,23.795000,91.115799
5890,Adamdighi,,Bogra,24.799999,88.983299
5670,Bhurungamari,,Kurigram,26.116699,89.683296
6580,Dhamuirhat,,Naogaon,24.708300,88.818100
1543,Malkha Nagar,,Munshiganj,22.986401,89.005402
1703,B.O.F,,Gazipur,23.983299,90.400002
2337,Sararchar,,Kishoreganj,23.483299,89.741699
3580,Langalkot,,Comilla,23.108299,91.275002
4560,Jarachhari,,Rangamati,22.506599,92.159698
3561,Poyalgachha,,Comilla,23.385799,91.120598
3878,Dosh Gharia,,Noakhali,23.133301,90.949997
4740,Chiringga,,Cox’s Bazar,21.339399,92.099098
8566,Shilarganj,,Pirojpur,22.375000,90.137497
8623,Kalishari,,Patuakhali,22.400000,90.574997
4347,Dewanpur,,Chittagong,22.954700,91.485100
7211,Hardi,,Chuadanga,23.783300,88.900002
7901,Charmugria,,Madaripur,23.666700,90.761101
8280,Sahebganj,,Barishal,23.083300,90.766701
9451,Noornagar,,Satkhira,22.416700,89.504204
6330,Bholahat,,Chapinawabganj,24.950001,88.199997
7723,Mrigibazar,,Rajbari,23.783300,89.433296
8310,Doulatkhan,,Bhola,22.916700,91.150002
1630,Raypura,,Narshingdi,22.700001,90.416702
3131,Dashghar,,Sylhet,23.751400,91.194901
3203,Afrozganj,,Moulvibazar,24.659300,91.611000
3571,Lakshamanpur,,Comilla,23.165300,91.121300
4393,Banigram,,Chittagong,22.315599,91.897202
3463,Chargachh,,Brahmanbaria,23.837200,91.005302
3500,Comilla Sadar,,Comilla,23.320700,91.097298
3848,Durgapur,,Noakhali,23.483299,90.766701
4730,Ramu,,Cox’s Bazar,21.431400,92.105003
5226,Maharajganj,,Dinajpur,25.850000,88.666702
1751,Safipur,,Gazipur,24.033300,90.283302
3705,Rupchara,,Lakshmipur,23.924999,89.783302
8283,Shialguni,,Barishal,22.799999,90.558296
1203,Wari TSO,,Dhaka,23.741501,90.427597
3545,Pantibazar,,Comilla,23.475000,90.816704
7904,Mustafapur,,Madaripur,23.466700,90.650002
9402,Gunakar kati,,Satkhira,22.840300,89.197197
1944,Jarmuki,,Tangail,24.100000,90.133301
3901,Fazilpur,,Feni,23.266701,91.150002
4325,Azampur,,Chittagong,22.850000,91.500000
4338,Yunus Nagar,,Chittagong,22.505301,91.811096
8721,Kakchira,,Barguna,22.216700,90.050003
3253,Purbashahabajpur,,Moulvibazar,24.659300,91.611000
3560,Barura,,Comilla,23.385799,91.120598
8210,Babuganj,,Barishal,22.816700,90.333298
9322,Telisatee,,IBH WAs Here,22.852100,89.800003
1556,Vaggyakul SO,,Munshiganj,23.658300,89.887497
2271,Ramgopalpur,,Mymensingh,24.716700,90.550003
2410,Purbadhola,,Netrakona,25.083300,90.516701
3085,Khurma,,Sunamganj,24.866699,91.783302
8030,Bhedorganj,,Shariatpur,23.413900,90.220497
2013,Mahmoodpur,,Jamalpur,23.566700,89.833298
3084,Gabindaganj Natun Ba,,Sunamganj,24.537500,91.454201
3722,Panpara,,Lakshmipur,23.816700,90.250000
5020,Dabiganj,,Panchagarh,24.275000,88.750000
6432,Baraigram,,Natore,24.716700,90.558296
1911,Jangalia,,Tangail,23.983299,90.066704
5291,Ghoraghat,,Dinajpur,22.883301,90.483299
6422,Abdulpur,,Natore,24.250000,88.983299
1941,Gorai,,Tangail,24.100000,90.166702
1972,Nagbari,,Tangail,24.350000,90.050003
2010,Malandah,,Jamalpur,23.700001,89.744400
2231,Shibganj,,Mymensingh,25.016701,89.316704
2416,Dhobaura,,Netrakona,25.083300,90.516701
1442,Barodi,,Narayanganj,23.721901,90.578903
3321,Chandpurbagan,,Hobiganj,24.225000,91.108299
5140,Baliadangi,,Thakurgaon,23.716700,89.883301
6630,Chatmohar,,Pabna,23.896700,89.610001
7721,Ramkol,,Rajbari,23.799999,89.366699
1936,Nagarpur,,Tangail,23.666700,90.633301
2011,Jamalpur,,Jamalpur,23.683300,89.383301
4223,Export Processing,,Chittagong,23.975000,90.625000
8201,Bukhainagar,,Barishal,22.750000,90.449997
8331,Daurihat,,Bhola,23.092501,90.743599
3932,Ahmadpur,,Feni,22.860600,91.442802
8404,Shekherhat,,Jhalokathi,22.741699,90.199997
3200,Moulvibazar Sadar,,Moulvibazar,24.659300,91.611000
3400,Brahamanbaria Sadar,,Brahmanbaria,24.033300,91.016701
3922,Chhilonia,,Feni,23.466700,91.150002
4382,Dohazari,,Chittagong,22.075600,92.051399
1604,Madhabdi,,Narshingdi,24.000000,90.699997
3370,Nabiganj,,Hobiganj,24.566700,91.516701
9231,Pak Barasat,,Khulna,22.933300,89.666702
9241,Rupsha,,Khulna,23.516701,89.333298
1542,Ichapur,,Munshiganj,22.972799,88.910797
3040,Dhirai Chandpur,,Sunamganj,24.433300,90.699997
3430,Sarial,,Brahmanbaria,24.049999,91.233299
3725,Dolta,,Lakshmipur,23.258301,90.541702
7340,Maheshpur,,Jinaidaha,23.350000,88.916702
5660,Nageshwar,,Kurigram,25.238899,89.819397
7810,Charbadrashan,,Faridpur,23.271400,89.807098
9242,Belphulia,,Khulna,23.516701,89.333298
1323,Agla,,Dhaka,23.649700,90.220001
3322,Narapati,,Hobiganj,24.250000,90.699997
3413,Shamgram,,Brahmanbaria,24.019400,90.924400
3709,Amani Lakshimpur,,Lakshmipur,23.924999,89.783302
4440,Ramghar Head Office,,Khagrachari,22.896099,92.042900
8410,Rajapur,,Jhalokathi,23.650000,90.033302
9201,Khulna Shipyard,,Khulna,22.766701,89.419197
3172,Mathiura,,Sylhet,24.816700,92.116699
3301,Shaestaganj,,Hobiganj,24.383301,91.416702
3913,Puabashimulia,,Feni,23.030001,91.506897
4641,Lama,,Bandarban,21.774200,92.223900
8330,Lalmohan UPO,,Bhola,23.092501,90.743599
9342,Sonatunia,,IBH WAs Here,22.666700,89.633301
3164,banigram,,Sylhet,22.315599,91.897202
5216,Setabganj,,Dinajpur,24.633301,89.512497
7611,Langalbadh,,Magura,24.733299,88.416702
8600,Patuakhali Sadar,,Patuakhali,22.750000,89.266701
8640,Galachipa,,Patuakhali,24.100000,90.300003
8206,Jaguarhat,,Barishal,22.866699,90.405602
8701,Nali Bandar,,Barguna,22.258801,90.437599
9410,kalaroa,,Satkhira,22.866699,89.033302
3503,Courtbari,,Comilla,23.320700,91.097298
4313,Bawashbaria,,Chittagong,22.504700,91.709099
4650,Alikadam,,Bandarban,21.912100,92.311897
6211,Rajshahi Sugar Mills,,Rajshahi,23.816700,88.699997
8021,Bhozeshwar,,Shariatpur,23.250000,90.474998
1640,Belabo,,Narshingdi,24.100000,90.866699
3802,Sonapur,,Noakhali,23.233299,90.966698
4214,Jalalabad,,Chittagong,24.066700,90.916702
5402,Alamnagar,,Rangpur,24.533300,89.916702
7201,Munshiganj,,Chuadanga,23.716700,88.916702
3943,Munshirhat,,Feni,22.622200,91.849197
8203,Sugandia,,Barishal,22.866699,90.405602
8540,Nazirpur,,Pirojpur,22.416700,90.716698
1420,Fatullah,,Narayanganj,23.721901,90.578903
1510,Gajaria,,Munshiganj,23.816700,90.483299
2130,Shribardi,,Sherpur,25.058300,90.116699
3235,Karimpur,,Moulvibazar,24.600000,90.650002
3341,Lakhai,,Hobiganj,23.350000,90.333298
9415,Chandanpur,,Satkhira,24.366699,88.933296
4620,Ruma,,Bandarban,22.049999,92.400002
8252,Charkalekhan,,Barishal,22.951000,90.425003
1208,Dhaka Politechnic,,Dhaka,23.759100,90.400299
3502,Halimanagar,,Comilla,23.320700,91.097298
3863,Kankirhat,,Noakhali,23.015600,91.223297
4312,Barabkunda,,Chittagong,22.580799,91.684196
4390,Jaldi,,Chittagong,21.992800,91.953300
1901,Kagmari,,Tangail,23.150000,89.016701
1910,Delduar,,Tangail,24.150000,89.966698
2055,Jamuna Sar Karkhana,,Jamalpur,24.674999,89.783302
4314,Kumira,,Chittagong,22.512800,91.705803
3832,Tangirpar,,Noakhali,23.266701,90.916702
4302,Urirchar,,Chittagong,22.467800,91.456100
5721,Bamandanga,,Gaibandha,24.400000,88.916702
7152,Amjhupi,,Meherpur,23.750000,88.699997
7450,Keshobpur,,Jessore,23.108299,89.150002
9382,Dariala,,IBH WAs Here,22.416700,89.016701
1345,Shimulia,,Dhaka,24.783300,88.966698
3411,Laubfatehpur,,Brahmanbaria,24.019400,90.924400
4380,East Joara,,Chittagong,22.075600,92.051399
4610,Roanchhari,,Bandarban,21.912100,92.311897
1943,Warri paikpara,,Tangail,24.100000,90.133301
3064,Rasulganj,,Sunamganj,24.401899,91.096298
3562,Murdafarganj,,Comilla,23.385799,91.120598
9460,Ashashuni,,Satkhira,22.516701,89.233299
4387,Baitul Ijjat,,Chittagong,22.075600,92.051399
5330,Jaldhaka,,Nilphamari,25.427799,89.166702
8102,Barfa,,Gopalganj,23.066700,89.833298
1937,Dhuburia,,Tangail,23.708300,90.716698
1971,Rajafair,,Tangail,24.400000,90.033302
3432,Chandura,,Brahmanbaria,24.049999,91.233299
3837,Bhabani Jibanpur,,Noakhali,23.029699,91.096901
4361,Dhamair,,Chittagong,22.396601,91.958900
3080,Chhatak,,Sunamganj,25.033300,91.666702
8521,Darus Sunnat,,Pirojpur,22.683300,90.099998
6260,Putia,,Rajshahi,23.883301,89.216698
