L1T,Ajax Northwest,Ontario,,43.884300,-79.053398
L5T,Mississauga (Courtney Park / East Gateway),Ontario,,43.670502,-79.647797
G4S,Sept-Îles Northwest,Quebec,,50.271301,-66.375099
J4G,Longueuil North,Quebec,,45.567902,-73.476097
K6V,Brockville,Ontario,,44.657299,-75.714600
K8N,Belleville East,Ontario,,44.173500,-77.368401
R1B,Lockport,Manitoba,,50.084000,-96.935303
K1C,Gloucester (West Orleans),Ontario,,45.445099,-75.548302
T7E,Edson,Alberta,,53.583401,-116.435600
V9Y,Port Alberni,British Columbia,,49.241299,-124.802803
J9H,Aylmer South,Quebec,,45.393200,-75.828796
E2K,Saint John North,New Brunswick,,45.305302,-66.080803
K4A,Orleans (Fallingbrook),Ontario,,45.469700,-75.471497
M2H,North York (Hillcrest Village),Ontario,,43.801498,-79.357697
P2A,Parry Sound,Ontario,,45.350101,-80.032997
G1Y,Cap-Rouge,Quebec,,46.750702,-71.356201
J9Z,La Sarre,Quebec,,48.800201,-79.199600
T2B,Calgary (Forest Lawn / Dover / Erin Woods),Alberta,,51.020901,-113.981003
V1Z,Kelowna West,British Columbia,,49.862499,-119.583298
L4X,Mississauga (East Applewood / East Dixie / NE Lakeview),Ontario,,43.617802,-79.578598
M1C,Scarborough (Rouge Hill / Port Union / Highland Creek),Ontario,,43.787800,-79.156403
M9P,Etobicoke (Westmount),Ontario,,43.694901,-79.532303
P6C,Sault Ste. Marie North,Ontario,,46.535301,-84.373199
G0B,Cap-aux-Meules,Quebec,,47.450100,-72.991302
G2E,L'Ancienne- Lorette Northeast,Quebec,,46.808300,-71.360497
T8E,Sherwood Park Central,Alberta,,53.522499,-113.102203
B2V,Dartmouth Morris Lake,Nova Scotia,,44.652901,-63.477699
H2A,Saint-Michel East,Quebec,,45.561798,-73.598999
B0L,Isthmus of Chignecto (River Hébert),Nova Scotia,,45.690800,-64.364098
K1A,Government of Canada Ottawa and Gatineau offices,Ontario,,45.420700,-75.702301
M4S,Central Toronto (Davisville),Ontario,,43.702000,-79.385300
N5W,London East (SW Argyle / Hamilton Road),Ontario,,42.985600,-81.182098
N7T,Sarnia Southwest,Ontario,,42.951900,-82.331398
G0L,Bas-St-Laurent- Ouest (Trois-Pistoles),Quebec,,47.713600,-69.165802
V4P,Surrey South,British Columbia,,49.056099,-122.830200
E8K,Beresford,New Brunswick,,47.691299,-65.698898
H2N,Ahuntsic Southeast,Quebec,,45.539398,-73.651299
J3T,Nicolet,Quebec,,46.216801,-72.615799
R2H,Winnipeg (St. Boniface NW),Manitoba,,49.884602,-97.118599
L8W,Hamilton (West Albion Falls / Hannon / Rymal / Trenholme / Quinndale / Templemead / Broughton / Eleanor / Randall / Rushdale / Butler / East Chappel),Ontario,,43.195801,-79.845802
G0Z,Centre-du- Québec-Nord (Daveluyville),Quebec,,46.179001,-72.156898
H3Y,Westmount West,Quebec,,45.487598,-73.604500
T5E,Edmonton (West Londonderry / East Calder),Alberta,,53.735802,-113.452400
V8Z,Saanich Central,British Columbia,,48.499298,-123.400299
V5S,Vancouver (Killarney),British Columbia,,49.217499,-123.038002
L1V,Pickering Southwest,Ontario,,43.849400,-79.120003
M4A,North York (Sweeney Park / Wigmore Park),Ontario,,43.727600,-79.314796
P7E,Thunder Bay South Central,Ontario,,48.368401,-89.283997
H2H,Plateau Mont-Royal North,Quebec,,45.537399,-73.573502
H5A,Place Bonaventure,Quebec,,45.499199,-73.564598
T6K,Edmonton (West Mill Woods),Alberta,,53.460899,-113.451897
T8X,Grande Prairie East,Alberta,,55.183399,-118.745697
J1E,Sherbrooke Northeast,Quebec,,45.423100,-71.872299
E8R,Paquetville,New Brunswick,,47.638302,-65.170898
N2A,Kitchener East,Ontario,,43.441299,-80.424599
H1N,Mercier Southeast,Quebec,,45.577900,-73.530403
J9X,Rouyn-Noranda South,Quebec,,48.313702,-78.965500
V2Y,Langley Township Northwest,British Columbia,,49.128502,-122.623596
R3M,Winnipeg (River Heights Central),Manitoba,,49.862499,-97.166496
N7V,Sarnia Northwest,Ontario,,42.999802,-82.392601
G7S,Jonquière Northeast,Quebec,,48.429401,-71.177399
L1N,Whitby Southeast,Ontario,,43.872101,-78.927299
L9B,Hamilton (Barnstown / West Chappel / Allison / Ryckmans / Mewburn / Sheldon / Falkirk / Carpenter / Kennedy / Southwest Outskirts),Ontario,,43.205502,-79.900398
A0A,Southeastern Avalon Peninsula (Ferryland),Newfoundland and Labrador,,47.219501,-53.144798
B4E,Lower Sackville West,Nova Scotia,,44.816299,-63.738701
M8X,Etobicoke (The Kingsway / Montgomery Road / Old Mill North),Ontario,,43.651798,-79.507599
P0V,Northwestern Ontario (Red Lake),Ontario,,52.964802,-90.150497
T3N,Calgary Northeast,Alberta,,51.162601,-113.953697
V3T,Surrey Inner Northwest,British Columbia,,49.189400,-122.845398
B1T,Christmas Island,Nova Scotia,,45.966801,-60.715199
J6J,ChÔteauguay North,Quebec,,45.369099,-73.721603
V5G,Burnaby (Cascade-Schou / Douglas-Gilpin),British Columbia,,49.247799,-122.993797
A1Y,Carbonear,Newfoundland and Labrador,,47.711300,-53.295300
M2M,Willowdale East (Newtonbrook),Ontario,,43.791500,-79.410301
V2R,Chilliwack West,British Columbia,,49.076000,-121.988297
L6S,Brampton North Central,Ontario,,43.737900,-79.725998
E4Y,Rogersville,New Brunswick,,46.734501,-65.427002
A1W,Manuels,Newfoundland and Labrador,,47.509602,-52.944698
K1N,Ottawa (Lower Town / Sandy Hill / University of Ottawa),Ontario,,45.428902,-75.684402
M5A,Downtown Toronto (Regent Park / Port of Toronto),Ontario,,43.655499,-79.362602
G0P,Centre-du- Québec-Est (Saint-Valère),Quebec,,46.011902,-71.719902
H3Z,Westmount East,Quebec,,45.482498,-73.593300
T4S,Sylvan Lake,Alberta,,52.316799,-114.085297
E4S,Bouctouche,New Brunswick,,46.468399,-64.738998
V8N,Saanich East,British Columbia,,48.476501,-123.314499
A0R,North/Western Labrador (Churchill Falls),Newfoundland and Labrador,,53.540001,-65.112000
M5K,Downtown Toronto (Toronto Dominion Centre / Design Exchange),Ontario,,43.646900,-79.382301
N7L,Chatham Northwest,Ontario,,42.420898,-82.199303
V0C,Northern British Columbia (Fort Nelson),British Columbia,,58.387402,-125.716698
V7G,North Vancouver Outer East,British Columbia,,49.367802,-122.927803
H7X,Sainte-Dorothée,Quebec,,45.533401,-73.815903
T2C,Calgary (Lynnwood Ridge / Ogden / Foothills Industrial / Great Plains),Alberta,,50.987000,-113.963402
T6B,Edmonton (SE Capilano / West Southeast Industrial / East Bonnie Doon),Alberta,,53.512798,-113.419403
E2R,Saint John Grandview,New Brunswick,,46.036800,-66.037300
P3Y,Greater Sudbury (Lively),Ontario,,46.443100,-81.126999
P5A,Elliot Lake,Ontario,,46.383400,-82.633202
G0T,Le Fjord (Forestville),Quebec,,49.014301,-69.623100
J7X,Valleyfield,Quebec,,45.269100,-74.233902
T9N,Bonnyville,Alberta,,54.266800,-110.735100
E2G,Quispamsis,New Brunswick,,45.453400,-65.931000
N6N,London (South Highbury / Glanworth / East Brockley / SE Westminster),Ontario,,42.899700,-81.159203
G9T,Grand-Mère,Quebec,,46.631500,-72.737000
J0L,Montérégie-Nord (Saint-Antoine- Sur-Richelieu),Quebec,,45.409000,-73.384697
V7P,North Vancouver Southwest,British Columbia,,49.321999,-123.114899
L4E,Richmond Hill North,Ontario,,43.939400,-79.434898
R0C,North Interlake (Stonewall),Manitoba,,51.413200,-97.852501
E1A,Dieppe Moncton East,New Brunswick,,46.096699,-64.708702
K7M,Kingston (Reddendale / Cataraqui / Collins Bay),Ontario,,44.241100,-76.578796
L8G,Hamilton (Greenford / North Gershome / West Stoney Creek),Ontario,,43.216400,-79.742302
L8N,Hamilton (Stinson / Corktown),Ontario,,43.389000,-79.983002
M1P,Scarborough (Dorset Park / Wexford Heights / Scarborough Town Centre),Ontario,,43.761200,-79.270699
T0P,Northeastern Alberta (Fort Chipewyan),Alberta,,58.117599,-111.509399
T1C,Medicine Hat North,Alberta,,50.077400,-110.691101
M9B,Etobicoke (West Deane Park / Princess Gardens / Martin Grove / Islington / Cloverdale),Ontario,,43.650501,-79.551697
J1A,Coaticook,Quebec,,45.133400,-71.799103
B0N,Hants County (Shubenacadie),Nova Scotia,,45.096298,-63.470100
B1J,East Bay,Nova Scotia,,45.983398,-60.365200
M3B,Don Mills North,Ontario,,43.744999,-79.359001
N7S,Sarnia Central,Ontario,,42.988800,-82.359200
N9B,Windsor (University / South Cameron),Ontario,,42.294899,-83.052002
P8T,Sioux Lookout,Ontario,,50.066799,-91.983597
T8G,Sherwood Park East,Alberta,,53.505199,-112.952904
V9E,Saanich West,British Columbia,,48.521900,-123.453003
G0G,Côte-Nord/Anticosti (Schefferville),Quebec,,52.718498,-65.009903
G5N,Rimouski Southwest,Quebec,,48.366798,-68.465897
B0E,West Cape Breton Island (Baddeck),Nova Scotia,,46.113300,-61.025101
L3T,Thornhill East,Ontario,,43.822701,-79.394600
G0S,Chaudière-Nord (Saint-Joseph- De-Beauce),Quebec,,46.452599,-71.439697
J4S,Saint-Lambert South,Quebec,,45.480999,-73.497002
T1H,Lethbridge North,Alberta,,49.700001,-112.818604
V2J,Quesnel,British Columbia,,52.978401,-122.493103
V8A,Powell River,British Columbia,,50.016300,-124.322601
V8C,Kitimat,British Columbia,,54.052399,-128.653397
E3V,Edmundston,New Brunswick,,47.373699,-68.325104
E7A,Baker Brook,New Brunswick,,47.299999,-68.748703
A0K,Northwest Newfoundland/Eastern Labrador (Mary's Harbour),Newfoundland and Labrador,,52.056301,-57.217499
L3V,Orillia,Ontario,,44.608700,-79.420700
T2P,Calgary (City Centre / Calgary Tower),Alberta,,51.070801,-113.693100
V1T,Vernon Central,British Columbia,,50.260399,-119.277397
J4R,Saint-Lambert Central,Quebec,,45.492401,-73.500900
S0L,Western Saskatchewan (Kindersley),Saskatchewan,,51.482700,-108.489799
S6W,Prince Albert Southwest,Saskatchewan,,53.178501,-105.774101
N2M,Kitchener Northwest,Ontario,,43.436298,-80.509300
N2V,Waterloo Northwest,Ontario,,43.476398,-80.584198
M5E,Downtown Toronto (Berczy Park),Ontario,,43.647999,-79.381599
C1A,Charlottetown Southeast Prince Edward Island Provincial Government,Prince Edward Island,,46.271599,-63.016499
G3E,Saint-Émile,Quebec,,46.877899,-71.340797
H2Y,Old Montreal,Quebec,,45.505699,-73.555000
H9H,Sainte-Geneviève,Quebec,,45.468300,-73.856499
J0V,Laurentides-Sud (Chénéville),Quebec,,45.826500,-74.931801
V7L,North Vancouver South Central,British Columbia,,49.316002,-123.057602
X0C,Inner Nunavut (Rankin Inlet),Nunavut Territory,,64.164703,-94.772400
H7T,Chomedey Northwest,Quebec,,45.557301,-73.772499
J6W,Terrebonne Central,Quebec,,45.706402,-73.617798
J8P,Gatineau Southeast,Quebec,,45.486900,-75.615700
Y0A,Southeastern Yukon (Watson Lake),Yukon,,61.579300,-131.148102
K4B,Cumberland Township,Ontario,,45.410099,-75.363800
H7R,Laval-sur-le-Lac,Quebec,,45.552601,-73.850700
V7B,Richmond (Sea Island / YVR),British Columbia,,49.198799,-123.179901
E3C,"Fredericton Southwest, New Maryland",New Brunswick,,45.902000,-66.705704
L9V,Orangeville North,Ontario,,43.959702,-80.107903
G6B,Lac-Megantic,Quebec,,45.583401,-70.882301
T6J,Edmonton (Kaskitayo),Alberta,,53.456402,-113.521004
V6V,Richmond Northeast,British Columbia,,49.185299,-123.038597
L6Y,Brampton South,Ontario,,43.643101,-79.770897
M3A,North York (York Heights / Victoria Village / Parkway East),Ontario,,43.754501,-79.330002
N2P,Kitchener Southeast,Ontario,,43.387798,-80.429604
P3N,Greater Sudbury (Val Caron),Ontario,,46.584499,-81.002899
H1J,Anjou West,Quebec,,45.609699,-73.579399
J0M,Nunavik (Kuujjuaq),Quebec,,58.326900,-72.163696
R0G,South Central Manitoba (Altona),Manitoba,,49.439400,-98.086899
E9E,Red Bank,New Brunswick,,46.848598,-65.677200
J8M,Masson-Angers,Quebec,,45.543499,-75.427399
T4V,Camrose,Alberta,,53.016800,-112.835297
H3J,Petite-Bourgogne,Quebec,,45.486099,-73.573196
L3Z,Bradford,Ontario,,44.116798,-79.566299
G4T,Les Îles-De-La- Madeleine,Quebec,,47.399899,-61.799599
J7L,Mascouche Central,Quebec,,45.742401,-73.650902
A1L,Paradise,Newfoundland and Labrador,,47.529099,-52.881401
K1T,Gloucester (Blossom Park / Hunt Club East / Leitrim),Ontario,,45.329498,-75.615601
E5V,Deer Island,New Brunswick,,44.986198,-66.969398
N2L,Waterloo South,Ontario,,43.471500,-80.545403
N4K,Owen Sound,Ontario,,44.567200,-80.943497
N4V,Woodstock South,Ontario,,43.115002,-80.742996
J6V,Terrebonne East,Quebec,,45.714001,-73.535698
V2H,Kamloops North,British Columbia,,50.726200,-120.165901
V3C,Port Coquitlam South,British Columbia,,49.243599,-122.786499
V8K,Saltspring Island,British Columbia,,48.813801,-123.497299
M3N,North York (Jane and Finch),Ontario,,43.756802,-79.521004
M8W,Etobicoke (Alderwood / Long Branch),Ontario,,43.602100,-79.540199
N0G,Huron (Wingham),Ontario,,44.002399,-81.067596
G8V,Cap-de-la- Madeleine Northeast,Quebec,,46.409801,-72.490799
H7V,Chomedey East,Quebec,,45.547798,-73.736801
T3L,Calgary (Tuscany / Scenic Acres),Alberta,,51.146702,-114.313301
T6E,Edmonton (South Bonnie Doon / East University),Alberta,,53.491402,-113.480202
B3M,Halifax Bedford Basin,Nova Scotia,,44.678398,-63.658199
K0E,South Leeds and Grenville United Counties (Prescott),Ontario,,44.711800,-75.749802
L9M,Penetanguishene,Ontario,,44.783401,-79.916397
J1X,Magog,Quebec,,45.266800,-72.149101
R6W,Winkler,Manitoba,,49.181702,-97.941002
R9A,The Pas,Manitoba,,53.703999,-101.293297
L0G,Ontario Centre (Queensville),Ontario,,44.058601,-79.623497
L1P,Whitby Southwest,Ontario,,43.886600,-78.974998
J1J,Sherbrooke North,Quebec,,45.413101,-71.923798
B1C,Louisbourg,Nova Scotia,,45.948502,-59.973701
B2Z,Dartmouth East,Nova Scotia,,44.722698,-63.422298
E5S,Kingston,New Brunswick,,45.409801,-66.093201
E6K,Harvey,New Brunswick,,45.729000,-67.006401
L5J,Mississauga (Clarkson / Southdown),Ontario,,43.510201,-79.629601
S0K,Central Saskatchewan (Humboldt),Saskatchewan,,52.262299,-106.501999
T8R,Morinville,Alberta,,53.800098,-113.652000
E1J,Coverdale,New Brunswick,,45.997601,-64.848297
M1B,Scarborough (Malvern / Rouge River),Ontario,,43.811298,-79.193001
M4G,East York (Leaside),Ontario,,43.712399,-79.364403
M6S,West Toronto (Bloor West Village / Swansea),Ontario,,43.651199,-79.482803
S4T,Regina West,Saskatchewan,,50.450699,-104.665001
T3J,Calgary (Martindale / Taradale / Falconridge / Saddle Ridge),Alberta,,51.118801,-113.947098
T4T,Rocky Mountain House,Alberta,,52.366798,-114.918800
A5A,Clarenville,Newfoundland and Labrador,,48.166599,-53.964802
T4G,Innisfail,Alberta,,52.026901,-113.950699
V4X,Abbotsford West,British Columbia,,49.086102,-122.402603
K8R,Belleville (SE Sidney Township / Avondale),Ontario,,44.139900,-77.468300
L6C,Markham Northwest,Ontario,,43.904499,-79.339203
M4M,East Toronto (Studio District),Ontario,,43.656101,-79.340599
N3Y,Simcoe,Ontario,,42.833401,-80.299698
H3A,Downtown Montreal North,Quebec,,45.504002,-73.574699
E3Z,Grand Falls Central,New Brunswick,,46.926601,-67.746597
E8C,Dalhousie,New Brunswick,,48.055000,-66.384697
B1E,Reserve Mines,Nova Scotia,,46.184502,-60.016602
L1W,Pickering South,Ontario,,43.819698,-79.080299
N0J,Oxford (Norwich),Ontario,,43.050598,-80.709396
G0K,Bas-St-Laurent- Est (Sainte-Luce),Quebec,,48.159000,-68.195099
J2T,Saint-Hyacinthe East,Quebec,,45.597099,-72.936600
J8X,Hull Southeast,Quebec,,45.439999,-75.711899
V4R,Maple Ridge Northwest,British Columbia,,49.290298,-122.516899
E2H,"Saint John Northeast, Renforth",New Brunswick,,45.349998,-66.010101
M2J,North York (Fairview / Henry Farm / Oriole),Ontario,,43.780102,-79.347900
H2G,Petite-Patrie Northeast,Quebec,,45.543800,-73.592697
J6N,Beauharnois,Quebec,,45.316799,-73.865898
V5P,Vancouver (SE Kensington / Victoria- Fraserview),British Columbia,,49.222000,-123.068298
K4R,Russell,Ontario,,45.238800,-75.352699
L9J,Barrie,Ontario,,44.336601,-79.635696
G0A,Capitale-Nationale (Stoneham),Quebec,,47.350700,-71.202003
R4K,Cartier,Manitoba,,49.890800,-97.600403
R7B,Brandon Southwest,Manitoba,,49.841999,-99.983101
B4C,Lower Sackville South,Nova Scotia,,44.760700,-63.637001
M1S,Scarborough (Agincourt),Ontario,,43.794601,-79.264397
N6A,London North (UWO),Ontario,,42.997601,-81.256302
H4J,Cartierville Central,Quebec,,45.531300,-73.709099
H9A,Dollard-Des- Ormeaux Northwest,Quebec,,45.494801,-73.831703
T9E,Leduc,Alberta,,53.266800,-113.552002
V5T,Vancouver (East Mount Pleasant),British Columbia,,49.262001,-123.092300
M2L,North York (York Mills / Silver Hills),Ontario,,43.754700,-79.376404
N0K,Perth (Mitchell),Ontario,,43.506699,-81.158203
G3G,Lac-Saint-Charles,Quebec,,46.924198,-71.395798
J1G,Sherbrooke East,Quebec,,45.402401,-71.847900
V8P,Saanich Southeast,British Columbia,,48.458302,-123.332497
B0T,Queens County (Shelburne),Nova Scotia,,44.080200,-65.117500
E7C,Saint-Basile,New Brunswick,,47.658298,-68.068398
L4K,Concord,Ontario,,43.800098,-79.482903
G7T,Jonquière Southeast,Quebec,,48.397499,-71.152702
G8B,Alma Southeast,Quebec,,48.554798,-71.672997
S0P,Northeastern Saskatchewan (Creighton),Saskatchewan,,55.016201,-102.741501
T8S,Peace River,Alberta,,56.250099,-117.286003
V8L,Sidney,British Columbia,,48.649601,-123.402603
B2H,New Glasgow,Nova Scotia,,45.583401,-62.648602
J3N,Saint-Basile- Le-Grand,Quebec,,45.533401,-73.282501
V8X,Saanich South,British Columbia,,48.477699,-123.365799
E6L,Burtts Corner,New Brunswick,,45.988098,-67.033798
B1A,Glace Bay,Nova Scotia,,46.196999,-59.957001
M5G,Downtown Toronto (Central Bay Street),Ontario,,43.656399,-79.386002
H3G,Downtown Montreal Southeast,Quebec,,45.498699,-73.579300
R3E,Winnipeg (Sargent Park / Daniel McIntyre / Inkster SE),Manitoba,,49.908100,-97.177902
A2H,Corner Brook,Newfoundland and Labrador,,48.915600,-57.797001
L3S,Markham Southeast,Ontario,,43.848598,-79.261703
N4X,St. Mary's,Ontario,,43.265499,-81.168701
N9A,Windsor (City Centre / NW Walkerville),Ontario,,42.239799,-83.008797
V2K,Prince George North,British Columbia,,54.050800,-122.922096
E8M,Saint-Isidore,New Brunswick,,47.576500,-65.137901
V6B,Vancouver (NE Downtown / Harbour Centre / Gastown / Yaletown),British Columbia,,49.278801,-123.113899
V7S,West Vancouver North,British Columbia,,49.374500,-123.186401
E8G,Belledune,New Brunswick,,47.802299,-66.124298
K1S,Ottawa (The Glebe / Ottawa South / Ottawa East),Ontario,,45.398998,-75.687103
K7V,Renfrew,Ontario,,45.466801,-76.682701
L4R,Midland,Ontario,,44.750099,-79.883003
T2K,Calgary (Thornecliffe / Tuxedo),Alberta,,51.111099,-114.047699
V4N,Surrey Northeast,British Columbia,,49.170700,-122.732597
J7E,Sainte-Thérèse- de-Blainville Central,Quebec,,45.654499,-73.842003
L6H,Oakville North,Ontario,,43.488098,-79.709801
P1L,Bracebridge,Ontario,,45.033401,-79.316299
M4L,East Toronto (India Bazaar / The Beaches West),Ontario,,43.669300,-79.315498
M6C,York (Cedarvale),Ontario,,43.691502,-79.430702
N9E,Windsor South (East Malden),Ontario,,42.265202,-83.031403
G8L,Dolbeau- Mistassini,Quebec,,48.876301,-72.211998
J5K,Saint-Colomban,Quebec,,45.733398,-74.132500
V1M,Langley Township North,British Columbia,,49.166100,-122.579201
L7N,Burlington East,Ontario,,43.351200,-79.783997
V3A,Langley City,British Columbia,,49.099701,-122.652603
V7V,West Vancouver South,British Columbia,,49.339699,-123.191200
V9K,Qualicum Beach,British Columbia,,49.346802,-124.436096
E5K,Grand Bay-Westfield,New Brunswick,,45.340698,-66.252800
B3T,Lakeside,Nova Scotia,,44.568298,-63.730598
B4H,Amherst,Nova Scotia,,45.833500,-64.198700
T4R,Red Deer South,Alberta,,52.242401,-113.778397
T6H,Edmonton (Southgate / North Riverbend),Alberta,,53.375301,-113.458504
L8L,Hamilton (West Industrial Sector / West Crown Point / North Stipley / North Gibson / Landsdale / Keith / North End / Beasley),Ontario,,43.278301,-79.834396
E8T,Lamèque,New Brunswick,,47.793598,-64.647499
L5H,Mississauga (West Port Credit / Lorne Park / East Sheridan),Ontario,,43.541901,-79.616402
N6L,London (East Tempo),Ontario,,42.871899,-81.247200
G5A,La Malbaie,Quebec,,47.657501,-70.155899
H4X,Montreal West,Quebec,,45.452900,-73.649200
J0H,Bois-Francs-Sud (Saint-Nazaire- D'Acton),Quebec,,45.660900,-72.769997
T1P,Strathmore,Alberta,,51.050098,-113.385201
E7E,Saint-Leonard,New Brunswick,,47.173000,-67.924698
K7G,Gananoque,Ontario,,44.333401,-76.166100
N3E,Cambridge Northwest,Ontario,,43.419300,-80.350502
N5R,St. Thomas South,Ontario,,42.759701,-81.176201
E5T,Norton,New Brunswick,,45.650799,-65.730202
B0K,Southern Northumberland Strait (Pictou),Nova Scotia,,45.613800,-62.950600
M2N,Willowdale South,Ontario,,43.767300,-79.411102
J5A,Saint-Constant,Quebec,,45.366798,-73.565903
K6T,Elizabethtown,Ontario,,44.630100,-75.744797
L4S,Richmond Hill Central,Ontario,,43.898499,-79.414299
H1T,Rosemont North,Quebec,,45.573002,-73.570099
H2R,Villeray Southeast,Quebec,,45.540100,-73.622498
R0M,Southwestern Manitoba (Virden),Manitoba,,49.710999,-100.926300
A1S,Goulds,Newfoundland and Labrador,,47.421200,-52.807701
N3L,Paris,Ontario,,43.200001,-80.383301
V9P,Parksville,British Columbia,,49.316299,-124.319397
L0E,Lake Simcoe Southeast Shore (Sutton West),Ontario,,44.319901,-79.277802
L7B,King City,Ontario,,43.928600,-79.526901
P0B,Nipissing South (Utterson),Ontario,,45.186298,-79.411499
J2H,Granby East,Quebec,,45.393799,-72.700500
J8R,Gatineau Northeast,Quebec,,45.528702,-75.608803
V3L,New Westminster Northeast,British Columbia,,49.220100,-122.899803
V5X,Vancouver (SE Oakridge / East Marpole / South Sunset),British Columbia,,49.215599,-123.097900
J2B,Drummondville South,Quebec,,45.903000,-72.536102
V9R,Nanaimo South,British Columbia,,49.160900,-123.982498
E4M,Bayfield,New Brunswick,,46.091900,-64.017303
R3V,Winnipeg (Fort Garry South),Manitoba,,49.746201,-97.174500
E9C,Doaktown,New Brunswick,,46.556999,-66.125702
B2R,Waverley,Nova Scotia,,44.759899,-63.552502
L1S,Ajax Southwest,Ontario,,43.840401,-79.025101
L8K,Hamilton (East Delta / Bartonville / Glenview / Rosedale / Lower King's Forest / Red Hill / Corman / Vincent / South Gershome),Ontario,,43.221100,-79.799400
L9W,Orangeville South,Ontario,,43.972900,-80.104401
T2X,Calgary (Midnapore / Sundance),Alberta,,50.883701,-114.032600
T9M,Cold Lake,Alberta,,54.450199,-110.201698
J0P,Vaudreuil- Soulanges (Coteau-du-Lac),Quebec,,45.365501,-74.311996
M6P,West Toronto (High Park / The Junction South),Ontario,,43.660500,-79.463303
G2M,Jean-Talon Northeast,Quebec,,46.922001,-71.305603
A2A,Grand Falls,Newfoundland and Labrador,,48.933201,-55.664902
L2G,Niagara Falls Southeast,Ontario,,43.069599,-79.081802
M2P,North York (York Mills West),Ontario,,43.750000,-79.397797
G1G,Jean-Talon Southeast,Quebec,,46.876499,-71.283897
H1C,Rivière-des-Prairies Northeast,Quebec,,45.665600,-73.536697
H2W,Plateau Mont-Royal South Central,Quebec,,45.517601,-73.580399
T8C,Sherwood Park Inner Southwest,Alberta,,53.439098,-113.190300
V4B,White Rock,British Columbia,,49.025902,-122.805801
N5Z,London (Glen Cairn),Ontario,,42.966000,-81.205299
E4J,Salisbury,New Brunswick,,46.039101,-65.046303
B2C,Iona,Nova Scotia,,45.994801,-60.842098
R3Y,Winnipeg (Fort Garry West),Manitoba,,49.788502,-97.214699
A1X,Conception Bay,Newfoundland and Labrador,,47.499901,-52.998100
V7R,North Vancouver Northwest,British Columbia,,49.377499,-123.086197
V9N,Courtenay Central,British Columbia,,49.658501,-124.983498
E1W,Caraquet,New Brunswick,,47.794102,-64.938599
K6A,Hawkesbury,Ontario,,45.600101,-74.615997
L6T,Brampton East,Ontario,,43.719601,-79.685402
G1J,Quebec City Lower Riverbank,Quebec,,46.838001,-71.223198
T2W,Calgary (Braeside / Woodbine),Alberta,,50.951401,-114.359100
T5X,Edmonton (East Castledowns),Alberta,,53.631302,-113.524498
J3H,Beloeil East,Quebec,,45.552700,-73.175499
J8L,Buckingham,Quebec,,45.585602,-75.420799
R3S,Winnipeg (Wilkes South),Manitoba,,49.825500,-97.293404
L0L,Lake Simcoe West Shore (Oro),Ontario,,44.454800,-79.735199
G6S,Victoriaville East,Quebec,,46.026402,-71.871902
S7N,Saskatoon Northeast Central,Saskatchewan,,52.140400,-106.608002
T1A,Medicine Hat Central,Alberta,,50.081600,-110.578796
V2E,Kamloops South and West,British Columbia,,50.661900,-120.321198
B1L,Sydney Southwest,Nova Scotia,,46.062698,-60.204498
G3A,St-Augustin- De-Desmaures,Quebec,,46.740601,-71.451302
V3B,Port Coquitlam Central,British Columbia,,49.273998,-122.764900
E2N,Saint John Lakewood,New Brunswick,,45.317600,-65.927101
N8S,Windsor (Riverside),Ontario,,42.328300,-82.947197
H2P,Villeray West,Quebec,,45.543499,-73.633904
S0C,Southeastern Saskatchewan (Carlyle),Saskatchewan,,49.396099,-103.256699
V0P,North Central Island and Bute Inlet Region (Gold River),British Columbia,,50.388500,-125.609299
E3L,St. Stephen,New Brunswick,,45.180401,-67.295303
V4K,Delta Central,British Columbia,,49.098598,-123.031799
E1H,"Lakeville, Shediac Bridge",New Brunswick,,46.173199,-64.695702
E2S,Saint John Loch Lomond,New Brunswick,,45.337101,-65.813301
E5G,Grand Manan Island,New Brunswick,,44.697601,-66.806503
P7L,Neebing,Ontario,,48.166801,-89.416801
H3T,Côte-des-Neiges Northeast,Quebec,,45.501801,-73.619102
J4N,Longueuil Northeast,Quebec,,45.552299,-73.455803
J4V,Greenfield Park,Quebec,,45.486500,-73.462196
T6C,Edmonton (Central Bonnie Doon),Alberta,,53.521999,-113.459000
R3X,Winnipeg (St. Boniface South / St. Vital SE),Manitoba,,49.820900,-97.032204
B6L,Truro,Nova Scotia,,45.409302,-63.211399
N9G,Windsor (Roseland),Ontario,,42.248100,-82.995201
J5B,Delson,Quebec,,45.366798,-73.549202
E4C,Youngs Cove,New Brunswick,,45.869301,-65.900597
B0R,West Lunenburg County (New Germany),Nova Scotia,,44.600300,-64.744301
E4E,Sussex,New Brunswick,,45.722698,-65.506599
A1K,Torbay,Newfoundland and Labrador,,47.666599,-52.731300
B0C,North Victoria County (Dingwall),Nova Scotia,,46.648201,-60.539600
N2N,Kitchener West,Ontario,,43.425999,-80.543800
G5C,Baie-Comeau Southwest,Quebec,,50.347401,-69.041100
J3Y,Saint-Hubert Central,Quebec,,45.490601,-73.399101
R3H,Winnipeg (St. James-Assiniboia NE / YWG),Manitoba,,49.903301,-97.207397
E4A,Bathurst,New Brunswick,,46.159901,-65.810204
B2S,Lantz,Nova Scotia,,45.020901,-63.534401
K2S,Stittsville,Ontario,,45.250099,-75.916100
K7A,Smiths Falls,Ontario,,44.900101,-76.016098
L4T,Mississauga (Malton),Ontario,,43.713902,-79.643402
N4S,Woodstock Central,Ontario,,43.143200,-80.733803
S4Y,Regina Outer Northwest,Saskatchewan,,50.476799,-104.698601
R3P,Winnipeg (Fort Garry NW / Tuxedo),Manitoba,,49.842499,-97.218201
B1R,Sydney West,Nova Scotia,,46.124901,-60.259499
N2K,Kitchener North,Ontario,,43.496101,-80.493599
N2Z,Kincardine,Ontario,,44.166401,-81.600998
N6E,London (South White Oaks / Central Westminster / East Longwoods / West Brockley),Ontario,,42.918499,-81.224403
K0G,Rideau Lakes area (Kemptville),Ontario,,44.893398,-76.183601
L1M,Whitby North,Ontario,,43.956600,-78.977898
B3G,Eastern Passage,Nova Scotia,,44.616901,-63.481998
L4H,Woodbridge North,Ontario,,43.847801,-79.588997
G2N,Jean-Talon West,Quebec,,46.913700,-71.339798
T0L,Kananaskis Country (Claresholm),Alberta,,50.631401,-114.408897
V3R,Surrey North,British Columbia,,49.194801,-122.813103
H3W,Côte-des-Neiges Southwest,Quebec,,45.489700,-73.631203
H7W,Chomedey South,Quebec,,45.533798,-73.765198
J3A,Saint-Jean- sur-Richelieu North,Quebec,,45.333900,-73.274399
J3E,Sainte-Julie,Quebec,,45.583401,-73.332497
R7C,Brandon North,Manitoba,,49.881699,-99.964996
B0J,Mainland east shore (Lunenburg),Nova Scotia,,44.781700,-63.349800
P8N,Dryden,Ontario,,49.783298,-92.750298
M4C,East York (Woodbine Heights),Ontario,,43.691299,-79.311600
N5C,Ingersoll,Ontario,,43.033401,-80.883003
E4P,Shediac,New Brunswick,,46.219799,-64.541100
L0M,Georgian Bay South Shore (Angus),Ontario,,44.326900,-80.033302
M5H,Downtown Toronto (Richmond / Adelaide / King),Ontario,,43.649601,-79.383301
G0V,Saguenay- Lac-St-Jean (Alouette),Quebec,,50.171902,-70.628304
J7Z,Saint-Jérôme Southeast,Quebec,,45.778801,-73.982903
J9J,Aylmer North,Quebec,,45.439400,-75.846497
T9A,Wetaskiwin,Alberta,,52.966801,-113.368698
V0R,Central Island (Chemainus),British Columbia,,49.027000,-124.846100
R4J,Headingley West,Manitoba,,49.846699,-97.431900
L2A,Fort Erie,Ontario,,42.900101,-78.932899
M5N,Central Toronto (Roselawn),Ontario,,43.711300,-79.419502
N1M,Fergus,Ontario,,43.700100,-80.366402
N2H,Kitchener North Central,Ontario,,43.458099,-80.481796
P9N,Kenora,Ontario,,49.757301,-94.342697
V2V,Mission East,British Columbia,,49.646301,-122.504700
V6H,Vancouver (West Fairview / Granville Island / NE Shaughnessy),British Columbia,,49.255901,-123.132202
K1M,Ottawa (Rockcliffe Park / New Edinburgh),Ontario,,45.449100,-75.681801
G5L,Rimouski Central,Quebec,,48.419300,-68.557404
J6Z,Sainte-Thérèse- de-Blainville Northeast,Quebec,,45.669399,-73.775200
E2L,Saint John Central,New Brunswick,,45.271702,-66.058403
E4N,Cap-Pelé,New Brunswick,,46.212898,-64.278397
N8R,Windsor (East Forest Glade),Ontario,,42.306702,-82.915001
P7G,Thunder Bay North,Ontario,,48.400101,-89.316803
G1E,Beauport South,Quebec,,46.858799,-71.192001
H8T,Lachine West,Quebec,,45.441898,-73.705704
J2A,Drummondville Southeast,Quebec,,45.815201,-72.402702
S9H,Swift Current,Saskatchewan,,50.283401,-107.801300
T9X,Vermilion,Alberta,,53.366901,-110.851700
E4G,Smiths Creek,New Brunswick,,45.855202,-65.479500
V9Z,Sooke,British Columbia,,48.374599,-123.727600
B1H,New Waterford,Nova Scotia,,46.250099,-60.081699
B1X,Big Bras d'Or,Nova Scotia,,46.223999,-60.499100
N6C,London South (East Highland / North White Oaks / North Westminster),Ontario,,42.958199,-81.237999
G5B,Port-Cartier,Quebec,,50.033401,-66.865501
G5Z,Saint-Georges Southeast,Quebec,,46.064201,-70.711800
T4A,Airdrie East,Alberta,,51.279900,-113.987999
V7A,Richmond South,British Columbia,,49.120499,-123.117104
J3M,Marieville,Quebec,,45.433399,-73.165901
S4R,Regina North Central,Saskatchewan,,50.485500,-104.616302
J0S,Montérégie- Ouest (Saint-Anicet),Quebec,,45.108200,-74.045097
J0Z,Abitibi- Témiscamingue- Ouest (Guigues),Quebec,,47.862598,-78.823997
B0M,Cobequid Bay north shore (Springhill),Nova Scotia,,45.535400,-64.039299
K4P,Greely,Ontario,,45.243401,-75.567398
L5M,Mississauga (Churchill Meadows / Central Erin Mills / South Streetsville),Ontario,,43.563702,-79.720200
L6X,Brampton Southwest,Ontario,,43.666500,-79.805397
J2X,Saint-Jean- sur-Richelieu East,Quebec,,45.308998,-73.219002
T6G,Edmonton (West University / Strathcona Place),Alberta,,53.521000,-113.532402
E7P,Hartland,New Brunswick,,46.299900,-67.516701
E6E,Millville,New Brunswick,,46.130699,-67.196198
C1N,Summerside,Prince Edward Island,,46.395901,-63.787601
J5W,L'Assomption,Quebec,,45.823200,-73.429398
J7M,La Plaine,Quebec,,45.788799,-73.744202
V3W,Surrey Upper West,British Columbia,,49.140999,-122.856903
E1N,Miramichi South,New Brunswick,,46.950100,-65.323898
L6P,Brampton North,Ontario,,43.794201,-79.702103
L9A,Hamilton (Crerar / Bruleville / Hill Park / Inch Park / Centremount / Balfour / Greeningdon / Jerome),Ontario,,43.227100,-79.871002
C0A,Montague,Prince Edward Island,,46.166801,-62.648701
T1X,Chestermere,Alberta,,51.033401,-113.818703
V0V,Lower Skeena (Port Edward),British Columbia,,53.972500,-129.898605
T9K,Fort McMurray Northwest,Alberta,,56.753799,-111.434998
V3N,Burnaby (East Big Bend / Stride Avenue / Edmonds / Cariboo-Armstrong),British Columbia,,49.227501,-122.930099
V7K,North Vancouver North Central,British Columbia,,49.359699,-123.037697
L6R,Brampton Northwest,Ontario,,43.759201,-79.760498
G6G,Thetford Mines,Quebec,,46.093700,-71.305397
T2J,Calgary (Queensland Downs / Lake Bonavista / Willow Park / Acadia),Alberta,,50.847599,-114.195801
T4C,Cochrane,Alberta,,51.183399,-114.468697
V8V,Victoria South,British Columbia,,48.416698,-123.364998
E3B,Fredericton South New Brunswick Provincial Government,New Brunswick,,45.811901,-66.676300
A0M,Southwestern Newfoundland (Channel-Port aux Basques),Newfoundland and Labrador,,47.803699,-58.386902
L2T,St. Catharines South,Ontario,,43.131302,-79.231697
M4W,Downtown Toronto (Rosedale),Ontario,,43.682701,-79.373001
M5B,Downtown Toronto (Ryerson),Ontario,,43.657200,-79.378304
T2L,Calgary (Brentwood / Collingwood / Nose Hill),Alberta,,51.104698,-114.114799
T9G,Devon,Alberta,,53.366798,-113.735298
H9G,Dollard-Des- Ormeaux Southwest,Quebec,,45.475601,-73.836700
S4N,Regina Northeast and East Central,Saskatchewan,,50.467098,-104.541000
N3P,Brantford Northeast,Ontario,,43.181801,-80.236702
H2M,Ahuntsic East,Quebec,,45.552799,-73.641098
L9Z,Wasaga Beach,Ontario,,44.516800,-80.016403
M6N,York (Runnymede / The Junction North),Ontario,,43.674801,-79.483902
G1W,Sainte-Foy Southeast,Quebec,,46.758900,-71.297997
G9A,Trois-Rivières East,Quebec,,46.355598,-72.639198
J7R,Saint-Eustache Southwest,Quebec,,45.574001,-73.940002
J9T,Amos,Quebec,,48.566898,-78.116203
T4X,Beaumont,Alberta,,53.350101,-113.418701
L0R,East Haldimand County (Waterdown),Ontario,,43.160702,-79.746300
E4Z,Petitcodiac,New Brunswick,,45.939400,-65.180199
M1T,Scarborough (Clarks Corners / Tam O'Shanter / Sullivan),Ontario,,43.781200,-79.303596
V0M,Harrison Lake Region (Agassiz),British Columbia,,49.634602,-122.038002
E1C,Moncton Central,New Brunswick,,46.098701,-64.803596
H9B,Dollard-Des- Ormeaux East,Quebec,,45.489700,-73.795799
K2L,Kanata (Katimavik-Hazeldean / Glen Cairn),Ontario,,45.300098,-75.924400
M4N,Central Toronto (Lawrence Park East),Ontario,,43.730099,-79.393501
K9A,Cobourg,Ontario,,43.959801,-78.165100
L0B,East Durham Regional Municipality (Orono),Ontario,,44.077301,-78.746498
L8E,Hamilton (Confederation Park / Nashdale / East Kentley / Riverdale / Lakely / Grayside / North Stoney Creek),Ontario,,43.224499,-79.698799
N1T,Cambridge East,Ontario,,43.384899,-80.283302
J1R,Saint-Élie-d'Orford,Quebec,,45.396599,-72.042198
J8N,Val-des-Monts,Quebec,,45.650101,-75.666000
R2G,Winnipeg (River East North),Manitoba,,49.941299,-97.057098
B2E,Loch Lomond,Nova Scotia,,45.750099,-60.615200
G0J,Gaspésie-Ouest (Causapscal),Quebec,,48.524601,-67.056503
G8K,Saint-Félicien,Quebec,,48.650101,-72.449097
J1S,Windsor,Quebec,,45.566799,-71.999100
T6M,Edmonton Southwest,Alberta,,53.459301,-113.654602
E8A,Saint-Quentin,New Brunswick,,47.513302,-67.392899
K1H,Ottawa (Alta Vista),Ontario,,45.387600,-75.659302
K2P,Ottawa (Centre Town),Ontario,,45.416599,-75.690399
L2M,St. Catharines Northeast,Ontario,,43.195999,-79.216103
G6T,Victoriaville Northwest,Quebec,,46.082802,-71.972801
G8W,Cap-de-la- Madeleine West,Quebec,,46.416500,-72.600800
H1A,Pointe-Aux-Trembles,Quebec,,45.675301,-73.501602
T8L,Fort Saskatchewan,Alberta,,53.716801,-113.218697
A0E,Burin Peninsula (Marystown),Newfoundland and Labrador,,47.560699,-54.780102
H3C,Griffintown (Includes Île Notre-Dame & Île Sainte-Hélène),Quebec,,45.498001,-73.547203
K1V,Ottawa (Riverside Park / Hunt Club West / Riverside South / YOW),Ontario,,45.328098,-75.671898
L0P,Halton Regional Municipality (Campbellville),Ontario,,43.533401,-79.966301
G0E,Gaspésie-Nord (Grande-Vallée),Quebec,,48.918201,-65.373596
H3E,L'Île-Des-Soeurs,Quebec,,45.459400,-73.550102
V2C,Kamloops Central and Southeast,British Columbia,,50.543701,-120.093697
V6R,Vancouver (West Kitsilano / Jericho),British Columbia,,49.266602,-123.197601
L9K,Ancaster East,Ontario,,43.224998,-79.942703
N5Y,London (West Huron Heights / Carling),Ontario,,43.012299,-81.230698
G2B,Loretteville South,Quebec,,46.850498,-71.335701
G4A,Clermont,Quebec,,47.718399,-70.227600
T9W,Wainwright,Alberta,,52.839001,-110.857201
V9J,Courtenay Northern Outskirts,British Columbia,,49.724201,-125.260399
R0J,Riding Mountain (Neepawa),Manitoba,,50.584202,-100.134499
L8R,Hamilton (Central / Strathcona / South Dundurn),Ontario,,43.272598,-79.879204
N2C,Kitchener South Central,Ontario,,43.418201,-80.445099
G0N,Chaudière-Sud (Disraeli),Quebec,,46.106899,-71.245102
G1X,Sainte-Foy West,Quebec,,46.774899,-71.334396
H4N,Saint-Laurent Outer Northeast,Quebec,,45.526299,-73.664902
V6K,Vancouver (Central Kitsilano),British Columbia,,49.264599,-123.164803
V6Z,Vancouver (SW Downtown),British Columbia,,49.275501,-123.125198
J6Y,Terrebonne Southwest,Quebec,,45.700001,-73.751999
S4P,Regina Central,Saskatchewan,,50.418999,-104.677399
C1E,Charlottetown West,Prince Edward Island,,46.345100,-63.201099
L0S,Niagara Regional Municipality (Fonthill),Ontario,,43.024799,-79.219498
N1R,Cambridge Central,Ontario,,43.353001,-80.272697
T4E,Red Deer County,Alberta,,52.212002,-113.723900
R3J,Winnipeg (St. James-Assiniboia SE),Manitoba,,49.896599,-97.240402
L5V,Mississauga (East Credit),Ontario,,43.597198,-79.693100
M6E,York (Fairbank / Oakwood),Ontario,,43.688900,-79.450699
N9H,La Salle East,Ontario,,42.231800,-83.028099
N9Y,Kingsville,Ontario,,42.050201,-82.759804
T0E,Western Alberta (Jasper),Alberta,,53.402100,-117.230797
T1G,Taber,Alberta,,49.786999,-112.146004
J0K,Lanaudière-Nord (Saint-Esprit),Quebec,,46.796600,-73.870499
J6E,Joliette,Quebec,,46.016800,-73.449203
H2T,Plateau Mont-Royal West,Quebec,,45.524700,-73.595299
H4K,Cartierville Southwest,Quebec,,45.517101,-73.736298
B1Y,Alder Point,Nova Scotia,,46.234299,-60.357700
L7G,Georgetown,Ontario,,43.650101,-79.916298
N5V,London (YXU / North and East Argyle / East Huron Heights),Ontario,,43.023300,-81.164299
T7V,Hinton,Alberta,,53.400101,-117.585701
A1H,St. John's Southwest,Newfoundland and Labrador,,47.483002,-52.841499
N1C,Guelph South,Ontario,,43.492100,-80.226700
G2K,Quebec City Outer North,Quebec,,46.854500,-71.304398
H7H,Auteuil West,Quebec,,45.640900,-73.754204
E9B,Blackville,New Brunswick,,46.739799,-65.831902
K2T,Kanata (Marchwood),Ontario,,45.317001,-75.936699
H2E,Villeray Northeast,Quebec,,45.551399,-73.611603
H9W,Beaconsfield,Quebec,,45.433399,-73.865898
B3R,Halifax South,Nova Scotia,,44.593899,-63.603100
K6K,Cornwall North,Ontario,,45.061001,-74.777397
E6C,Durham Bridge,New Brunswick,,46.116798,-66.598900
E8S,Shippagan,New Brunswick,,47.739601,-64.690399
L4A,Stouffville,Ontario,,43.966801,-79.249603
P3L,Greater Sudbury (Garson),Ontario,,46.594200,-80.849998
P9A,Fort Frances,Ontario,,48.618698,-93.136299
J7J,Mirabel Northeast,Quebec,,45.704498,-73.947197
T9J,Fort McMurray Inner Central,Alberta,,56.707001,-111.377098
V9M,Comox,British Columbia,,49.682899,-124.936096
J7N,Mirabel Southwest,Quebec,,45.634499,-74.100502
V2M,Prince George West Central,British Columbia,,53.912701,-122.870796
V6N,Vancouver (Dunbar- Southlands / Musqueam),British Columbia,,49.230202,-123.189003
E2A,Bathurst,New Brunswick,,47.618099,-65.651100
A0L,Western Newfoundland (Lark Harbour),Newfoundland and Labrador,,48.944500,-58.064499
B1M,Sydney East,Nova Scotia,,46.126999,-60.069599
J6A,Repentigny South,Quebec,,45.739498,-73.458801
T5W,Edmonton (Central Beverly),Alberta,,53.564499,-113.402199
T9S,Athabasca,Alberta,,54.716900,-113.285400
G1S,Quebec City South,Quebec,,46.793301,-71.245300
G8M,Albanel,Quebec,,48.883202,-72.448700
J4B,Boucherville,Quebec,,45.591000,-73.436096
S4W,Regina Southwest,Saskatchewan,,50.407799,-104.653603
V2A,Penticton,British Columbia,,49.480598,-119.585800
P0L,Cochrane Region (Hearst),Ontario,,51.970001,-83.536903
L3M,Grimsby,Ontario,,43.200100,-79.566299
L6Z,Brampton West Central,Ontario,,43.732800,-79.795303
P7A,Thunder Bay Northeast,Ontario,,48.460098,-89.203499
H8R,Saint-Pierre,Quebec,,45.416302,-73.655800
H8Z,Pierrefonds,Quebec,,45.506901,-73.840698
J0N,Région d'Oka (Oka),Quebec,,45.617298,-73.948303
V0W,Atlin Region (Atlin),British Columbia,,59.637798,-133.543304
A1B,St. John's Northwest Newfoundland & Labrador Provincial Government,Newfoundland and Labrador,,47.569801,-52.779598
S2V,Buena Vista,Saskatchewan,,50.783401,-104.951103
B1W,Eskasoni,Nova Scotia,,45.932800,-60.643799
N1P,Cambridge South,Ontario,,43.339802,-80.295502
J8B,Sainte-Adèle,Quebec,,45.950100,-74.132500
R3T,Winnipeg (Fort Garry NE / University of Manitoba),Manitoba,,49.814301,-97.153099
R8A,Flin Flon,Manitoba,,54.768200,-101.864998
L2P,St. Catharines East,Ontario,,43.152699,-79.209099
M3L,Downsview West,Ontario,,43.733398,-79.511597
G2L,Charlesbourg North,Quebec,,46.889500,-71.254501
G3H,Pont-Rouge,Quebec,,46.754700,-71.695702
G6K,Saint- Redempteur,Quebec,,46.688000,-71.302803
S6H,Moose Jaw Southeast,Saskatchewan,,50.263500,-105.581497
T8V,Grande Prairie Central,Alberta,,55.173000,-118.758202
V4V,Winfield,British Columbia,,50.022099,-119.405403
R6M,Morden,Manitoba,,49.191898,-98.101402
G2A,Loretteville North,Quebec,,46.875099,-71.391998
L1Y,Pickering North,Ontario,,43.955502,-79.119400
V6P,Vancouver (SE Kerrisdale / SW Oakridge / West Marpole),British Columbia,,49.215099,-123.139603
R2N,Winnipeg (St. Vital SW),Manitoba,,49.783798,-97.097298
S6X,Prince Albert East,Saskatchewan,,53.193600,-105.702499
V5E,Burnaby (Lakeview-Mayfield / Richmond Park / Kingsway-Beresford),British Columbia,,49.227200,-122.957397
V5Y,Vancouver (West Mount Pleasant / West Riley Park- Little Mountain),British Columbia,,49.249199,-123.110397
A0C,Bonavista Peninsula (Bonavista),Newfoundland and Labrador,,48.384300,-53.908100
L1E,Courtice,Ontario,,43.896900,-78.768303
N5P,St. Thomas North,Ontario,,42.777901,-81.176903
G5Y,Saint-Georges Central,Quebec,,46.132599,-70.637497
S4X,Regina Northwest,Saskatchewan,,50.502399,-104.594597
T5M,Edmonton (South Westmount / Groat Estate / East Northwest Industrial),Alberta,,53.563000,-113.566200
T7S,Whitecourt,Alberta,,54.150101,-115.685501
B3K,Halifax Upper Harbour,Nova Scotia,,44.661999,-63.601700
K8B,Pembroke (Pleasant View / Fairview),Ontario,,45.807999,-77.080597
G1M,Quebec City North Central,Quebec,,46.818298,-71.270599
J8V,Gatineau Northwest,Quebec,,45.571098,-75.761497
T4N,Red Deer Central,Alberta,,52.231602,-113.835800
R3R,Winnipeg (Assiniboine South / Betsworth),Manitoba,,49.854599,-97.287399
A2N,Stephenville,Newfoundland and Labrador,,48.549999,-58.581799
K1R,Ottawa (West Downtown area),Ontario,,45.412300,-75.710800
L3K,Port Colborne,Ontario,,42.900101,-79.232903
V7E,Richmond Southwest,British Columbia,,49.132301,-123.170502
R2W,Winnipeg (Point Douglas East),Manitoba,,49.919498,-97.135399
V8R,Oak Bay North,British Columbia,,48.449600,-123.302597
E7J,Bath,New Brunswick,,46.580700,-67.591103
E8B,Kedgwick,New Brunswick,,47.644600,-67.343399
A1N,Mount Pearl,Newfoundland and Labrador,,47.519402,-52.812199
B3A,Dartmouth Southwest,Nova Scotia,,44.681900,-63.576801
K2A,Ottawa (Highland Park / Carlingwood),Ontario,,45.380501,-75.763603
V3S,Surrey East,British Columbia,,49.079102,-122.755302
V6E,Vancouver (South West End),British Columbia,,49.283298,-123.129799
J3L,Chambly,Quebec,,45.450100,-73.282501
J5R,La Prairie,Quebec,,45.416801,-73.499199
J5Z,Repentigny West,Quebec,,45.764301,-73.503601
J9V,Ville-Marie,Quebec,,47.333401,-79.432999
P4P,Timmins North,Ontario,,48.498501,-81.344803
H4B,Notre-Dame-de-GrÔce Southwest,Quebec,,45.460400,-73.630302
L1J,Oshawa Southwest,Ontario,,43.885201,-78.877098
M4K,East Toronto (The Danforth West / Riverdale),Ontario,,43.680302,-79.353798
G6E,Sainte-Marie,Quebec,,46.433998,-71.011703
G8Z,Trois-Rivières Northeast,Quebec,,46.345798,-72.571602
H7M,Vimont,Quebec,,45.598400,-73.715897
Y1A,Whitehorse,Yukon,,60.716099,-135.053696
A0N,Port au Port Peninsula region (St. George's),Newfoundland and Labrador,,48.086800,-57.823101
L0N,Dufferin County (Shelburne),Ontario,,44.031700,-80.206802
B4A,Bedford Southeast,Nova Scotia,,44.723202,-63.655998
N1H,Guelph Northwest,Ontario,,43.555698,-80.258598
N8W,Windsor (South Walkerville / West Fontainbleu / Walker Farm / Devonshire),Ontario,,42.283600,-82.977097
G2J,Quebec City Inner North,Quebec,,46.839901,-71.278099
J1Z,Saint-Cyrille- De-Wendover,Quebec,,45.933399,-72.432404
V5R,Vancouver (South Renfrew- Collingwood),British Columbia,,49.239700,-123.040703
R2L,Winnipeg (River East South),Manitoba,,49.907501,-97.099602
K0M,Kawartha lakes and Haliburton County (Bobcaygeon),Ontario,,44.864498,-78.655296
K2W,Kanata (North March),Ontario,,45.369900,-75.988701
L5E,Mississauga (Central Lakeview),Ontario,,43.583599,-79.560997
M5T,Downtown Toronto (Kensington Market / Chinatown / Grange Park),Ontario,,43.654099,-79.397797
N4G,Tillsonburg,Ontario,,42.859901,-80.726196
P7J,Thunder Bay South,Ontario,,48.283401,-89.366798
T1V,High River,Alberta,,50.583401,-113.868698
B2T,Enfield,Nova Scotia,,44.874901,-63.468899
J0X,Outaouais-Sud (Thurso),Quebec,,46.306999,-76.765297
G6C,Pintendre,Quebec,,46.770100,-71.090599
L7K,Caledon Village,Ontario,,43.860199,-79.996002
N8H,Leamington,Ontario,,42.054901,-82.606201
V9G,Ladysmith,British Columbia,,48.982899,-123.819397
H8P,LaSalle Southeast,Quebec,,45.415199,-73.610703
V1J,Fort St. John,British Columbia,,56.249901,-120.852898
V2G,Williams Lake,British Columbia,,52.141499,-122.144501
N1S,Cambridge Southwest,Ontario,,43.359200,-80.334702
P0S,Lake Superior East Shore (Wawa),Ontario,,48.171600,-84.101196
H2L,Centre-Sud South,Quebec,,45.518600,-73.554497
S0H,Southern Saskatchewan (Assiniboia),Saskatchewan,,49.984100,-106.249001
M6G,Downtown Toronto (Christie),Ontario,,43.668301,-79.420502
N0P,Kent (Blenheim),Ontario,,42.444801,-82.180496
M9W,Etobicoke Northwest (Clairville / Humberwood / Woodbine Downs / West Humber / Kipling Heights / Rexdale / Elms / Tandridge / Old Rexdale),Ontario,,43.714401,-79.590897
N6H,London West (Central Hyde Park / Oakridge),Ontario,,42.991501,-81.340202
N9J,La Salle West,Ontario,,42.218700,-83.080101
P0T,Lake Superior North Shore (Marathon),Ontario,,49.292400,-88.755997
R0K,Brandon Region (Killarney),Manitoba,,49.555000,-99.715401
M9M,North York (Humberlea / Emery),Ontario,,43.736599,-79.540100
L9R,Alliston,Ontario,,44.150101,-79.866302
J2C,Drummondville Central,Quebec,,45.889301,-72.505501
V1C,Cranbrook,British Columbia,,49.499901,-115.768799
V3M,New Westminster Southwest (Includes Annacis Island),British Columbia,,49.188599,-122.938400
V8T,Victoria North,British Columbia,,48.439201,-123.356598
R7A,Brandon Southeast,Manitoba,,49.817402,-99.956497
L9S,Innisfil,Ontario,,44.300098,-79.649597
M8Y,Etobicoke (Old Mill South / King's Mill Park / Sunnylea / Humber Bay / Mimico NE / The Queensway East / Royal York South East / Kingsway Park South East),Ontario,,43.632500,-79.493896
H9K,Senneville,Quebec,,45.457699,-73.916199
T1S,Okotoks,Alberta,,50.736198,-113.969498
T3C,Calgary (Rosscarrock / Wildwood / Shaganappi / Sunalta),Alberta,,51.049702,-114.139397
J2E,Drummondville Northwest,Quebec,,45.909901,-72.528900
J3B,Saint-Jean- sur-Richelieu Central,Quebec,,45.283199,-73.279198
T1B,Medicine Hat South,Alberta,,49.834999,-110.520302
V4S,Mission West,British Columbia,,49.252800,-122.357399
G1H,Charlesbourg South,Quebec,,46.852798,-71.257301
R7N,Dauphin,Manitoba,,51.149399,-100.050201
G1C,Beauport Central,Quebec,,46.880100,-71.195999
R3K,Winnipeg (St. James-Assiniboia SW),Manitoba,,49.873402,-97.306999
L8S,Hamilton (Westdale / Cootes Paradise / Ainslie Wood),Ontario,,43.260601,-79.916100
M1X,Scarborough (Upper Rouge),Ontario,,43.834000,-79.206902
P7C,Thunder Bay Central,Ontario,,48.352001,-89.464897
H4Z,Tour de la Bourse,Quebec,,45.506100,-73.557297
T5J,Edmonton (North Downtown),Alberta,,53.542801,-113.497398
V8G,Terrace,British Columbia,,54.516300,-128.603500
L1H,Oshawa Southeast,Ontario,,43.972099,-78.883698
H7C,Saint-Vincent-de-Paul,Quebec,,45.616798,-73.649200
J0R,Lanaudière-Sud (Prévost),Quebec,,45.866001,-74.178497
V1W,Kelowna Southwest,British Columbia,,49.812000,-119.507599
A1M,Portugal Cove-St. Philips,Newfoundland and Labrador,,47.620701,-52.831799
N4T,Woodstock North,Ontario,,43.148499,-80.731903
H2C,Ahuntsic Central,Quebec,,45.560600,-73.658401
H7E,Duvernay,Quebec,,45.623600,-73.674797
R2J,Winnipeg (St. Boniface NE),Manitoba,,49.866501,-97.063301
B1K,Marion Bridge,Nova Scotia,,45.966801,-60.231800
N5X,London (Fanshawe / Stoneybrook / Stoney Creek / Uplands / East Masonville),Ontario,,43.044300,-81.239098
H4C,Saint-Henri,Quebec,,45.473701,-73.588203
H9X,Sainte-Anne-De- Bellevue,Quebec,,45.406200,-73.945602
T4P,Red Deer North,Alberta,,52.295399,-113.807297
L5C,Mississauga (West Creditview / Mavis / Erindale),Ontario,,43.562401,-79.650398
L6J,Oakville Northeast,Ontario,,43.475700,-79.659103
L6W,Brampton Southeast,Ontario,,43.680000,-79.727303
M4P,Central Toronto (Davisville North),Ontario,,43.713501,-79.388702
P0H,Nipissing North (Callander),Ontario,,46.310902,-79.361702
G0H,Manicouagan (Baie-Trinité),Quebec,,49.379501,-67.894798
H4T,Saint-Laurent Southeast,Quebec,,45.475201,-73.696098
T0G,North Central Alberta (Slave Lake),Alberta,,55.699299,-114.452904
T7N,Barrhead,Alberta,,54.133400,-114.402100
J2S,Saint-Hyacinthe Southwest,Quebec,,45.613899,-72.991203
P0R,Algoma Southwest (Blind River),Ontario,,46.598400,-83.038498
G3Z,Baie-Saint-Paul,Quebec,,47.441101,-70.498596
V0J,Omineca and Yellowhead (Smithers),British Columbia,,55.996399,-126.857399
L8P,Hamilton (Durand / Kirkendall / Chedoke Park),Ontario,,43.251400,-79.892502
N7X,Sarnia Northeast,Ontario,,43.021400,-82.321198
P1P,Gravenhurst,Ontario,,44.916801,-79.366302
G1K,Quebec City Mid-Riverbank,Quebec,,46.813999,-71.219398
G9C,Trois-Rivières West,Quebec,,46.392200,-72.672501
S7P,Saskatoon North,Saskatchewan,,52.268799,-106.507599
T2Z,Calgary (Douglas Glen / McKenzie Lake / Copperfield / East Shepard),Alberta,,50.927799,-113.968201
N2R,Kitchener South,Ontario,,43.384899,-80.487000
L4N,Barrie South,Ontario,,44.357201,-79.692902
P7B,Thunder Bay North Central,Ontario,,48.947498,-89.406303
G0M,Région de Beauce (Saint-Prosper-De- Dorchester),Quebec,,45.971802,-70.656502
G1A,Quebec Provincial Government,Quebec,,46.858799,-71.192001
G3C,Stoneham-et-Tewkesbury,Quebec,,47.169102,-71.433197
J2J,Granby West,Quebec,,45.400501,-72.782501
V7C,Richmond West,British Columbia,,49.162601,-123.172096
R8N,Thompson,Manitoba,,55.743500,-97.855797
S4S,Regina South Saskatchewan Provincial Government,Saskatchewan,,50.415298,-104.610298
H0M,Akwesasne Region (Akwesasne),Quebec,,45.698601,-73.502502
S0N,Southwestern Saskatchewan (Maple Creek),Saskatchewan,,49.911598,-108.723602
V0E,Central Okanagan and High Country (Revelstoke),British Columbia,,51.505001,-119.203400
M1R,Scarborough (Wexford / Maryvale),Ontario,,43.750702,-79.300301
M3C,Don Mills South (Flemingdon Park),Ontario,,43.733398,-79.332901
N6J,London (Southcrest / East Westmount / West Highland),Ontario,,42.954601,-81.273499
V1H,Vernon West,British Columbia,,50.286800,-119.497498
V9T,Nanaimo North,British Columbia,,49.214600,-124.019997
M1W,Scarborough (Steeles West / L'Amoreaux West),Ontario,,43.801601,-79.321602
N0C,Georgian Bay Southwest Shore (Dundalk),Ontario,,44.256100,-80.502899
P3C,Greater Sudbury (Gatchell / West End / Little Britain),Ontario,,46.513302,-81.022499
H7K,Auteuil South,Quebec,,45.621300,-73.739799
T3P,Calgary (Symons Valley),Alberta,,51.207401,-114.134804
K0H,"Frontenac County, Addington County, Loyalist Shores and Southwest Leeds (Inverary)",Ontario,,44.720798,-76.833397
N4N,Hanover,Ontario,,44.150101,-81.032997
G7Z,Jonquière Northwest,Quebec,,48.438099,-71.264198
G9X,La Tuque,Quebec,,47.433399,-72.782402
S0M,Northwestern Saskatchewan (Battleford),Saskatchewan,,54.923500,-108.957199
L4L,Woodbridge South,Ontario,,43.806400,-79.599503
N3V,Brantford Northwest,Ontario,,43.173401,-80.297997
J4M,Longueuil East,Quebec,,45.541801,-73.438202
V5C,Burnaby (Burnaby Heights / Willingdon Heights / West Central Valley),British Columbia,,49.273998,-123.007401
J0W,Outaouais-Nord (Ferme-Neuve),Quebec,,47.092098,-75.796700
V6J,Vancouver (NW Shaughnessy / East Kitsilano / Quilchena),British Columbia,,49.260300,-123.146004
B4V,Bridgewater,Nova Scotia,,44.383499,-64.515503
K7P,Kingston (Westbrook / Cataraqui Woods / Cedarwood),Ontario,,44.281399,-76.611099
G4Z,Baie-Comeau Northeast,Quebec,,51.087200,-68.632004
H4H,Verdun South,Quebec,,45.445900,-73.581497
T0A,Eastern Alberta (St. Paul),Alberta,,54.765999,-111.717400
T5G,Edmonton (North Central / Queen Mary Park / YXD),Alberta,,53.570499,-113.505096
N1K,Guelph West,Ontario,,43.524300,-80.286301
G5R,Rivière-du-Loup,Quebec,,47.830399,-69.534203
T8T,St. Albert,Alberta,,53.686699,-113.710197
B1P,Sydney North Central,Nova Scotia,,46.109299,-60.228500
X0G,Southwestern Northwest Territories (Fort Liard),Northwest Territory,,60.256302,-123.382599
G7N,Laterrière,Quebec,,48.200699,-71.142601
J7K,Mascouche Extremities,Quebec,,45.770000,-73.604897
T7Z,Stony Plain,Alberta,,53.533401,-114.002098
E5P,Apohaqui,New Brunswick,,45.759899,-65.670403
X0B,Central Nunavut (Cambridge Bay),Nunavut Territory,,68.695900,-104.922798
K1X,Gloucester South,Ontario,,45.275600,-75.628304
K4M,Manotick,Ontario,,45.215401,-75.652802
K6H,Cornwall East,Ontario,,45.056499,-74.685204
L1C,Bowmanville West,Ontario,,43.971401,-78.709503
L5G,Mississauga (SW Lakeview / Mineola / East Port Credit),Ontario,,43.564701,-79.585197
V5J,Burnaby (Suncrest / Sussex-Nelson / Clinton-Glenwood / West Big Bend),British Columbia,,49.203800,-122.992104
V5N,Vancouver (South Grandview- Woodlands / NE Kensington),British Columbia,,49.255100,-123.066704
H9S,L'Île-Dorval,Quebec,,45.441399,-73.774902
J0T,Laurentides-Nord (Montcalm),Quebec,,46.300201,-74.585503
L9H,Dundas,Ontario,,43.263802,-79.952400
G6X,Charny,Quebec,,46.715099,-71.261200
E4W,Richibucto,New Brunswick,,46.680698,-64.880402
A1A,St. John's North,Newfoundland and Labrador,,47.594101,-52.737099
B1G,Dominion,Nova Scotia,,46.216801,-60.015099
M4V,Central Toronto (Summerhill West / Rathnelly / South Hill / Forest Hill SE / Deer Park),Ontario,,43.686100,-79.402496
M6M,York (Del Ray / Keelsdale / Mount Dennis / Silverthorne),Ontario,,43.693401,-79.485703
G0X,Mauricie (Parent),Quebec,,47.916801,-74.615898
T5Y,Edmonton (Landbank / Oliver / East Lake District),Alberta,,53.658501,-113.361397
V4C,Delta Northeast,British Columbia,,49.155102,-122.912399
J5V,Louiseville,Quebec,,46.255901,-72.941498
M1E,Scarborough (Guildwood / Morningside / Ellesmere),Ontario,,43.767799,-79.186600
M9V,Etobicoke (South Steeles / Silverstone / Humbergate / Jamestown / Mount Olive / Beaumond Heights / Thistletown / Albion Gardens),Ontario,,43.743198,-79.587601
N0E,Brant and Norfolk (Waterford),Ontario,,42.866001,-80.432899
V9B,Highlands,British Columbia,,48.479301,-123.527100
E4V,Saint-Antoine,New Brunswick,,46.362900,-64.749901
B4G,Lower Sackville North,Nova Scotia,,44.881401,-63.679798
K9L,Peterborough (Terra View Heights / Woodland Acres / Donwood),Ontario,,44.336498,-78.309196
N8A,Wallaceburg,Ontario,,42.592999,-82.388496
N9K,Tecumseh Central,Ontario,,42.297798,-82.870102
J8G,Chatham,Quebec,,45.683399,-74.415901
S7S,Saskatoon Northeast,Saskatchewan,,52.160900,-106.586403
T2N,Calgary (Kensington / Westmont / Parkdale / University),Alberta,,51.062099,-114.115898
V7W,West Vancouver West,British Columbia,,49.361500,-123.262703
H3S,Côte-des-Neiges North,Quebec,,45.506302,-73.629700
E6H,Canterbury,New Brunswick,,45.895401,-67.467796
B2X,Dartmouth North Central,Nova Scotia,,44.702000,-63.533001
E7B,Saint-Jacques,New Brunswick,,47.565498,-68.312698
L6E,Markham Northeast,Ontario,,43.900200,-79.267601
M2K,North York (Bayview Village),Ontario,,43.779701,-79.381302
M5S,Downtown Toronto (University of Toronto / Harbord),Ontario,,43.662899,-79.398697
T5C,Edmonton (Central Londonderry),Alberta,,53.599602,-113.454903
V1B,Vernon East,British Columbia,,50.084000,-118.938004
H2B,Ahuntsic North,Quebec,,45.574100,-73.650703
N3A,Baden,Ontario,,43.400101,-80.649696
G6P,Victoriaville Central,Quebec,,46.052898,-71.947701
J3X,Varennes,Quebec,,45.683399,-73.432503
J8H,Lachute,Quebec,,45.650101,-74.332497
S4Z,Regina Northeast,Saskatchewan,,50.449699,-104.532303
T3Z,Redwood Meadows,Alberta,,51.069099,-114.472702
V3J,Coquitlam North,British Columbia,,49.264999,-122.871597
N6G,London (Sunningdale / West Masonville / Medway / NE Hyde Park / East Fox Hollow),Ontario,,43.014702,-81.304901
N7G,Strathroy,Ontario,,42.955101,-81.622299
P0N,Timmins Region (South Porcupine),Ontario,,48.602699,-81.011497
G2C,Quebec City Northwest,Quebec,,46.828701,-71.334000
H7J,Auteuil Northeast,Quebec,,45.662498,-73.700203
V9A,Esquimalt,British Columbia,,48.449600,-123.419296
E7G,Plaster Rock,New Brunswick,,46.906502,-67.389999
V7Y,Vancouver (Pacific Centre),British Columbia,,49.281898,-123.119003
E9H,Brantville,New Brunswick,,47.352798,-65.053802
B3H,Halifax Lower Harbour,Nova Scotia,,44.634399,-63.582199
G3J,Val-Bélair North,Quebec,,46.860298,-71.475197
G6L,Plessisville,Quebec,,46.218601,-71.762001
V1S,Kamloops Southwest,British Columbia,,50.558300,-120.547699
V7N,North Vancouver Northwest Central,British Columbia,,49.349998,-123.067902
M8V,Etobicoke (New Toronto / Mimico South / Humber Bay Shores),Ontario,,43.607498,-79.501297
N1L,Guelph East,Ontario,,43.515999,-80.190002
G1R,Quebec City East,Quebec,,46.807400,-71.218102
H1G,Montreal North North,Quebec,,45.610901,-73.621101
J8C,Sainte-Agathe- Des-Monts,Quebec,,46.050098,-74.282501
K1G,Ottawa (Riverview / Hawthorne),Ontario,,45.354801,-75.577301
M6K,West Toronto (Brockton / Parkdale Village / Exhibition Place),Ontario,,43.638302,-79.430099
L4C,Richmond Hill Southwest,Ontario,,43.866901,-79.441399
N5L,Port Stanley,Ontario,,42.666801,-81.216400
J7C,Sainte-Thérèse- de-Blainville Northwest,Quebec,,45.688999,-73.867104
J8Z,Hull North,Quebec,,45.471600,-75.761597
V4E,Delta East,British Columbia,,49.119701,-122.905602
B2N,Truro,Nova Scotia,,45.366798,-63.265400
R2V,Winnipeg (Seven Oaks East),Manitoba,,49.954800,-97.111198
N1E,Guelph North,Ontario,,43.567699,-80.241798
G0C,Gaspésie-Sud (New Richmond),Quebec,,48.342899,-65.596100
H7A,Duvernay-Est,Quebec,,45.673901,-73.592400
S7R,Saskatoon Northwest,Saskatchewan,,52.158798,-106.716301
V6X,Richmond North,British Columbia,,49.183601,-123.116798
V9V,Nanaimo Northwest,British Columbia,,49.239101,-124.022697
G8J,Saint-Prime,Quebec,,48.583401,-72.332397
J1L,Sherbrooke Northwest,Quebec,,45.411301,-71.958603
J5L,Saint-Jérôme West,Quebec,,45.798698,-74.072701
A0H,Central Newfoundland (Bishops Falls),Newfoundland and Labrador,,48.431099,-56.175800
M5M,North York (Bedford Park / Lawrence Park West / Lawrence Manor East),Ontario,,43.733501,-79.417702
R0L,Western Manitoba (Swan River),Manitoba,,52.009201,-100.290100
E7H,Perth-Andover,New Brunswick,,46.735500,-67.703903
K2K,Kanata (Beaverbrook / South March),Ontario,,45.370399,-75.919800
M1V,Scarborough (Milliken / Agincourt North / Steeles East / L'Amoreaux East),Ontario,,43.817699,-79.281898
T0K,International Border Region (Cardston),Alberta,,49.472099,-112.240799
V3V,Surrey Outer Northwest,British Columbia,,49.188900,-122.873001
E5H,Pennfield,New Brunswick,,45.116798,-66.682198
K1P,Ottawa (Parliament Hill),Ontario,,45.422501,-75.702599
H1P,Saint-Léonard North,Quebec,,45.596600,-73.592796
V2L,Prince George East Central,British Columbia,,53.907799,-122.747299
V8W,Victoria Central British Columbia Provincial Government,British Columbia,,48.426701,-123.365501
R2R,Winnipeg (Inkster West),Manitoba,,49.937698,-97.216202
G8H,Roberval,Quebec,,48.516800,-72.232399
L3P,Markham Central,Ontario,,43.906898,-79.269501
L5R,Mississauga (West Hurontario / SW Gateway),Ontario,,43.605999,-79.670799
M1M,Scarborough (Cliffside / Cliffcrest / Scarborough Village West),Ontario,,43.724701,-79.231201
N2B,Kitchener Northeast,Ontario,,43.464600,-80.446701
V7H,North Vancouver Inner East,British Columbia,,49.355099,-122.980202
B3B,Dartmouth Northwest,Nova Scotia,,44.709099,-63.586899
T6A,Edmonton (North Capilano),Alberta,,53.548199,-113.431801
V0A,Upper Columbia Region (Golden),British Columbia,,51.299400,-116.939003
V2X,Maple Ridge West,British Columbia,,49.219601,-122.616402
E4B,Minto,New Brunswick,,46.084801,-66.062202
E4L,Sackville,New Brunswick,,45.918800,-64.384499
K0B,Prescott and Russell United Counties (Alfred),Ontario,,45.502899,-74.747902
T0H,Northwestern Alberta (High Level),Alberta,,57.540298,-116.915298
T5N,Edmonton (Glenora / SW Downtown Fringe),Alberta,,53.543598,-113.557404
L4V,Mississauga (Wildwood),Ontario,,43.693501,-79.606903
J4Z,Brossard Northeast,Quebec,,45.442402,-73.423103
E2E,"Rothesay, Quispamsis",New Brunswick,,45.413700,-65.982002
B3N,Halifax South Central,Nova Scotia,,44.631001,-63.640499
K7K,Kingston (SW Pittsburgh Township),Ontario,,44.256901,-76.471703
L2W,St. Catharines West,Ontario,,43.168800,-79.279404
L6V,Brampton Central,Ontario,,43.705898,-79.762604
J2L,Bromont,Quebec,,45.316799,-72.649101
V6C,Vancouver (Waterfront / Coal Harbour / Canada Place),British Columbia,,49.286900,-123.117699
R4H,Headingley East,Manitoba,,49.876099,-97.381203
V0X,Similkameen (Hope),British Columbia,,49.368801,-120.656898
V2T,Abbotsford Southwest,British Columbia,,49.038399,-122.348503
T2A,Calgary (Penbrooke Meadows / Marlborough),Alberta,,51.049400,-113.956398
V0B,East Kootenays (Fernie),British Columbia,,49.677502,-115.563599
B5A,Yarmouth,Nova Scotia,,43.833500,-66.115601
L2S,St. Catharines Southwest,Ontario,,43.144699,-79.263397
G7G,Chicoutimi North,Quebec,,48.445000,-71.102501
H1Y,Rosemont South,Quebec,,45.548599,-73.578796
T1J,Lethbridge West and Central,Alberta,,49.658100,-112.748398
T3K,Calgary (Sandstone / Harvest Hills / Coventry Hills / Panorama Hills / Beddington),Alberta,,51.156300,-114.057198
L3R,Markham Outer Southwest,Ontario,,43.847900,-79.328796
N8X,Windsor South Central (West Walkerville / Remington Park),Ontario,,42.292599,-83.018600
G6V,Lévis North,Quebec,,46.803299,-71.177902
H3K,Pointe-Saint-Charles,Quebec,,45.480499,-73.555397
J1H,Sherbrooke Central,Quebec,,45.416100,-71.893898
V2W,Maple Ridge East,British Columbia,,49.206799,-122.485100
A1G,St. John's South,Newfoundland and Labrador,,47.506001,-52.760300
M4T,Central Toronto (Moore Park / Summerhill East),Ontario,,43.689899,-79.385300
M5L,Downtown Toronto (Commerce Court / Victoria Hotel),Ontario,,43.649200,-79.382301
P2N,Kirkland Lake,Ontario,,48.144600,-80.037697
S9X,Meadow Lake,Saskatchewan,,54.133499,-108.434700
T2Y,Calgary (Millrise / Somerset / Bridlewood / Evergreen),Alberta,,50.909302,-114.102798
K8P,Belleville West,Ontario,,44.166500,-77.403702
E6A,Boiestown,New Brunswick,,46.455799,-66.419800
L1L,Oshawa North,Ontario,,43.958099,-78.897202
L3B,Welland East,Ontario,,42.987801,-79.221901
L8V,Hamilton (Raleigh / Macassa / Lawfield / Thorner / Burkholme / Eastmount),Ontario,,43.226601,-79.849899
H1V,Maisonneuve,Quebec,,45.558498,-73.538597
T2M,Calgary (Mount Pleasant / Capitol Hill / Banff Trail),Alberta,,51.132999,-113.856003
V8S,Oak Bay South,British Columbia,,48.419998,-123.304703
V0N,"North Island, Sunshine Coast, and Southern Gulf Islands (Whistler)",British Columbia,,50.583801,-125.179298
L4J,Thornhill West,Ontario,,43.815601,-79.453400
G5J,Amqui,Quebec,,48.463799,-67.431297
T3M,Calgary (Cranston),Alberta,,50.879601,-113.955498
T6T,Edmonton (Meadows),Alberta,,53.461700,-113.371002
B2Y,Dartmouth South Central,Nova Scotia,,44.074902,-60.606201
K7C,Carleton Place,Ontario,,45.133400,-76.149399
L4B,Richmond Hill Southeast,Ontario,,43.858200,-79.398499
L9P,Uxbridge,Ontario,,44.100101,-79.116302
V6W,Richmond Southeast,British Columbia,,49.153400,-123.047997
E5L,Fredericton Junction,New Brunswick,,45.660400,-66.613899
L5S,Mississauga (Cardiff / NE Gateway),Ontario,,43.680099,-79.678299
G8P,Chibougamau,Quebec,,49.916801,-74.365898
H4R,Saint-Laurent Central,Quebec,,45.504902,-73.714203
J2G,Granby Central,Quebec,,45.404598,-72.720200
V9C,Metchosin,British Columbia,,48.382900,-123.535896
V9H,Campbell River Outskirts,British Columbia,,49.908798,-125.586197
M5C,Downtown Toronto (St. James Park),Ontario,,43.651299,-79.375603
N3C,Cambridge Northeast,Ontario,,43.438900,-80.264900
G4W,Matane,Quebec,,48.828602,-67.522003
H9P,Dorval Outskirts,Quebec,,45.463902,-73.754303
T0V,Remote Northeast (Fitzgerald),Alberta,,59.904900,-111.671700
E5M,Gagetown,New Brunswick,,45.770100,-66.161697
H3V,Côte-des-Neiges East,Quebec,,45.499001,-73.608902
J9E,Maniwaki,Quebec,,46.383400,-75.966003
P0W,Rainy River Region (Emo),Ontario,,48.875000,-93.752197
H1L,Mercier North,Quebec,,45.604301,-73.517799
L6G,Markham Inner Southwest,Ontario,,43.848499,-79.334602
P3E,Greater Sudbury (Robinson / Lockerby),Ontario,,46.267601,-80.906303
J0E,Estrie-Ouest (Fulford),Quebec,,45.283100,-72.524399
S0J,Northern Saskatchewan (La Ronge),Saskatchewan,,57.199200,-105.824203
K1E,Orleans (Queenswood),Ontario,,45.477100,-75.504601
K2B,Ottawa (Britannia / Pinecrest),Ontario,,45.364498,-75.793404
E5N,Hampton,New Brunswick,,45.528801,-65.853500
K1K,Ottawa (Overbrook),Ontario,,45.444801,-75.643097
K1Z,Ottawa (Westboro),Ontario,,45.386700,-75.740501
M7Y,East Toronto Business Reply Mail Processing Centre 969 Eastern (Enclave of M4L),Ontario,,43.780399,-79.250504
N3T,Brantford Southwest,Ontario,,43.135502,-80.246696
G0R,Appalaches (La Pocatière),Quebec,,46.798000,-70.328796
R2X,Winnipeg (Point Douglas West / Inkster East),Manitoba,,49.932201,-97.173302
E4H,Hillsborough,New Brunswick,,45.919899,-64.655197
P2B,Sturgeon Falls,Ontario,,46.366798,-79.916397
G1T,Quebec City Upper Riverbank,Quebec,,46.774101,-71.260902
J7T,Vaudreuil- Dorion RCM,Quebec,,45.370201,-74.124901
L1A,Port Hope,Ontario,,44.016800,-78.399498
N4L,Meaford,Ontario,,44.600101,-80.583000
E5J,Lepreau,New Brunswick,,45.197899,-66.430801
M4R,Central Toronto (North Toronto West),Ontario,,43.714298,-79.406502
N5A,Stratford North,Ontario,,43.366798,-80.949699
N8M,Essex,Ontario,,42.175098,-82.824799
G7X,Jonquière Central,Quebec,,48.319901,-71.414902
J1K,Sherbrooke West,Quebec,,45.382198,-71.932701
V4M,Delta Southwest,British Columbia,,49.033100,-123.087700
V5B,Burnaby (Parkcrest-Aubrey / Ardingley-Sprott),British Columbia,,49.276901,-122.976097
J6X,Terrebonne Northwest,Quebec,,45.727501,-73.706200
S4H,Weyburn,Saskatchewan,,49.666801,-103.851097
L0V,Westminster Abbey,Ontario,,45.468899,-75.007896
M6B,North York (Glencairn),Ontario,,43.708099,-79.447899
N0N,Lambton (Forest),Ontario,,42.906200,-82.110001
G3N,Sainte-Catherine-de-la-Jacques-Cartier,Quebec,,46.852402,-71.620598
G6Z,Saint-Jean- Chrysostome,Quebec,,46.690102,-71.184898
G7J,Chicoutimi West,Quebec,,48.417500,-71.103104
V2B,Kamloops Northwest,British Columbia,,50.834900,-120.507103
K9J,Peterborough South,Ontario,,44.348301,-78.338303
G9H,Becancour,Quebec,,46.333401,-72.432404
G6R,Victoriaville South,Quebec,,46.015999,-71.956100
H4W,Côte-Saint-Luc West,Quebec,,45.464901,-73.682800
S7M,Saskatoon Southwest,Saskatchewan,,52.113300,-106.723503
V1X,Kelowna East Central,British Columbia,,50.052799,-119.285797
N0B,Wellington (Elora),Ontario,,43.556900,-80.441399
R4A,West St. Paul,Manitoba,,50.021099,-97.114700
A1C,St. John's North Central,Newfoundland and Labrador,,47.512402,-52.672901
B3Z,Tantallon,Nova Scotia,,44.638599,-63.868698
X0A,Outer Nunavut (Iqaluit),Nunavut Territory,,74.056900,-80.813499
L3Y,Newmarket Northeast,Ontario,,44.056499,-79.455498
M5P,Central Toronto (Forest Hill North & West),Ontario,,43.696602,-79.412003
V7X,Vancouver (Bentall Centre),British Columbia,,49.293499,-123.116203
R2Y,Winnipeg (St. James-Assiniboia NW),Manitoba,,49.907299,-97.294502
J6R,Mercier,Quebec,,45.316799,-73.749199
H1M,Mercier West,Quebec,,45.588299,-73.557198
H2S,Petite-Patrie Southwest,Quebec,,45.535400,-73.606102
V6T,Vancouver (UBC),British Columbia,,49.463501,-122.821999
R0H,South Interlake (MacGregor),Manitoba,,50.345798,-98.515198
K1L,Ottawa (Vanier),Ontario,,45.439999,-75.663002
L4M,Barrie North,Ontario,,44.400101,-79.666298
L5B,Mississauga (West Cooksville / Fairview / City Centre / East Creditview),Ontario,,43.577099,-79.630600
M4H,East York (Thorncliffe Park),Ontario,,43.705898,-79.346397
T3S,Calgary,Alberta,,50.915298,-113.893204
T6S,Edmonton (North Clover Bar),Alberta,,53.580601,-113.337402
S4V,Regina Southeast,Saskatchewan,,50.425098,-104.538902
S7W,Saskatoon,Saskatchewan,,52.157001,-106.561401
N0L,Elgin (Dorchester),Ontario,,42.755699,-81.453300
S0E,Eastern Saskatchewan (Melfort),Saskatchewan,,53.136299,-103.099899
M4J,East Toronto (The Danforth East),Ontario,,43.687199,-79.336800
G5M,Rimouski Northeast,Quebec,,48.496601,-68.458000
G8N,Hébertville,Quebec,,48.347301,-71.678596
H3X,Hampstead,Quebec,,45.481899,-73.642097
H9R,Pointe-Claire,Quebec,,45.448700,-73.816704
J0Y,Abitibi- Témiscamingue- Est (Radisson),Quebec,,52.104599,-75.280701
T4B,Airdrie West,Alberta,,51.308201,-114.039803
V3X,Surrey Lower West,British Columbia,,49.106701,-122.857597
J8E,Mont-Tremblant,Quebec,,46.194901,-74.626404
J9L,Mont-Laurier,Quebec,,46.550098,-75.499298
L2N,St. Catharines Northwest,Ontario,,43.192299,-79.255898
L7R,Burlington Southeast,Ontario,,43.375000,-79.843399
M7A,Queen's Park Ontario Provincial Government,Ontario,,43.664101,-79.388901
J9Y,Rouyn-Noranda North,Quebec,,48.160702,-79.071404
Y0B,Central Yukon (Dawson City),Yukon,,64.644997,-137.535995
V1N,Castlegar,British Columbia,,49.299801,-117.668900
K4C,Cumberland,Ontario,,45.498001,-75.391602
L9Y,Collingwood,Ontario,,44.483398,-80.216400
S7H,Saskatoon East Central,Saskatchewan,,52.116798,-106.634499
T5R,Edmonton (Central Jasper Place / Buena Vista),Alberta,,53.518101,-113.579697
V5H,Burnaby (Maywood / Marlborough / Oakalla / Windsor),British Columbia,,49.230202,-122.995201
N7M,Chatham Southeast,Ontario,,42.412998,-82.189301
N8T,Windsor (West Forest Glade / East Fontainbleu),Ontario,,42.303699,-82.945900
J3Z,Saint-Hubert East,Quebec,,45.491299,-73.395302
T7A,Drayton Valley,Alberta,,53.216801,-114.985397
K8H,Petawawa,Ontario,,45.894501,-77.280098
R5G,Steinbach,Manitoba,,49.525799,-96.684502
L4Z,Mississauga (West Rathwood / East Hurontario / SE Gateway),Ontario,,43.619202,-79.653801
L9G,Ancaster West,Ontario,,43.183601,-79.990196
M3J,North York (Northwood Park / York University),Ontario,,43.769402,-79.492104
V3Y,Pitt Meadows,British Columbia,,49.221199,-122.689598
R3G,Winnipeg (Minto / St. Mathews / Wolseley),Manitoba,,49.887600,-97.180702
R2K,Winnipeg (River East Central),Manitoba,,49.920300,-97.083000
K9V,Lindsay,Ontario,,44.350101,-78.732903
L3X,Newmarket Southwest,Ontario,,44.039600,-79.471497
H1R,Saint-Léonard West,Quebec,,45.586399,-73.608200
H4E,Ville Émard,Quebec,,45.454601,-73.598503
H7S,Chomedey Northeast,Quebec,,45.579300,-73.736702
T0C,Central Alberta (Stettler),Alberta,,52.492199,-112.811302
V3G,Abbotsford East,British Columbia,,49.075401,-122.178001
S0A,Yorkton Region (Melville),Saskatchewan,,51.481800,-102.906502
J4W,Brossard Northwest,Quebec,,45.467400,-73.483200
J4X,Brossard Southwest,Quebec,,45.445499,-73.484100
J9B,Chelsea,Quebec,,45.500099,-75.782700
S7J,Saskatoon South Central,Saskatchewan,,52.096100,-106.625198
T3R,Calgary Northwest,Alberta,,51.202099,-114.245300
L8J,Hamilton (East Albion Falls / South Stoney Creek),Ontario,,43.183601,-79.721001
P5E,Espanola,Ontario,,46.258400,-81.766502
J7H,Sainte-Thérèse- de-Blainville Southwest,Quebec,,45.620899,-73.872803
V5K,Vancouver (North Hastings- Sunrise),British Columbia,,49.280701,-123.039703
M6J,West Toronto (Rua Aþores / Trinity),Ontario,,43.647999,-79.417702
K4K,Rockland,Ontario,,45.550098,-75.291000
M4Y,Downtown Toronto (Church and Wellesley),Ontario,,43.665600,-79.383003
M6H,West Toronto (Dufferin / Dovercourt Village),Ontario,,43.665501,-79.437798
N2J,Waterloo Southeast,Ontario,,43.504002,-80.536598
P0C,Parry Sound Mid-Shore (Bala),Ontario,,45.127499,-79.786003
J6K,ChÔteauguay South,Quebec,,45.352600,-73.730499
E5C,St. George,New Brunswick,,45.126499,-66.831398
K1W,Gloucester (South Orleans),Ontario,,45.436501,-75.515800
P0K,Timiskaming North (Iroquois Falls A),Ontario,,48.523399,-80.308098
H7N,Laval-des-Rapides,Quebec,,45.550098,-73.699203
J2N,Farnham,Quebec,,45.283401,-72.982399
S4A,Estevan,Saskatchewan,,49.133400,-102.984200
V7T,West Vancouver Southeast,British Columbia,,49.332199,-123.141701
L5L,Mississauga (Erin Mills / Western Business Park),Ontario,,43.537300,-79.690300
E5B,St. Andrews,New Brunswick,,45.084499,-67.061699
E9G,Neguac,New Brunswick,,47.248901,-65.074097
A0P,Central Labrador (Happy Valley-Goose Bay),Newfoundland and Labrador,,54.954899,-61.602402
M1J,Scarborough (Eglinton),Ontario,,43.746399,-79.232300
G3K,Val-Bélair South,Quebec,,46.831501,-71.442902
H7L,Sainte-Rose,Quebec,,45.616798,-73.782501
T5B,Edmonton (East North Central / West Beverly),Alberta,,53.735298,-113.336899
T6W,Edmonton (Heritage Valley),Alberta,,53.417900,-113.578499
J4P,Saint-Lambert North,Quebec,,45.507301,-73.508202
M9A,Etobicoke (Islington Avenue),Ontario,,43.666199,-79.528198
N5H,Aylmer,Ontario,,42.766800,-80.983002
G6A,Saint-Georges Northwest,Quebec,,46.143700,-70.681702
J5Y,Repentigny Northeast,Quebec,,45.777401,-73.425201
J7B,Sainte-Thérèse- de-Blainville North,Quebec,,45.660198,-73.815697
T7P,Westlock,Alberta,,54.150200,-113.868797
M1L,Scarborough (The Golden Mile / Clairlea / Oakridge / Birchmount Park East),Ontario,,43.712200,-79.284302
K8V,Trenton,Ontario,,44.099201,-77.577599
M1G,Scarborough (Woburn),Ontario,,43.771198,-79.214401
N7A,Goderich,Ontario,,43.750099,-81.716499
P3G,Greater Sudbury (Lo-Ellen / McFarlane Lake),Ontario,,46.403099,-80.974503
P7K,Thunder Bay West,Ontario,,48.372799,-89.348396
G1V,Sainte-Foy Northeast,Quebec,,46.782299,-71.288200
T2G,Calgary (Inglewood / Burnsland / Chinatown / East Victoria Park / Saddledome),Alberta,,51.027199,-114.034897
R2C,Winnipeg (Transcona),Manitoba,,49.924702,-96.956299
G9P,Shawinigan Southeast,Quebec,,46.506802,-72.743599
J4L,Longueuil Southeast,Quebec,,45.518101,-73.457603
H9E,L'Île-Bizard Southwest,Quebec,,45.486500,-73.909203
B3J,Halifax Mid-Harbour Nova Scotia Provincial Government,Nova Scotia,,44.645100,-63.576199
K1B,Gloucester (Blackburn Hamlet / Pine View),Ontario,,45.428398,-75.587502
L7P,Burlington West,Ontario,,43.380600,-79.886002
L9L,Port Perry,Ontario,,44.106800,-78.944397
K0L,Peterborough County and North Hastings County (Lakefield),Ontario,,44.776699,-77.968697
K7H,Perth,Ontario,,44.900101,-76.249397
K6J,Cornwall West,Ontario,,45.022301,-74.756897
M1N,Scarborough (Birch Cliff / Cliffside West),Ontario,,43.695202,-79.264603
G8T,Cap-de-la- Madeleine Central and southeast,Quebec,,46.387699,-72.535698
J8Y,Hull Central,Quebec,,45.448002,-75.743401
T1K,Lethbridge Southeast,Alberta,,49.651100,-112.835098
E8P,Inkerman,New Brunswick,,47.667198,-64.824799
B2W,Dartmouth East Central,Nova Scotia,,44.675201,-63.507702
L7J,Acton,Ontario,,43.629700,-80.041496
H3H,Downtown Montreal South & West,Quebec,,45.500900,-73.587700
T8A,Sherwood Park West,Alberta,,53.528000,-113.251198
A0G,Northeast Newfoundland (Lewisporte),Newfoundland and Labrador,,48.865700,-54.729599
L2E,Niagara Falls Central,Ontario,,43.053699,-79.101799
L7C,Caledon,Ontario,,43.875301,-79.855797
T5H,Edmonton (North and East Downtown Fringe),Alberta,,53.551399,-113.491600
R3L,Winnipeg (River Heights East),Manitoba,,49.867001,-97.135597
K0K,"Quinte Shores, East Northumberland County & Prince Edward County (Picton)",Ontario,,44.326099,-77.431801
H3P,Mount Royal North,Quebec,,45.521702,-73.639297
J7P,Saint-Eustache Northeast,Quebec,,45.577900,-73.880898
E8J,Petit-Rocher,New Brunswick,,47.794102,-65.821899
B1N,Sydney North,Nova Scotia,,46.197498,-60.155899
N3S,Brantford Southeast,Ontario,,43.139400,-80.235703
N9C,Windsor (Sandwich / Ojibway / West Malden),Ontario,,42.276699,-83.079300
H9C,L'Île Bizard Northeast,Quebec,,45.505501,-73.878899
V1E,Salmon Arm,British Columbia,,50.699799,-119.269096
M4E,East Toronto (The Beaches),Ontario,,43.678398,-79.294098
B3P,Halifax North West Arm,Nova Scotia,,44.613899,-63.594601
L1R,Whitby Central,Ontario,,43.921501,-78.941200
N8N,Tecumseh Outskirts,Ontario,,42.294601,-82.866699
H1X,Rosemont Central,Quebec,,45.558300,-73.570099
J4T,Saint-Hubert West,Quebec,,45.497299,-73.467598
T0J,Southeastern Alberta (Drumheller),Alberta,,50.994400,-111.463203
V2S,Abbotsford Southeast,British Columbia,,49.042301,-122.283501
E1B,Riverview,New Brunswick,,46.054501,-64.816002
L4Y,Mississauga (West Applewood / West Dixie / NW Lakeview),Ontario,,43.602798,-79.592903
L6M,Oakville West,Ontario,,43.446400,-79.759300
P5N,Kapuskasing,Ontario,,49.416901,-82.433098
H7P,Fabreville,Quebec,,45.577999,-73.800400
J0A,Centre-du- Québec-Sud (Warwick),Quebec,,45.838200,-71.954201
T3E,Calgary (Lakeview / Glendale / Killarney / Glamorgan),Alberta,,50.989899,-114.157402
V3H,Port Moody,British Columbia,,49.323101,-122.862602
K1J,Gloucester (Beacon Hill / Cyrville),Ontario,,45.451900,-75.603600
L5A,Mississauga (Mississauga Valleys / East Cooksville),Ontario,,43.588299,-79.609100
N3W,Caledonia,Ontario,,43.066799,-79.932899
N9V,Amherstburg,Ontario,,42.116798,-83.049797
C1C,Charlottetown North,Prince Edward Island,,46.268700,-63.099701
G3L,Saint-Raymond,Quebec,,45.466999,-73.609497
T6N,Edmonton (South Industrial),Alberta,,53.465000,-113.477600
R2E,East St. Paul,Manitoba,,49.979099,-97.012802
H2X,Plateau Mont-Royal Southeast,Quebec,,45.511501,-73.568298
B9A,Port Hawkesbury,Nova Scotia,,45.616798,-61.348499
K2G,Nepean (Davidson Heights),Ontario,,45.321098,-75.739098
M9N,Weston,Ontario,,43.706799,-79.516998
H4M,Saint-Laurent East,Quebec,,45.497898,-73.688599
V1V,Kelowna North,British Columbia,,49.949699,-119.433899
B0V,Digby Neck (Digby),Nova Scotia,,44.529701,-65.949997
V0L,Chilcotin (Alexis Creek),British Columbia,,52.099300,-123.652603
V6G,Vancouver (North West End / Stanley Park),British Columbia,,49.299000,-123.140800
E7L,Florenceville,New Brunswick,,46.552799,-67.305000
A0B,Western Avalon Peninsula (Argentia),Newfoundland and Labrador,,47.327000,-53.660900
B3E,Porters Lake,Nova Scotia,,44.772202,-63.336102
K2C,Ottawa (Queensway / Copeland / Carlington / Carleton Heights),Ontario,,45.342999,-75.725304
T1Y,Calgary (Rundle / Whitehorn / Monterey Park),Alberta,,51.082298,-113.957802
T9C,Vegreville,Alberta,,53.500099,-112.051804
P0G,Parry Sound North Shore (Nobel),Ontario,,45.671799,-80.368797
G8E,Alma North,Quebec,,48.637699,-71.695702
J2W,Saint-Luc,Quebec,,45.369400,-73.313698
K2E,Nepean East,Ontario,,45.343800,-75.715698
L4W,Mississauga (Matheson / East Rathwood),Ontario,,43.641300,-79.629601
L8H,Hamilton (West Kentley / McQuesten / Parkview / Hamilton Beach / East Industrial Sector / Normanhurst / Homeside / East Crown Point),Ontario,,43.259602,-79.792503
G4R,Sept-Îles Southeast,Quebec,,50.855801,-67.051102
S4L,Regina East,Saskatchewan,,50.413200,-104.273300
V6Y,Richmond Central,British Columbia,,49.169998,-123.136803
E2V,Oromocto,New Brunswick,,45.835098,-66.479202
R5A,St. Adolphe,Manitoba,,49.712002,-97.083603
L6B,Markham East,Ontario,,43.900700,-79.217499
L7M,Burlington North,Ontario,,43.419102,-79.854401
M6R,West Toronto (Parkdale / Roncesvalles Village),Ontario,,43.646900,-79.452103
G0W,Région de Mistassini (Chambord),Quebec,,49.834000,-72.262299
G5X,Beauceville,Quebec,,46.217899,-70.778702
T6R,Edmonton (Riverbend),Alberta,,53.456699,-113.580101
R4L,St. Francois Xavier,Manitoba,,49.937199,-97.554497
S6K,Moose Jaw West,Saskatchewan,,50.453999,-105.641800
G6H,Black Lake,Quebec,,46.100201,-71.373299
H4G,Verdun North,Quebec,,45.464298,-73.569801
M4X,Downtown Toronto (St. James Town / Cabbagetown),Ontario,,43.668400,-79.368896
H9J,Kirkland,Quebec,,45.450100,-73.865898
V8J,Prince Rupert,British Columbia,,54.316101,-130.320099
K9H,Peterborough North,Ontario,,44.324501,-78.318398
T6X,Edmonton (Ellerslie),Alberta,,53.415401,-113.417801
M5R,Central Toronto (The Annex / North Midtown / Yorkville),Ontario,,43.673599,-79.403503
M8Z,Etobicoke (Mimico NW / The Queensway West / South of Bloor / Kingsway Park South West / Royal York South West),Ontario,,43.625599,-79.523102
N0A,West Haldimand (Port Dover),Ontario,,42.940300,-79.945000
P3B,Greater Sudbury (Downtown / Minnow Lake),Ontario,,46.484699,-80.930397
J2K,Cowansville,Quebec,,45.200100,-72.749100
T1W,Canmore,Alberta,,51.087601,-115.346100
T4H,Olds,Alberta,,51.783401,-114.101997
V8B,Squamish,British Columbia,,49.700199,-123.155998
R3C,Winnipeg (Broadway / The Forks / Portage and Main) Manitoba Provincial Government,Manitoba,,50.011002,-97.218399
E7M,Woodstock,New Brunswick,,46.158001,-67.583801
B1B,Port Morien,Nova Scotia,,46.117401,-59.914398
P3A,Greater Sudbury (New Sudbury),Ontario,,46.518700,-80.933998
H1B,Montreal East,Quebec,,45.632000,-73.507500
T1L,Banff,Alberta,,51.176201,-115.569801
T2R,Calgary (Connaught / West Victoria Park),Alberta,,51.041199,-114.076202
R3A,Winnipeg (Centennial),Manitoba,,49.903801,-97.148903
E2P,Saint John Red Head,New Brunswick,,45.242599,-65.984703
L2H,Niagara Falls West,Ontario,,43.100899,-79.137901
M1K,Scarborough (Kennedy Park / Ionview / East Birchmount Park),Ontario,,43.729801,-79.263901
N2G,Kitchener Central,Ontario,,43.444302,-80.489098
P1C,North Bay North,Ontario,,46.339699,-79.422302
T2H,Calgary (Highfield / Burns Industrial),Alberta,,50.989399,-114.052002
V2N,Prince George South,British Columbia,,53.640800,-122.954002
G8A,Jonquière West,Quebec,,48.410400,-71.303398
G9B,Trois-Rivières South,Quebec,,46.316002,-72.683296
R1N,Portage la Prairie,Manitoba,,49.972801,-98.292603
E4K,Dorchester,New Brunswick,,45.901600,-64.508003
L0H,Whitby Region (Gormley),Ontario,,43.928799,-79.223297
N3H,Cambridge West,Ontario,,43.426701,-80.369904
P0E,Parry Sound South Shore (Kilworthy),Ontario,,44.860802,-79.506897
P1B,North Bay Central,Ontario,,46.336399,-79.583000
T8H,Sherwood Park Northwest,Alberta,,53.556000,-113.295197
V7J,North Vancouver East Central,British Columbia,,49.362202,-123.017799
P4R,Timmins West,Ontario,,48.470200,-81.399696
V9S,Nanaimo Central,British Columbia,,49.188599,-123.962997
E5R,St. Martins,New Brunswick,,45.351002,-65.545700
B0S,West Annapolis County (Middleton),Nova Scotia,,44.686100,-65.300201
N0R,Essex (Belle River),Ontario,,42.178299,-82.771500
G9N,Shawinigan Central,Quebec,,46.556400,-72.719803
T7Y,Spruce Grove South,Alberta,,53.418400,-113.809700
V0G,West Kootenays (Rossland),British Columbia,,50.053001,-117.429100
A1V,Gander,Newfoundland and Labrador,,48.968201,-54.590599
B0H,Canso region (Havre Boucher),Nova Scotia,,45.333500,-61.833302
B4N,Kentville,Nova Scotia,,45.083401,-64.498802
H1E,Rivière-Des-Prairies Southwest,Quebec,,45.634201,-73.584198
S9A,North Battleford,Saskatchewan,,52.783401,-108.284698
T8N,St. Albert,Alberta,,53.633400,-113.635300
E6J,McAdam,New Brunswick,,45.592300,-67.306999
L7L,Burlington Northeast,Ontario,,43.379902,-79.766800
P0J,Timiskaming South (Temiskaming Shores),Ontario,,47.577599,-80.203598
P0P,Manitoulin (Little Current),Ontario,,46.004501,-82.168999
J4H,Longueuil West,Quebec,,45.537201,-73.505600
V1P,Kelowna East,British Columbia,,49.895901,-119.172401
R0E,Eastern Manitoba (Beausejour),Manitoba,,50.475101,-95.960999
K2H,Nepean (Bells Corners),Ontario,,45.343300,-75.826500
J5T,Lavaltrie,Quebec,,45.883400,-73.282501
V2P,Chilliwack Central,British Columbia,,49.183800,-121.904602
B4P,Wolfville,Nova Scotia,,45.083401,-64.365501
V2Z,Langley Township Southwest,British Columbia,,49.048302,-122.599701
S7T,Saskatoon South,Saskatchewan,,52.040298,-106.659500
J8A,Saint-Hippolyte,Quebec,,45.933399,-74.015900
V4A,Surrey Southwest,British Columbia,,49.037399,-122.829903
L8M,Hamilton (West Delta / Blakeley / South Stipley / South Gibson / St. Clair),Ontario,,43.244099,-79.835899
H1Z,Saint-Michel West,Quebec,,45.569401,-73.622101
J4J,Longueuil Central,Quebec,,45.536201,-73.472099
J5C,Sainte-Catherine,Quebec,,45.400101,-73.582497
J8T,Gatineau Southwest,Quebec,,45.477600,-75.705902
S6J,Moose Jaw Northeast,Saskatchewan,,50.418499,-105.539299
K8A,Pembroke Central and northern subdivisions,Ontario,,45.746601,-77.204697
N0M,Middlesex (Clinton),Ontario,,43.278801,-81.544197
K0C,"Stormont, Dundas and Glengarry United Counties (Alexandria)",Ontario,,45.168598,-74.896599
K7S,Arnprior,Ontario,,45.433399,-76.349403
L4G,Aurora,Ontario,,44.000099,-79.466301
M1H,Scarborough (Cedarbrae),Ontario,,43.768600,-79.238899
N8Y,Windsor East (East Walkerville),Ontario,,42.317600,-82.992897
T3G,Calgary (Hawkwood / Arbour Lake / Royal Oak / Rocky Ridge),Alberta,,51.138699,-114.201500
V5M,Vancouver (South Hastings-Sunrise / North Renfrew- Collingwood),British Columbia,,49.259998,-123.039803
H3M,Cartierville Northeast,Quebec,,45.538300,-73.693199
H7Y,Îles-Laval,Quebec,,45.528400,-73.850899
J0G,Bois-Francs-Nord (Odanak),Quebec,,46.021000,-72.823898
V1A,Kimberley,British Columbia,,49.683201,-115.985497
E3A,Fredericton North,New Brunswick,,46.040100,-66.386200
P6A,Sault Ste. Marie East,Ontario,,46.516800,-84.333298
H4L,Saint-Laurent Inner Northeast,Quebec,,45.516998,-73.683098
J4K,Longueuil Southwest,Quebec,,45.518299,-73.502296
R5H,Ste. Anne,Manitoba,,49.669701,-96.650002
M9R,Etobicoke (Kingsview Village / St. Phillips / Martin Grove Gardens / Richview Gardens),Ontario,,43.689800,-79.558197
K7L,Kingston (Downtown),Ontario,,44.295502,-76.428001
G1N,Quebec City South Central,Quebec,,46.803501,-71.263901
G5H,Mont-Joli,Quebec,,48.583900,-68.192101
J2M,Shefford,Quebec,,45.350101,-72.565804
J7Y,Saint-Jérôme North,Quebec,,45.805801,-74.016502
T8W,Grande Prairie South,Alberta,,55.135899,-118.803596
E1X,Tracadie-Sheila,New Brunswick,,47.514400,-64.918098
V6S,Vancouver (Chaldecutt / South University Endowment Lands),British Columbia,,49.249100,-123.208801
R0B,Northern Manitoba (Norway House),Manitoba,,56.270100,-96.911797
B3L,Halifax Central,Nova Scotia,,44.650799,-63.614601
N1G,Guelph Central,Ontario,,43.518398,-80.225700
G3M,Donnacona,Quebec,,46.680401,-71.723900
G4X,Gaspé,Quebec,,48.833401,-64.481903
T0B,Wainwright Region (Tofield),Alberta,,53.072701,-111.581596
T5S,Edmonton (West Northwest Industrial / Winterburn),Alberta,,53.563400,-113.669701
H4A,Notre-Dame-de-GrÔce Northeast,Quebec,,45.471699,-73.614899
J4Y,Brossard South,Quebec,,45.441399,-73.456100
L9T,Milton,Ontario,,43.514801,-79.884003
P0M,"Algoma, Sudbury District and Greater Sudbury (Chelmsford)",Ontario,,47.652599,-82.475304
H1W,Hochelaga,Quebec,,45.544201,-73.546799
A0J,Northern Newfoundland (Springdale),Newfoundland and Labrador,,49.487499,-56.080799
K9K,Peterborough (Fairbairn Meadows / Jackson Heights),Ontario,,44.293800,-78.365997
V5L,Vancouver (North Grandview- Woodlands),British Columbia,,49.279499,-123.066704
A8A,Deer Lake,Newfoundland and Labrador,,49.166698,-57.431599
B2J,Fourchu,Nova Scotia,,45.707001,-60.466499
K7R,Napanee,Ontario,,44.250099,-76.949402
M6A,North York (Lawrence Manor / Lawrence Heights),Ontario,,43.722301,-79.450401
G6W,Lévis South,Quebec,,46.754601,-71.220001
T1R,Brooks,Alberta,,50.583401,-111.885101
V4W,Langley Township East,British Columbia,,49.071301,-122.497704
H1S,Saint-Léonard Southeast,Quebec,,45.580799,-73.582497
J5J,Saint-Sophie,Quebec,,45.830601,-73.919098
J6T,Salaberry-de- Valleyfield South,Quebec,,45.240898,-74.109802
J7A,Sainte-Thérèse- de-Blainville East,Quebec,,45.638302,-73.797501
B4R,Coldbrook,Nova Scotia,,45.066799,-64.582100
L8T,Hamilton (Sherwood / Huntington / Upper King's Forest / Lisgar / Berrisfield / Hampton Heights / Sunninghill),Ontario,,43.219898,-79.828598
L3C,Welland West,Ontario,,42.999802,-79.265602
N6M,London (Jackson / Old Victoria / Bradley / North Highbury),Ontario,,42.963200,-81.139198
N8P,Windsor (East Riverside),Ontario,,42.327599,-82.910400
G3B,Lac-Beauport,Quebec,,46.983299,-71.290604
S3N,Yorkton,Saskatchewan,,51.216702,-102.467697
V9X,Cedar,British Columbia,,49.041901,-123.978996
B0P,Kings County (Kingston),Nova Scotia,,45.032799,-64.656601
A1E,St. John's Central,Newfoundland and Labrador,,47.533401,-52.759499
L7A,Brampton West,Ontario,,43.690899,-79.837700
N4B,Delhi,Ontario,,42.850101,-80.499702
J0C,Centre-du- Québec-Ouest (Saint- Bonaventure),Quebec,,45.924500,-72.492500
J1N,Rock Forest,Quebec,,45.339500,-72.012802
J3G,Beloeil West,Quebec,,45.594601,-73.228302
T0M,Central Foothills (Sundre),Alberta,,51.955200,-114.869102
V1Y,Kelowna Central,British Columbia,,49.892799,-119.485199
V3E,Port Coquitlam North,British Columbia,,49.316700,-122.738403
X1A,Yellowknife,Northwest Territory,,62.456001,-114.352501
L0J,North Peel Regional Municipality (Kleinburg),Ontario,,43.856602,-79.648499
G1L,Quebec City Northeast,Quebec,,46.830399,-71.245499
T5P,Edmonton (North Jasper Place),Alberta,,53.546299,-113.595703
T9H,Fort McMurray Outer Central,Alberta,,56.664001,-111.135696
H7G,Pont-Viau,Quebec,,45.577099,-73.687302
L5W,Mississauga (Meadowvale Village / West Gateway),Ontario,,43.631302,-79.714798
N0H,Bruce Peninsula (Wiarton),Ontario,,44.694099,-81.096199
N8V,Tecumseh (YQG),Ontario,,42.277302,-82.944702
H8Y,Roxboro,Quebec,,45.508400,-73.807503
T6L,Edmonton (East Mill Woods),Alberta,,53.459301,-113.414497
E7K,Centreville,New Brunswick,,46.398201,-67.717400
E3E,Kingsclear,New Brunswick,,45.883400,-66.915604
L0C,West Durham Regional Municipality (Sunderland),Ontario,,44.209400,-79.072502
N3R,Brantford Central,Ontario,,43.169201,-80.268402
G8G,Métabetchouan- Lac-a-la-Croix,Quebec,,47.807598,-71.590698
J3R,Sorel Southwest,Quebec,,46.020599,-73.143898
T1M,Coaldale,Alberta,,49.716702,-112.618500
V5V,Vancouver (West Kensington / NE Riley Park- Little Mountain),British Columbia,,49.248001,-123.091301
V5A,Burnaby (Government Road / Lake City / SFU / Burnaby Mountain),British Columbia,,49.264000,-122.936897
V6A,Vancouver (Strathcona / Chinatown / Downtown Eastside),British Columbia,,49.277901,-123.090797
E4R,Cocagne,New Brunswick,,46.332401,-64.618698
P0A,Nipissing Central (Burk's Falls),Ontario,,45.588100,-79.354599
P0X,Kenora Region (Keewatin),Ontario,,50.929298,-93.309502
P1A,North Bay South,Ontario,,46.280102,-79.450203
V4L,Delta Southeast,British Columbia,,49.044899,-123.045601
V4Z,Chilliwack East,British Columbia,,49.078701,-121.609802
H0H,Reserved (Santa Claus),Quebec,,90.000000,0.000000
E8E,Balmoral,New Brunswick,,47.679001,-66.434196
A2V,Labrador City,Newfoundland and Labrador,,52.951698,-66.932800
L1G,Oshawa Central,Ontario,,43.923302,-78.868401
L5N,Mississauga (Lisgar / Meadowvale),Ontario,,43.592400,-79.761101
H8N,LaSalle Northwest,Quebec,,45.438000,-73.621498
T3A,Calgary (Dalhousie / Edgemont / Hamptons / Hidden Valley),Alberta,,51.126400,-114.141899
V4T,Westbank,British Columbia,,49.866001,-119.738701
K2J,Nepean (Barrhaven),Ontario,,45.269100,-75.751801
L7S,Burlington South,Ontario,,43.323002,-79.809196
M9L,North York (Humber Summit),Ontario,,43.759800,-79.556503
G0Y,L'Erable (Nantes),Quebec,,45.624199,-71.019096
G7A,Saint-Nicolas,Quebec,,46.684200,-71.382698
J2R,Saint-Hyacinthe Northwest,Quebec,,45.656700,-72.923698
T1Z,Rocky View,Alberta,,51.183399,-113.935303
V9L,Duncan,British Columbia,,48.782902,-123.702698
N6B,London Central,Ontario,,42.983501,-81.238602
N6P,London (Talbot / Lambeth / West Tempo / South Sharon Creek),Ontario,,42.890900,-81.323601
T2E,Calgary (Bridgeland / Greenview / Zoo / YYC),Alberta,,51.087601,-114.021400
E8N,Grande-Anse,New Brunswick,,47.807800,-65.194504
P6B,Sault Ste. Marie Central,Ontario,,46.530701,-84.304604
C0B,Prince County (Portage),Prince Edward Island,,46.602299,-63.958302
H2J,Plateau Mont-Royal North Central,Quebec,,45.530201,-73.583099
H3R,Mount Royal Central,Quebec,,45.510101,-73.647797
J7W,Pincourt,Quebec,,45.366501,-73.973602
E6G,Nackawic,New Brunswick,,45.996700,-67.240303
L5K,Mississauga (West Sheridan),Ontario,,43.527199,-79.661697
M3K,Downsview East (CFB Toronto),Ontario,,43.738998,-79.469200
N4W,Listowel,Ontario,,43.733398,-80.949699
A2B,Windsor,Newfoundland and Labrador,,48.949902,-55.664902
B2G,Antigonish,Nova Scotia,,45.616798,-61.998600
B0W,Southwest Mainland (Weymouth),Nova Scotia,,44.048599,-65.754700
L6A,Maple,Ontario,,43.850101,-79.516296
L6L,Oakville South,Ontario,,43.403198,-79.718597
M2R,Willowdale West,Ontario,,43.778599,-79.445000
M3M,Downsview Central,Ontario,,43.731899,-79.492798
N6K,London (Riverbend / Woodhull / North Sharon Creek / Byron / West Westmount),Ontario,,42.953602,-81.341797
T5Z,Edmonton (West Lake District),Alberta,,53.636501,-113.467300
V3K,Coquitlam South,British Columbia,,49.236599,-122.852097
J9P,Val-d'Or,Quebec,,48.100201,-77.782799
R0A,Southeastern Manitoba (Lorette),Manitoba,,49.291100,-96.298500
R2P,Winnipeg (Seven Oaks West),Manitoba,,49.969601,-97.155403
E8L,Allardville,New Brunswick,,47.474998,-65.495003
L1X,Pickering Central,Ontario,,43.872200,-79.098396
L2R,St. Catharines Central,Ontario,,43.141899,-79.296600
G7Y,Jonquière Southwest,Quebec,,48.370098,-71.235802
T2S,Calgary (Elbow Park / Britannia / Parkhill / Mission),Alberta,,51.023300,-114.070999
V0T,Inside Passage and the Queen Charlottes (Queen Charlotte City),British Columbia,,52.562901,-128.522598
E9A,Baie-Sainte-Anne,New Brunswick,,47.018799,-64.919998
N1A,Dunnville,Ontario,,42.900101,-79.616302
H1K,Anjou East,Quebec,,45.609699,-73.547203
J3P,Sorel Central,Quebec,,46.036499,-73.066498
J7V,Vaudreuil- Dorion,Quebec,,45.400101,-74.032501
V6L,Vancouver (NW Arbutus Ridge),British Columbia,,49.249699,-123.166000
E7N,Debec,New Brunswick,,46.055500,-67.583900
E5A,Moores Mills,New Brunswick,,45.370499,-67.173698
B4B,Bedford Northwest,Nova Scotia,,44.750900,-63.771099
X0E,Central Northwest Territories (Inuvik),Northwest Territory,,66.871399,-120.224998
L7E,Bolton,Ontario,,43.879501,-79.737900
H3L,Ahuntsic Southwest,Quebec,,45.546700,-73.671799
J0B,Estrie-Est (Stanstead),Quebec,,45.100101,-72.049103
T5A,Edmonton (West Clareview / East Londonderry),Alberta,,53.593102,-113.407700
E3G,Fredericton,New Brunswick,,46.054600,-66.734398
N4Z,Stratford South,Ontario,,43.367901,-80.980202
P1H,Huntsville,Ontario,,45.333401,-79.216301
G6J,Saint-Etienne- De-Lauzon,Quebec,,46.635799,-71.309799
R2M,Winnipeg (St. Vital North),Manitoba,,49.839600,-97.114700
L0A,West Northumberland County (Millbrook),Ontario,,44.126301,-78.519302
L4P,Keswick,Ontario,,44.250099,-79.466301
M5X,Downtown Toronto (Underground city),Ontario,,43.649200,-79.382301
G8C,Alma Southwest,Quebec,,48.527802,-71.636398
H2V,Outremont,Quebec,,45.516800,-73.607201
H4Y,Dorval Central,Quebec,,45.865398,-72.761398
J1T,Asbestos,Quebec,,45.766800,-71.932404
T2V,Calgary (Oak Ridge / Haysboro / Kingsland / Windsor Park),Alberta,,50.981899,-114.100403
R3N,Winnipeg (River Heights West),Manitoba,,49.862900,-97.195900
S0G,South Central Saskatchewan (Fort Qu'Appelle),Saskatchewan,,50.576698,-104.099998
P0Y,Lake of the Woods East Shore (Ingolf),Ontario,,49.760300,-95.100304
S7L,Saskatoon West,Saskatchewan,,52.152599,-106.706596
B1V,North Sydney North,Nova Scotia,,46.243698,-60.231300
L0K,Lake Simcoe North Shore (Coldwater),Ontario,,44.696201,-79.417297
R3B,Winnipeg (Chinatown / Civic Centre / Exchange District),Manitoba,,49.897999,-97.140099
B3V,Harrietsfield,Nova Scotia,,44.519901,-63.606400
M5J,Downtown Toronto (Harbourfront East / Union Station / Toronto Island),Ontario,,43.632900,-79.361099
G1B,Beauport North,Quebec,,46.926300,-71.225800
G7K,Chicoutimi Southwest,Quebec,,48.368900,-71.117500
G9R,Shawinigan Northwest,Quebec,,46.609798,-72.826599
T9V,Lloydminster,Alberta,,53.271702,-110.085297
V5Z,Vancouver (East Fairview / South Cambie),British Columbia,,49.247501,-123.121002
V9W,Campbell River Central,British Columbia,,50.076900,-125.590897
H3B,Downtown Montreal East,Quebec,,45.500500,-73.568398
H4V,Côte-Saint-Luc East,Quebec,,45.467098,-73.648697
H5B,Place Desjardins,Quebec,,45.506599,-73.562302
T5T,Edmonton West (West Jasper Place / West Edmonton Mall),Alberta,,53.518501,-113.657898
V1R,Trail,British Columbia,,49.099800,-117.702202
E3Y,Grand Falls Northeast,New Brunswick,,47.168301,-67.620697
B3S,Halifax West,Nova Scotia,,44.653301,-63.667500
G1P,Quebec City West,Quebec,,46.809700,-71.310204
T3B,Calgary (Montgomery / Bowness / Silver Springs / Greenwood),Alberta,,51.091499,-114.207298
E1G,Moncton Northwest,New Brunswick,,46.179699,-64.948402
K2M,Kanata (Bridlewood),Ontario,,45.286098,-75.856201
K7N,Amherstview,Ontario,,44.222401,-76.650002
L2J,Niagara Falls North,Ontario,,43.129601,-79.103401
N2T,Waterloo Southwest,Ontario,,43.452999,-80.569199
V8Y,Saanich North,British Columbia,,48.524700,-123.374496
B2A,North Sydney South Central,Nova Scotia,,46.116901,-60.376900
R3W,Winnipeg (Grassie / Pequis),Manitoba,,49.914101,-97.040100
E1V,Miramichi North,New Brunswick,,47.194199,-65.938103
E4X,St-Louis-de-Kent,New Brunswick,,46.740101,-64.969803
M3H,North York (Armour Heights / Wilson Heights / Downsview North),Ontario,,43.753502,-79.447197
M5V,Downtown Toronto (CN Tower / King and Spadina / Railway Lands / Harbourfront West / Bathurst Quay / South Niagara / YTZ),Ontario,,43.640400,-79.399498
G7H,Chicoutimi East,Quebec,,48.418701,-71.041702
V1L,Nelson,British Columbia,,49.499901,-117.285500
R1A,Selkirk,Manitoba,,50.143600,-96.884499
G7P,Saint-Ambroise,Quebec,,48.550098,-71.315804
H4S,Saint-Laurent Southwest,Quebec,,45.485802,-73.743301
L2V,St. Catharines Southeast,Ontario,,43.114201,-79.203499
M5W,Downtown Toronto Stn A PO Boxes 25 The Esplanade (Enclave of M5E),Ontario,,43.643700,-79.378700
T8B,Sherwood Park Outer Southwest,Alberta,,53.439701,-113.295197
E3N,Campbellton,New Brunswick,,48.007500,-66.672699
E5E,Campobello Island,New Brunswick,,44.890800,-66.931801
P4N,Timmins Southeast,Ontario,,48.466900,-81.333099
G4V,Sainte-Anne- Des-Monts,Quebec,,48.971100,-66.308197
J2Y,Saint-Jean- sur-Richelieu West,Quebec,,45.311401,-73.355598
T4J,Ponoka,Alberta,,52.676800,-113.581497
T5K,Edmonton (South Downtown / South Downtown Fringe),Alberta,,53.536598,-113.510300
J5X,L'Épiphanie,Quebec,,45.850101,-73.482498
E1E,Moncton West,New Brunswick,,46.077099,-64.852898
K0A,National Capital Region (Almonte),Ontario,,45.281300,-75.807999
K1Y,Ottawa West,Ontario,,45.402302,-75.732903
K2R,Nepean (Fallowfield Village / Cedarhill Estates / Orchard Estates),Ontario,,45.289902,-75.812599
K2V,Kanata (Terry Fox / Palladium),Ontario,,45.285400,-75.892799
M9C,Etobicoke (Eringate / Bloordale Gardens / Old Burnhamthorpe / Markland Woods),Ontario,,43.643700,-79.576698
T3H,Calgary (Discovery Ridge / Signal Hill / Aspen Woods / Patterson / Cougar Ridge),Alberta,,51.041901,-114.199997
T7X,Spruce Grove North,Alberta,,53.533401,-113.918701
G2G,L'Ancienne- Lorette Southwest,Quebec,,46.790298,-71.415703
H3N,Parc-Extension,Quebec,,45.530201,-73.632698
V0K,Cariboo and West Okanagan (100 Mile House),British Columbia,,51.436699,-121.638397
V5W,Vancouver (SE Riley Park- Little Mountain / SW Kensington / NE Oakridge / North Sunset),British Columbia,,49.232700,-123.091698
L1B,Bowmanville East,Ontario,,43.923500,-78.545700
G5V,Montmagny,Quebec,,46.980400,-70.554901
G7B,La Baie,Quebec,,48.339802,-70.889297
H8S,Lachine East,Quebec,,45.440201,-73.674698
T2T,Calgary South (Altadore / Bankview / Richmond),Alberta,,51.024200,-114.100403
T6V,Edmonton (West Castledowns),Alberta,,53.611198,-113.574600
J3V,Saint-Bruno,Quebec,,45.532001,-73.343697
J6S,Salaberry-de- Valleyfield North,Quebec,,45.270199,-74.048203
N3B,Elmira,Ontario,,43.600101,-80.549698
C1B,Stratford,Prince Edward Island,,46.217899,-63.079498
G5T,Degelis,Quebec,,47.547298,-68.643097
V7M,North Vancouver Southwest Central,British Columbia,,49.322201,-123.083397
E6B,Stanley,New Brunswick,,46.338100,-66.905800
J0J,Montérégie-Est (Bedford),Quebec,,45.152901,-73.163597
S6V,Prince Albert Central,Saskatchewan,,54.493000,-104.304901
S7K,Saskatoon North Central,Saskatchewan,,52.061401,-106.647903
S7V,Saskatoon Southeast,Saskatchewan,,52.097599,-106.555298
T4L,Lacombe,Alberta,,52.466801,-113.735298
T6P,Edmonton (East Southeast Industrial / South Clover Bar),Alberta,,53.507801,-113.372299
L1Z,Ajax East,Ontario,,43.877300,-79.005501
L7T,Burlington Southwest,Ontario,,43.308102,-79.850700
M4B,East York (Parkview Hill / Woodbine Gardens),Ontario,,43.706299,-79.309402
M6L,North York (North Park / Maple Leaf Park / Upwood Park),Ontario,,43.713699,-79.486900
J1M,Sherbrooke Southeast,Quebec,,45.365601,-71.842003
J7G,Sainte-Thérèse- de-Blainville South,Quebec,,45.609501,-73.837799
V1K,Merritt,British Columbia,,50.112202,-120.794197
E4T,Bass River,New Brunswick,,46.304199,-64.972000
S9V,Lloydminster,Saskatchewan,,53.283501,-110.001602
K0J,Renfrew County and Lanark Highlands Township (Deep River),Ontario,,45.660599,-77.588600
L5P,Mississauga (YYZ),Ontario,,43.690399,-79.623802
P3P,Greater Sudbury (Hanmer),Ontario,,46.725899,-81.016602
G8Y,Trois-Rivières Central,Quebec,,46.366798,-72.616798
J9A,Hull Southwest,Quebec,,45.427898,-75.771103
V4G,Delta East Central,British Columbia,,49.144798,-122.995003
E2M,Saint John West,New Brunswick,,45.234699,-66.174896
L1K,Oshawa East,Ontario,,43.925098,-78.828697
L6K,Oakville East,Ontario,,43.439602,-79.687798
N2E,Kitchener Southwest,Ontario,,43.410599,-80.501099
H2K,Centre-Sud North,Quebec,,45.530701,-73.554703
H2Z,Downtown Montreal Northeast,Quebec,,45.505199,-73.562202
H4P,Mount Royal South,Quebec,,45.496399,-73.664703
V0S,Juan de Fuca Shore (Sooke),British Columbia,,48.556999,-124.151497
E2J,Saint John East,New Brunswick,,45.256302,-65.943199
H7B,Saint-Franþois,Quebec,,45.675701,-73.638802
J1C,Bromptonville,Quebec,,45.479698,-71.949203
V6M,Vancouver (South Shaughnessy / NW Oakridge / NE Kerrisdale / SE Arbutus Ridge),British Columbia,,49.234402,-123.145103
V8M,Central Saanich,British Columbia,,48.566299,-123.419296
B1S,Sydney Central,Nova Scotia,,46.110901,-60.209202
L9C,Hamilton (Southam / Bonnington / Yeoville / Kernighan / Gourley / Rolston / Buchanan / Mohawk / Westcliffe / Gilbert / Gilkson / Gurnett / Fessenden / Mountview),Ontario,,43.231300,-79.904900
L9N,Holland Landing,Ontario,,44.114899,-79.501404
N7W,Sarnia Southeast,Ontario,,42.964401,-82.325897
T5V,Edmonton (Central Mistatim),Alberta,,53.584801,-113.622398
V1G,Dawson Creek,British Columbia,,55.766602,-120.236198
J5M,Saint-Lin- Laurentides,Quebec,,45.850101,-73.765900
H1H,Montreal North South,Quebec,,45.589901,-73.638901
T5L,Edmonton (North Westmount / West Calder / East Mistatim),Alberta,,53.584999,-113.552597
V0H,South Okanagan (Summerland),British Columbia,,49.408901,-119.005402
