03012,CIUDAD VIEJA,DEPTO DE SACATEPEQUEZ,,14.526400,-90.759697
12044,CALAPTE (IXCHIGUAN),DEPTO DE SAN MARCOS,,14.953300,-91.893799
07004,SANTA LUCIA UTATLAN,DEPTO DE SOLOLA,,14.766700,-91.266701
16013,CHISET,DEPTO DE ALTA VERAPAZ,,15.579200,-89.920799
05013,NUEVA CONCEPCION,DEPTO DE ESCUINTLA,,14.200000,-91.300003
21004,SAN MANUEL CHAPARRON,DEPTO DE JALAPA,,14.516700,-89.766701
14025,XACBAL,DEPTO DEL QUICHE,,15.258300,-90.583298
03014,ALOTENANGO,DEPTO DE SACATEPEQUEZ,,14.480300,-90.807503
12024,SAN JOSE OJETEPAN,DEPTO DE SAN MARCOS,,14.922900,-91.820801
21008,LLANO GRANDE,DEPTO DE JALAPA,,14.616700,-89.966698
17017,UAXACTUN (FLORES),DEPTO DE PETEN,,16.766300,-89.815498
12030,EL CARMEN (MALACATAN),DEPTO DE SAN MARCOS,,15.050000,-91.816704
18015,LAS VINAS (MORALES),DEPTO DE IZABAL,,15.566700,-88.923302
09002,SALCAJA,DEPTO DE QUETZALTENANGO,,14.883300,-91.449997
16010,SAN JUAN CHAMELCO,DEPTO DE ALTA VERAPAZ,,15.433300,-90.333298
01009,ZONA 9,Ciudad de Guatemala,,14.632800,-90.519897
11010,CABALLO BLANCO (RETALHULEU),DEPTO DE RETALHULEU,,14.483300,-91.833298
11012,SINAVBA (EL ASINTAL),DEPTO DE RETALHULEU,,14.483300,-91.833298
07009,SAN ANDRES SEMETATABAJ,DEPTO DE SOLOLA,,14.770800,-91.264603
04015,ZARAGOZA,DEPTO DE CHIMALTENANGO,,14.654400,-90.889397
14021,SANTA ROSA CHUJUYUB (SANTA CRUZ DEL QUICHE),DEPTO DEL QUICHE,,15.258300,-90.583298
07017,SAN JUAN LA LAGUNA,DEPTO DE SOLOLA,,14.700000,-91.283302
16014,CHAHAL,DEPTO DE ALTA VERAPAZ,,15.750000,-89.566704
14024,SAN JOSE LA 20 (USPANTAN-IXCAN),DEPTO DEL QUICHE,,15.258300,-90.583298
12031,ZANJON SAN LORENZO (TECUN UMAN),DEPTO DE SAN MARCOS,,15.050000,-91.816704
10007,SAN LORENZO,DEPTO DE SUCHITEPEQUEZ,,14.483300,-91.516701
02014,SANTA RITA (GUASTATOYA),DEPTO DE EL PROGRESO,,14.851500,-90.114502
18021,FRONTERAS (LIVINGSTON),DEPTO DE IZABAL,,15.566700,-88.923302
21001,JALAPA,DEPTO DE JALAPA,,14.633300,-89.983299
21003,SAN LUIS JILOTEPEQUE,DEPTO DE JALAPA,,14.650000,-89.733299
17021,MACANCHE (DOLORES),DEPTO DE PETEN,,16.766300,-89.815498
09012,SAN MARTIN SACATEPEQUEZ,DEPTO DE QUETZALTENANGO,,14.816700,-91.650002
16007,PANZOS,DEPTO DE ALTA VERAPAZ,,15.400000,-89.666702
20011,IPALA,DEPTO DE CHIQUIMULA,,14.616700,-89.616699
18011,LAS QUEBRADAS (MORALES),DEPTO DE IZABAL,,15.566700,-88.923302
14004,ZACUALPA,DEPTO DEL QUICHE,,15.083300,-90.833298
12032,SAN JERONIMO (EL TUMBADOR),DEPTO DE SAN MARCOS,,15.050000,-91.816704
06014,NUEVA SANTA ROSA,DEPTO DE SANTA ROSA,,14.381100,-90.276100
01071,TRAPICHE GRANDE (CHUARRANCHO),DEPTO DE GUATEMALA,,14.632800,-90.519897
13026,BARILLAS,DEPTO DE HUEHUETENANGO,,15.803600,-91.315804
18005,LOS AMATES,DEPTO DE IZABAL,,15.266700,-89.099998
03009,SANTA LUCIA MILPAS ALTAS,DEPTO DE SACATEPEQUEZ,,14.575800,-90.678596
16018,PANCAJCHE (TUCURU),DEPTO DE ALTA VERAPAZ,,15.579200,-89.920799
15007,SAN JERONIMO,DEPTO DE BAJA VERAPAZ,,15.050000,-90.199997
07018,SAN PEDRO LA LAGUNA,DEPTO DE SOLOLA,,14.683300,-91.266701
05011,PALIN,DEPTO DE ESCUINTLA,,14.405600,-90.698303
05020,EL PORVENIR TICANLU (TIQUISATE),DEPTO DE ESCUINTLA,,14.276000,-90.940399
01067,CANALITOS (ZONA 21),DEPTO DE GUATEMALA,,14.578600,-90.547302
22027,TIUCAL (ASUNCION MITA),DEPTO DE JUTIAPA,,14.233300,-89.966698
17011,MELCHOR DE MENCOS,DEPTO DE PETEN,,16.766300,-89.815498
04007,PATZUN,DEPTO DE CHIMALTENANGO,,14.683300,-91.016701
05005,MASAGUA,DEPTO DE ESCUINTLA,,14.203100,-90.848099
01018,ZONA 18,Ciudad de Guatemala,,14.632800,-90.519897
01065,VILLA CANALES,DEPTO DE GUATEMALA,,14.481400,-90.531700
02003,SAN AGUSTIN ACASAGUASTLAN,DEPTO DE EL PROGRESO,,14.950000,-89.966698
13021,TECTITAN,DEPTO DE HUEHUETENANGO,,15.333300,-92.033302
22016,SAN JOSE ACATEMPA,DEPTO DE JUTIAPA,,14.265300,-90.126900
08005,MOMOSTENANGO,DEPTO DE TOTONICAPAN,,15.043600,-91.408600
19005,TECULUTAN,DEPTO DE ZACAPA,,14.983300,-89.716698
13007,JACALTENANGO,DEPTO DE HUEHUETENANGO,,15.666700,-91.733299
15009,LOS AMATES (EL CHOL),DEPTO DE BAJA VERAPAZ,,15.051600,-90.414803
05018,SAN ANDRES OSUMA (ESCUINTLA),DEPTO DE ESCUINTLA,,14.410400,-90.870399
18018,TENEDORES (MORALES),DEPTO DE IZABAL,,15.566700,-88.923302
09010,SAN MATEO,DEPTO DE QUETZALTENANGO,,14.866700,-91.583298
12008,SIBINAL,DEPTO DE SAN MARCOS,,15.133300,-92.050003
19003,RIO HONDO,DEPTO DE ZACAPA,,15.066700,-89.583298
04011,ACATENANGO,DEPTO DE CHIMALTENANGO,,14.551900,-90.942200
17012,POPTUN,DEPTO DE PETEN,,16.766300,-89.815498
17015,SANTO TORIBIO (DOLORES),DEPTO DE PETEN,,16.766300,-89.815498
17027,LAS CRUCES (LA LIBERTAD),DEPTO DE PETEN,,16.766300,-89.815498
09018,SAN FRANCISCO LA UNION,DEPTO DE QUETZALTENANGO,,14.916700,-91.533302
11001,RETALHULEU,DEPTO DE RETALHULEU,,14.533300,-91.683296
06010,SANTA MARIA IXHUATAN,DEPTO DE SANTA ROSA,,14.190000,-90.274696
13038,MICHICOY (SAN PEDRO NECTA),DEPTO DE HUEHUETENANGO,,15.479800,-91.664497
11007,CHAMPERICO,DEPTO DE RETALHULEU,,14.300000,-91.916702
10008,SAMAYAO,DEPTO DE SUCHITEPEQUEZ,,14.520800,-91.487503
16025,LAS CONCHAS,DEPTO DE ALTA VERAPAZ,,15.446200,-90.091003
13003,MALACANCITO,DEPTO DE HUEHUETENANGO,,15.536800,-91.656502
13039,SAN ANDRES HIUISTA (JACALTENANGO),DEPTO DE HUEHUETENANGO,,15.479800,-91.664497
18010,EL CINCHADO (PUERTO BARRIOS),DEPTO DE IZABAL,,15.566700,-88.923302
09001,QUETZALTENANGO,DEPTO DE QUETZALTENANGO,,14.833300,-91.516701
03003,PASTORES,DEPTO DE SACATEPEQUEZ,,14.596700,-90.754700
07000,DEPTO DE SOLOLA,DEPTO DE SOLOLA,,14.770800,-91.264603
20001,CHIQUIMULA,DEPTO DE CHIQUIMULA,,14.800000,-89.550003
20015,SANTA ELENA (CHIQUIMULA),DEPTO DE CHIQUIMULA,,14.716700,-89.500000
01004,ZONA 4,Ciudad de Guatemala,,14.632800,-90.519897
14001,SANTA CRUZ DEL QUICHE,DEPTO DEL QUICHE,,15.030600,-91.148903
14005,CHAJUL,DEPTO DEL QUICHE,,15.485300,-91.034203
11004,SAN MARTIN ZAPOTITLAN,DEPTO DE RETALHULEU,,14.600000,-91.599998
10004,SAN BERNARDINO,DEPTO DE SUCHITEPEQUEZ,,14.533300,-91.449997
10010,SAN ANTONIO SUCHITEPEQUEZ,DEPTO DE SUCHITEPEQUEZ,,14.533300,-91.416702
20007,ESQUIPULAS,DEPTO DE CHIQUIMULA,,14.566700,-89.349998
02004,SAN CRISTOBAL ACASAGUASTLAN,DEPTO DE EL PROGRESO,,14.916700,-89.883301
13002,CHIANTLA,DEPTO DE HUEHUETENANGO,,15.354700,-91.458298
20018,TIERRA COLORADA ( SAN JOSE LA ARADA),DEPTO DE CHIQUIMULA,,14.687500,-89.533302
18002,LIVINGSTON,DEPTO DE IZABAL,,15.833300,-88.750000
09015,HUITAN,DEPTO DE QUETZALTENANGO,,15.100000,-91.616699
11002,SAN SEBASTIAN,DEPTO DE RETALHULEU,,14.566700,-91.650002
11008,NUEVO SAN CARLOS,DEPTO DE RETALHULEU,,14.600000,-91.699997
07012,SAN ANTONIO PALOPO,DEPTO DE SOLOLA,,14.700000,-91.116699
10016,SAN JUAN BAUTISTA,DEPTO DE SUCHITEPEQUEZ,,14.416700,-91.183296
15004,CUBULCO,DEPTO DE BAJA VERAPAZ,,15.133300,-90.583298
02005,EL JICARO,DEPTO DE EL PROGRESO,,14.866700,-90.266701
07011,SANTA CATARINA PALOPO,DEPTO DE SOLOLA,,14.716700,-91.133301
15010,LA CANOA (SALAMA),DEPTO DE BAJA VERAPAZ,,15.051600,-90.414803
09008,SAN MIGUEL SIQUINALA,DEPTO DE QUETZALTENANGO,,14.937500,-91.562500
14023,CANTABAL,DEPTO DEL QUICHE,,15.258300,-90.583298
12010,TEJUTLA,DEPTO DE SAN MARCOS,,15.116700,-91.800003
10025,PALO GORDO (SAN ANTONIO SUCHITEPEQUEZ),DEPTO DE SUCHITEPEQUEZ,,14.400000,-91.316704
22012,JALPATAGUA,DEPTO DE JUTIAPA,,14.141700,-90.008598
17009,SAN LUIS,DEPTO DE PETEN,,16.198900,-89.440300
03011,SANTA MARIA DE JESUS,DEPTO DE SACATEPEQUEZ,,14.518300,-90.726700
12028,RIO BLANCO,DEPTO DE SAN MARCOS,,15.033300,-91.683296
07019,SANTIAGO ATITLAN,DEPTO DE SOLOLA,,14.638200,-91.228996
19002,ESTANZUELA,DEPTO DE ZACAPA,,15.000000,-89.566704
20005,CAMOTAN,DEPTO DE CHIQUIMULA,,14.816700,-89.366699
17025,SACPUY (SAN ANDRES),DEPTO DE PETEN,,16.766300,-89.815498
06018,AYARZA (CASILLAS),DEPTO DE SANTA ROSA,,14.251800,-90.362297
06020,NANCINTA (CHIQUIMULILLA),DEPTO DE SANTA ROSA,,14.257400,-90.318802
08003,SAN FRANCISCO EL ALTO,DEPTO DE TOTONICAPAN,,14.950000,-91.449997
19015,SANTA LUCIA (ZACAPA),DEPTO DE ZACAPA,,14.916700,-89.516701
14016,SACAPULAS,DEPTO DEL QUICHE,,15.286700,-91.087196
06015,EL AHUMADO (CHIQUIMULILLA),DEPTO DE SANTA ROSA,,14.251800,-90.362297
01019,ZONA 19,Ciudad de Guatemala,,14.632800,-90.519897
13008,SOLOMA,DEPTO DE HUEHUETENANGO,,15.716700,-91.449997
17024,EL NARANJO (LA LIBERTAD),DEPTO DE PETEN,,16.766300,-89.815498
09033,LAS MERCEDES (COLOMBA),DEPTO DE QUETZALTENANGO,,14.854200,-91.609703
16001,COBAN,DEPTO DE ALTA VERAPAZ,,15.483300,-90.366699
05017,EL NARANJO (MASAGUA),DEPTO DE ESCUINTLA,,14.410400,-90.870399
13022,CONCEPCION,DEPTO DE HUEHUETENANGO,,15.616700,-91.683296
03007,SAN BARTOLOME MILPAS ALTAS,DEPTO DE SACATEPEQUEZ,,14.606100,-90.680000
12047,CHAMPOLLAP (SAN PEDRO SACATEPEQUEZ),DEPTO DE SAN MARCOS,,14.953300,-91.893799
10013,CHICACAO,DEPTO DE SUCHITEPEQUEZ,,14.533300,-91.316704
01011,ZONA 11,Ciudad de Guatemala,,14.632800,-90.519897
13023,SAN JUAN IXCOY,DEPTO DE HUEHUETENANGO,,15.599700,-91.445297
09026,CHIQUIBAL (SAN CARLOS SIJA),DEPTO DE QUETZALTENANGO,,14.777800,-91.730598
14017,SAN BARTOLOME JOCOTENANGO,DEPTO DEL QUICHE,,15.192800,-91.077202
06026,EL RINCONCITO (SANTA ROSA DE LIMA),DEPTO DE SANTA ROSA,,14.257400,-90.318802
07024,PIXABAJ (SOLOLA),DEPTO DE SOLOLA,,14.866700,-91.183296
13005,NENTON,DEPTO DE HUEHUETENANGO,,15.800000,-91.750000
16022,LAS CASAS,DEPTO DE ALTA VERAPAZ,,15.446200,-90.091003
01056,SAN PEDRO AYAMPUC,DEPTO DE GUATEMALA,,14.786700,-90.451103
01066,PETAPA,DEPTO DE GUATEMALA,,14.502800,-90.551697
01008,ZONA 8,Ciudad de Guatemala,,14.632800,-90.519897
18000,DEPTO DE IZABAL,DEPTO DE IZABAL,,15.566700,-88.923302
12020,EL QUETZAL,DEPTO DE SAN MARCOS,,14.766700,-91.816704
06011,GUAZACAPAN,DEPTO DE SANTA ROSA,,14.074200,-90.416702
01061,CHUARRANCHO,DEPTO DE GUATEMALA,,14.821700,-90.508598
18013,SANTO TOMAS DE CASTILLA (PUERTO BARRIOS),DEPTO DE IZABAL,,15.566700,-88.923302
03017,SANTA MARIA CAUQUE (SANTIAGO SACATEPEQUEZ),DEPTO DE SACATEPEQUEZ,,14.526100,-90.760803
13009,IXTAHUATAN,DEPTO DE HUEHUETENANGO,,15.536800,-91.656502
13033,SAN LORENZO (HUEHUETENANGO),DEPTO DE HUEHUETENANGO,,15.289400,-91.460297
06017,CASAS VIEJAS (CHIQUIMULILLA),DEPTO DE SANTA ROSA,,14.251800,-90.362297
08002,SAN CRISTOBAL TOTONICAPAN,DEPTO DE TOTONICAPAN,,14.916700,-91.433296
13012,LA DEMOCRACIA,DEPTO DE HUEHUETENANGO,,15.573900,-91.611298
09030,EL EDEN (PALESTINA DE LOS ALTOS),DEPTO DE QUETZALTENANGO,,14.854200,-91.609703
06016,LOS CERRITOS (CHIQUIMULILLA),DEPTO DE SANTA ROSA,,14.251800,-90.362297
02002,MORAZAN,DEPTO DE EL PROGRESO,,14.932800,-90.143097
01002,ZONA 2,Ciudad de Guatemala,,14.632800,-90.519897
02009,TULUMAJILLO (SAN AGUSTIN ACASAGUASTLAN),DEPTO DE EL PROGRESO,,14.851500,-90.114502
22015,PASACO,DEPTO DE JUTIAPA,,13.977200,-90.206398
17006,SAN FRANCISCO,DEPTO DE PETEN,,16.799999,-89.933296
16012,CAHABON,DEPTO DE ALTA VERAPAZ,,15.566700,-89.816704
13031,SANTA ANA HUISTA,DEPTO DE HUEHUETENANGO,,15.683300,-91.816704
14022,PACHALUM,DEPTO DEL QUICHE,,15.116700,-90.400002
19000,DEPTO DE ZACAPA,DEPTO DE ZACAPA,,14.975900,-89.601898
15000,DEPTO DE BAJA VERAPAZ,DEPTO DE BAJA VERAPAZ,,15.051600,-90.414803
01068,EL FISCAL (PALENCIA),DEPTO DE GUATEMALA,,14.578600,-90.547302
13010,SANTA BARBARA,DEPTO DE HUEHUETENANGO,,15.316700,-91.616699
13035,SAN MARCOS HUISTA (JACALTENANGO),DEPTO DE HUEHUETENANGO,,15.479800,-91.664497
13040,CHALUM (LA LIBERTAD),DEPTO DE HUEHUETENANGO,,15.616700,-91.983299
03010,MAGDALENA MILPAS ALTAS,DEPTO DE SACATEPEQUEZ,,14.545300,-90.675301
12004,COMITANCILLO,DEPTO DE SAN MARCOS,,15.083300,-91.716698
12015,MALACATAN,DEPTO DE SAN MARCOS,,14.900000,-92.050003
12027,ESQUIPULAS PALO GORDO,DEPTO DE SAN MARCOS,,14.933300,-91.816704
20008,CONCEPCION LAS MINAS,DEPTO DE CHIQUIMULA,,14.516700,-89.449997
01063,AMATITLAN,DEPTO DE GUATEMALA,,14.487500,-90.615303
21006,MONJAS,DEPTO DE JALAPA,,14.500000,-89.866699
22001,JUTIAPA,DEPTO DE JUTIAPA,,14.283300,-89.900002
22024,CONTEPEQUE (ATESCATEMPA),DEPTO DE JUTIAPA,,14.233300,-89.966698
09007,CAJOLA,DEPTO DE QUETZALTENANGO,,14.916700,-91.616699
14000,DEPTO DEL QUICHE,DEPTO DEL QUICHE,,15.092600,-91.104401
01013,ZONA 13,Ciudad de Guatemala,,14.632800,-90.519897
13011,LA LIBERTAD,DEPTO DE HUEHUETENANGO,,15.500000,-91.833298
22008,JERES,DEPTO DE JUTIAPA,,14.306900,-89.777496
14019,PLAYA GRANDE (IXCAN),DEPTO DEL QUICHE,,15.268700,-90.975304
11006,SAN ANDRES VILLA SECA,DEPTO DE RETALHULEU,,14.566700,-91.583298
04006,TECPAN GUATEMALA,DEPTO DE CHIMALTENANGO,,14.766900,-90.994202
01005,ZONA 5,Ciudad de Guatemala,,14.632800,-90.519897
02012,ESTANCIA DE LA VIRGEN (SAN CRISTOBAL ACASAGUASTLAN),DEPTO DE EL PROGRESO,,14.851500,-90.114502
03013,SAN MIGUEL DUENAS,DEPTO DE SACATEPEQUEZ,,14.523900,-90.798302
06023,EL SERINAL (BARBERENA),DEPTO DE SANTA ROSA,,14.257400,-90.318802
06025,SAN JUAN DE ARANA (CUILAPA),DEPTO DE SANTA ROSA,,14.257400,-90.318802
10005,SAN JOSE EL IDOLO,DEPTO DE SUCHITEPEQUEZ,,14.450000,-91.416702
01055,CHINAUTLA,DEPTO DE GUATEMALA,,14.708300,-90.499397
12006,CONCEPCION TUTUAPA,DEPTO DE SAN MARCOS,,15.283300,-91.783302
17018,CARMELITA (SAN ANDRES),DEPTO DE PETEN,,16.766300,-89.815498
10015,SANTA BARBARA,DEPTO DE SUCHITEPEQUEZ,,14.433300,-91.233299
10023,TAHUEXCO (MAZATENANGO),DEPTO DE SUCHITEPEQUEZ,,14.400000,-91.316704
16016,LA TINTA (PANZOS),DEPTO DE ALTA VERAPAZ,,15.579200,-89.920799
03004,SUMPANGO,DEPTO DE SACATEPEQUEZ,,14.646400,-90.733902
10022,CHOCOLA (SAN PABLO JOCOPILAS),DEPTO DE SUCHITEPEQUEZ,,14.400000,-91.316704
16017,TELEMAN (PANZOS),DEPTO DE ALTA VERAPAZ,,15.579200,-89.920799
20016,VALDO HONDO (CHIQUIMULA),DEPTO DE CHIQUIMULA,,14.687500,-89.533302
13024,SAN ANTONIO HUISTA,DEPTO DE HUEHUETENANGO,,15.650000,-91.766701
09034,PALMIRA (COLOMBA),DEPTO DE QUETZALTENANGO,,14.854200,-91.609703
20004,JOCOTAN,DEPTO DE CHIQUIMULA,,14.816700,-89.383301
01054,PALENCIA,DEPTO DE GUATEMALA,,14.664700,-90.358597
11014,LA MAQUINA (SAN ANDRES VILLA SECA),DEPTO DE RETALHULEU,,14.483300,-91.833298
12039,LA BLANCA (OCOS),DEPTO DE SAN MARCOS,,15.050000,-91.816704
10018,ZUNULITO,DEPTO DE SUCHITEPEQUEZ,,14.477800,-91.327797
04009,PATZICIA,DEPTO DE CHIMALTENANGO,,14.631700,-90.926903
06019,EL MOLINO (CUILAPA),DEPTO DE SANTA ROSA,,14.251800,-90.362297
16021,CAMPUR (SAN PEDRO CARCHA),DEPTO DE ALTA VERAPAZ,,15.446200,-90.091003
01014,ZONA 14,Ciudad de Guatemala,,14.632800,-90.519897
01064,VILLA NUEVA,DEPTO DE GUATEMALA,,14.526900,-90.587502
17008,DOLORES,DEPTO DE PETEN,,16.514200,-89.415802
11013,EL XAB (EL ASINTAL),DEPTO DE RETALHULEU,,14.483300,-91.833298
10028,BOLIVIA (SANTO DOMINGO SUCHITEPEQUEZ),DEPTO DE SUCHITEPEQUEZ,,14.400000,-91.316704
16003,SAN CRISTOBAL VERAPAZ,DEPTO DE ALTA VERAPAZ,,15.383300,-90.400002
16020,BOLONCO (FRAY BARTOLOME),DEPTO DE ALTA VERAPAZ,,15.446200,-90.091003
04003,SAN MARTIN JILOTEPEQUE,DEPTO DE CHIMALTENANGO,,14.787800,-90.792503
18012,ENTRE RIOS (PUERTO BARRIOS),DEPTO DE IZABAL,,15.566700,-88.923302
17000,DEPTO DE PETEN,DEPTO DE PETEN,,16.766300,-89.815498
17010,SAYAXCHE,DEPTO DE PETEN,,16.766300,-89.815498
12034,LA DEMOCRACIA (EL TUMBADOR),DEPTO DE SAN MARCOS,,15.050000,-91.816704
07020,LOS ENCUENTROS SOLOLA,DEPTO DE SOLOLA,,14.850000,-91.150002
19016,LA FRAGUA (ZACAPA),DEPTO DE ZACAPA,,14.966700,-89.550003
01073,PUERTA PARADA (SANTA CATARINA PINULA),DEPTO DE GUATEMALA,,14.632800,-90.519897
06000,DEPTO DE SANTA ROSA,DEPTO DE SANTA ROSA,,14.260500,-90.294601
11003,SANTA CRUZ MULUA,DEPTO DE RETALHULEU,,14.583300,-91.616699
03002,JOCOTENANGO,DEPTO DE SACATEPEQUEZ,,14.581900,-90.743599
12042,PLATANARES (OCOS),DEPTO DE SAN MARCOS,,14.953300,-91.893799
10001,MAZATENANGO,DEPTO DE SUCHITEPEQUEZ,,14.533300,-91.500000
13001,HUEHUETENANGO,DEPTO DE HUEHUETENANGO,,15.319700,-91.470802
08004,SAN ANDRES XECUL,DEPTO DE TOTONICAPAN,,14.900000,-91.483299
13030,SANTIAGO CHIMALTENANGO,DEPTO DE HUEHUETENANGO,,15.466700,-91.716698
14009,SAN PEDRO JOCOPILAS,DEPTO DEL QUICHE,,15.094400,-91.151398
03008,SAN LUCAS SACATEPEQUEZ,DEPTO DE SACATEPEQUEZ,,14.609700,-90.656898
12021,LA REFORMA,DEPTO DE SAN MARCOS,,14.800000,-91.816704
06004,CASILLAS,DEPTO DE SANTA ROSA,,14.422200,-90.244202
10011,SAN MIGUEL PANAN,DEPTO DE SUCHITEPEQUEZ,,14.533300,-91.366699
10024,GUATALON (RIO BRAVO),DEPTO DE SUCHITEPEQUEZ,,14.400000,-91.316704
13027,AGUACATAN,DEPTO DE HUEHUETENANGO,,15.343100,-91.311699
03000,DEPTO DE SACATEPEQUEZ,DEPTO DE SACATEPEQUEZ,,14.610100,-90.706299
11009,EL ASINTAL,DEPTO DE RETALHULEU,,14.600000,-91.733299
12038,LOS LIMINES (OCOS),DEPTO DE SAN MARCOS,,15.050000,-91.816704
12040,EL CIELO (EL TUMBADOR),DEPTO DE SAN MARCOS,,14.953300,-91.893799
01057,MIXCO,DEPTO DE GUATEMALA,,14.633300,-90.606400
21005,SAN CARLOS ALZATATE,DEPTO DE JALAPA,,14.497800,-90.060303
09000,DEPTO DE QUETZALTENANGO,DEPTO DE QUETZALTENANGO,,14.937500,-91.562500
09025,SANTA MARIA DE JESUS (ZUNIL),DEPTO DE QUETZALTENANGO,,14.777800,-91.730598
09027,LAS PALMAS (COATEPEQUE),DEPTO DE QUETZALTENANGO,,14.777800,-91.730598
12002,SAN PEDRO SACATEPEQUEZ,DEPTO DE SAN MARCOS,,14.966700,-91.766701
07015,SAN PABLO LA LAGUNA,DEPTO DE SOLOLA,,14.716700,-91.266701
07021,GODINEZ (SAN ANDRES SEMETABAJ),DEPTO DE SOLOLA,,14.844400,-91.188904
10030,LA MAQUINA (CUYOTENANGO),DEPTO DE SUCHITEPEQUEZ,,14.492600,-91.398102
16002,SANTA CRUZ VERAPAZ,DEPTO DE ALTA VERAPAZ,,15.366700,-90.433296
13013,SAN MIGUEL ACATAN,DEPTO DE HUEHUETENANGO,,15.700000,-91.616699
13015,TODOS SANTOS CUCHUMATAN,DEPTO DE HUEHUETENANGO,,15.516700,-91.616699
09028,CUICALBA (SIBILIA),DEPTO DE QUETZALTENANGO,,14.777800,-91.730598
14018,CANILLA,DEPTO DEL QUICHE,,15.166700,-90.849998
06012,SANTA CRUZ NARANJO,DEPTO DE SANTA ROSA,,14.388100,-90.369698
19011,LA REFORMA (HUITE),DEPTO DE ZACAPA,,14.950000,-89.602798
05019,CUYUTA (MASAGUA),DEPTO DE ESCUINTLA,,14.410400,-90.870399
22020,VALLE NUEVO JALPATAGUA,DEPTO DE JUTIAPA,,14.233300,-89.966698
09009,OSTUNCALCO,DEPTO DE QUETZALTENANGO,,14.866700,-91.616699
16009,SAN PEDRO CARCHA,DEPTO DE ALTA VERAPAZ,,15.483300,-90.266701
04004,COMALAPA,DEPTO DE CHIMALTENANGO,,14.741100,-90.887497
12016,CATARINA,DEPTO DE SAN MARCOS,,14.850000,-92.083298
06005,SAN RAFAEL LAS FLORES,DEPTO DE SANTA ROSA,,14.481400,-90.173302
07023,ARGUETA (SOLOLA),DEPTO DE SOLOLA,,14.816700,-91.233299
19004,GUALAN,DEPTO DE ZACAPA,,15.133300,-89.366699
15002,SAN MIGUEL CHICAJ,DEPTO DE BAJA VERAPAZ,,15.100000,-90.400002
02001,GUASTATOYA,DEPTO DE EL PROGRESO,,14.853900,-90.064697
13018,SAN MATEO IXTATAN,DEPTO DE HUEHUETENANGO,,15.831900,-91.478104
09022,FLORES COSTA CUCA,DEPTO DE QUETZALTENANGO,,14.650000,-91.816704
10006,SANTO DOMINGO SUCHITEPEQUEZ,DEPTO DE SUCHITEPEQUEZ,,14.466700,-91.483299
19009,LA UNION,DEPTO DE ZACAPA,,14.966700,-89.283302
04001,CHIMALTENANGO,DEPTO DE CHIMALTENANGO,,14.668600,-90.816704
20019,AGUA CALIENTE ( ESQUIPULAS),DEPTO DE CHIQUIMULA,,14.687500,-89.533302
05001,ESCUINTLA,DEPTO DE ESCUINTLA,,14.305000,-90.785004
03015,SAN ANTONIO AGUAS CALIENTES,DEPTO DE SACATEPEQUEZ,,14.539700,-90.769402
15006,EL CHOL,DEPTO DE BAJA VERAPAZ,,14.964200,-90.480598
22003,SANTA CATARINA MITA,DEPTO DE JUTIAPA,,14.450000,-89.750000
22014,MOYUTA,DEPTO DE JUTIAPA,,14.038600,-90.080803
22018,CIUDAD PEDRO DE ALVARADO (MOYUTA),DEPTO DE JUTIAPA,,14.134700,-90.030403
22021,RIO DE PAZ,DEPTO DE JUTIAPA,,14.233300,-89.966698
03005,SANTO DOMINGO XENACOJ,DEPTO DE SACATEPEQUEZ,,14.677800,-90.697800
07010,PANAJACHEL,DEPTO DE SOLOLA,,14.733300,-91.150002
07013,SAN LUCAS TOLIMAN,DEPTO DE SOLOLA,,14.633300,-91.133301
22005,ASUNCION MITA,DEPTO DE JUTIAPA,,14.330800,-89.710800
10014,PATULUL,DEPTO DE SUCHITEPEQUEZ,,14.416700,-91.166702
04016,EL TEJAR,DEPTO DE CHIMALTENANGO,,14.647800,-90.792801
20006,OLOPA,DEPTO DE CHIQUIMULA,,14.683300,-89.349998
09023,LA ESPERANZA,DEPTO DE QUETZALTENANGO,,14.883300,-91.683296
11000,DEPTO DE RETALHULEU,DEPTO DE RETALHULEU,,14.551900,-91.675903
06007,SAN JUAN TECUACO,DEPTO DE SANTA ROSA,,14.082200,-90.261101
22017,QUESADA,DEPTO DE JUTIAPA,,14.270300,-90.040298
12033,SERCHIL ( SAN MARCOS),DEPTO DE SAN MARCOS,,15.033300,-91.800003
07003,SANTA MARIA VISITACION,DEPTO DE SOLOLA,,14.716700,-91.316704
08007,SANTA LUCIA LA REFORMA,DEPTO DE TOTONICAPAN,,15.128300,-91.235603
16019,SEBOL (FRAY BARTOLOME),DEPTO DE ALTA VERAPAZ,,15.579200,-89.920799
15012,SAN GABRIEL PANTZUY (SAN MIGUEL CHICAJ),DEPTO DE BAJA VERAPAZ,,15.051600,-90.414803
20013,EL AMATILLO (JOCOTAN),DEPTO DE CHIQUIMULA,,14.687500,-89.533302
01016,ZONA 16,Ciudad de Guatemala,,14.632800,-90.519897
22004,AGUA BLANCA,DEPTO DE JUTIAPA,,14.500000,-89.650002
10027,BRACITOS (MAZATENANGO),DEPTO DE SUCHITEPEQUEZ,,14.400000,-91.316704
05009,SAN JOSE,DEPTO DE ESCUINTLA,,13.925600,-90.824402
13036,PETATAN (CONCEPCION),DEPTO DE HUEHUETENANGO,,15.479800,-91.664497
03016,SANTA CATARINA BARAHONA,DEPTO DE SACATEPEQUEZ,,14.548900,-90.788300
12045,TOCAHE(SAN PABLO),DEPTO DE SAN MARCOS,,14.953300,-91.893799
20002,SAN JOSE LA ARADA,DEPTO DE CHIQUIMULA,,14.716700,-89.583298
20020,NUEVA ANGUIATU (CONCEP. LAS MINAS),DEPTO DE CHIQUIMULA,,14.697400,-89.465401
17002,SAN JOSE,DEPTO DE PETEN,,16.983299,-89.900002
01021,ZONA 21,Ciudad de Guatemala,,14.632800,-90.519897
13014,SAN RAFAEL LA INDEPENDENCIA,DEPTO DE HUEHUETENANGO,,15.716700,-91.533302
09021,GENOVA,DEPTO DE QUETZALTENANGO,,14.616700,-91.833298
07014,SANTA CRUZ LA LAGUNA,DEPTO DE SOLOLA,,14.750000,-91.216698
02006,SANSARE,DEPTO DE EL PROGRESO,,14.747200,-90.112503
18014,EL MITCHAL (MORALES),DEPTO DE IZABAL,,15.566700,-88.923302
14015,USPANTAN,DEPTO DEL QUICHE,,15.383300,-90.833298
06009,TAXISCO,DEPTO DE SANTA ROSA,,14.070800,-90.463097
04012,YEPOCAPA,DEPTO DE CHIMALTENANGO,,14.504200,-90.956902
13016,SAN JUAN ATITAN,DEPTO DE HUEHUETENANGO,,15.433300,-91.633301
18001,PUERTO BARRIOS,DEPTO DE IZABAL,,15.716700,-88.599998
09019,EL PALMAR,DEPTO DE QUETZALTENANGO,,14.650000,-91.583298
12022,PAJAPITA,DEPTO DE SAN MARCOS,,14.716700,-92.033302
16024,EL ROSARIO,DEPTO DE ALTA VERAPAZ,,15.446200,-90.091003
17023,LA FELICIDAD (SAYAXCHE),DEPTO DE PETEN,,16.766300,-89.815498
01051,SANTA CATARINA PINULA,DEPTO DE GUATEMALA,,14.568900,-90.495300
17028,SABANETA (DOLORES),DEPTO DE PETEN,,16.766300,-89.815498
19008,SAN DIEGO,DEPTO DE ZACAPA,,14.783300,-89.783302
04010,SANTA CRUZ BALANYA,DEPTO DE CHIMALTENANGO,,14.687200,-90.915001
12046,LA CONQUISTA (NUEVO PROGRESO),DEPTO DE SAN MARCOS,,14.953300,-91.893799
12049,SANTA LUCIA IXCAMAL (SAN MARCOS),DEPTO DE SAN MARCOS,,14.953300,-91.893799
06008,CHIQUIMULILLA,DEPTO DE SANTA ROSA,,14.085800,-90.376701
10009,SAN PABLO JOCOPILAS,DEPTO DE SUCHITEPEQUEZ,,14.583300,-91.449997
01058,SAN PEDRO SACATEPEQUEZ,DEPTO DE GUATEMALA,,14.684200,-90.644203
09024,PALESTINA DE LOS ALTOS,DEPTO DE QUETZALTENANGO,,14.933300,-91.699997
08000,DEPTO DE TOTONICAPAN,DEPTO DE TOTONICAPAN,,14.996200,-91.395302
05003,LA DEMOCRACIA,DEPTO DE ESCUINTLA,,14.230800,-90.947197
02011,TULUMAJE (SAN AGUSTIN ACASAGUASTLAN),DEPTO DE EL PROGRESO,,14.851500,-90.114502
14014,SAN ANDRES SAJCABAJA,DEPTO DEL QUICHE,,15.216700,-90.916702
10002,CUYOTENANGO,DEPTO DE SUCHITEPEQUEZ,,14.533300,-91.566704
10029,MONTERREY (SANTO DOMINGO SUCHITEPEQUEZ),DEPTO DE SUCHITEPEQUEZ,,14.400000,-91.316704
09003,OLINTEPEQUE,DEPTO DE QUETZALTENANGO,,14.883300,-91.516701
12041,SAN JOSE IXTAL (NUEVO PROGRESO),DEPTO DE SAN MARCOS,,14.953300,-91.893799
16023,SALACUIN,DEPTO DE ALTA VERAPAZ,,15.446200,-90.091003
16026,RAXRUHA (CHISEC),DEPTO DE ALTA VERAPAZ,,15.446200,-90.091003
20010,SAN JACINTO,DEPTO DE CHIQUIMULA,,14.666700,-89.500000
01060,SAN RAYMUNDO,DEPTO DE GUATEMALA,,14.764700,-90.595596
17004,SAN ANDRES,DEPTO DE PETEN,,16.966700,-89.916702
12029,SAN LORENZO,DEPTO DE SAN MARCOS,,15.033300,-91.733299
15003,RABINAL,DEPTO DE BAJA VERAPAZ,,15.100000,-90.449997
11011,CANDELARIA XOLHUITZ (NUEVO SAN CARLOS),DEPTO DE RETALHULEU,,14.483300,-91.833298
08008,SAN BARTOLO,DEPTO DE TOTONICAPAN,,15.084400,-91.455803
07008,CONCEPCION,DEPTO DE SOLOLA,,14.783300,-91.150002
22022,HORCONES (STA. CAT. MITA),DEPTO DE JUTIAPA,,14.233300,-89.966698
22023,EL OVEJERO (EL PROGRESO),DEPTO DE JUTIAPA,,14.233300,-89.966698
17007,SANTA ANA,DEPTO DE PETEN,,16.799999,-89.833298
14006,CHICHICASTENANGO,DEPTO DEL QUICHE,,14.933300,-91.116699
12001,SAN MARCOS,DEPTO DE SAN MARCOS,,14.966700,-91.800003
17013,TIKAL (FLORES),DEPTO DE PETEN,,16.766300,-89.815498
09013,ALMOLONGA,DEPTO DE QUETZALTENANGO,,14.816700,-91.500000
16005,TAMAHU,DEPTO DE ALTA VERAPAZ,,15.333300,-90.166702
21000,DEPTO DE JALAPA,DEPTO DE JALAPA,,14.583000,-89.889603
21002,SAN PEDRO PINULA,DEPTO DE JALAPA,,14.666700,-89.849998
09005,SIBILIA,DEPTO DE QUETZALTENANGO,,15.000000,-91.616699
01010,ZONA 10,Ciudad de Guatemala,,14.632800,-90.519897
09032,EL TAMBOR (EL PALMAR),DEPTO DE QUETZALTENANGO,,14.854200,-91.609703
14002,QUICHE,DEPTO DEL QUICHE,,15.092600,-91.104401
12026,SIPACANA,DEPTO DE SAN MARCOS,,14.922900,-91.820801
16015,FRAY BARTOLOME DE LAS CASAS,DEPTO DE ALTA VERAPAZ,,15.579200,-89.920799
01059,SAN JUAN SACATEPEQUEZ,DEPTO DE GUATEMALA,,14.718900,-90.644203
22000,DEPTO DE JUTIAPA,DEPTO DE JUTIAPA,,14.306900,-89.777496
03001,ANTIGUA GUATEMALA,DEPTO DE SACATEPEQUEZ,,14.561100,-90.734398
10012,SAN GABRIEL,DEPTO DE SUCHITEPEQUEZ,,14.516700,-91.516701
20003,SAN JUAN ERMITA,DEPTO DE CHIQUIMULA,,14.766700,-89.433296
02013,PASO DE LOS JALAPAS (EL JICARO),DEPTO DE EL PROGRESO,,14.851500,-90.114502
22019,SAN CRSITOBAL FRONTERA (ATESCATEMPA),DEPTO DE JUTIAPA,,14.134700,-90.030403
13032,GRACIAS A DIOS (NENTON),DEPTO DE HUEHUETENANGO,,15.479800,-91.664497
09004,SAN CARLOS SIJA,DEPTO DE QUETZALTENANGO,,14.983300,-91.550003
12017,TECUN UMAN,DEPTO DE SAN MARCOS,,14.666700,-92.150002
07002,SAN JOSE CHACAYA,DEPTO DE SOLOLA,,14.766700,-91.216698
10021,COCALES (PATULUL),DEPTO DE SUCHITEPEQUEZ,,14.400000,-91.316704
20014,EL FLORIDO (CAMOTAN),DEPTO DE CHIQUIMULA,,14.687500,-89.533302
12011,SAN RAFAEL PIE DE LA CUESTA,DEPTO DE SAN MARCOS,,14.933300,-91.916702
12036,EL AMPARO (EL TUMBADOR),DEPTO DE SAN MARCOS,,15.050000,-91.816704
10026,SAN RAFAEL PANAN (SANTA BARBARA),DEPTO DE SUCHITEPEQUEZ,,14.400000,-91.316704
05014,OBERO (MASAGUA),DEPTO DE ESCUINTLA,,14.410400,-90.870399
05010,ITZAPA,DEPTO DE ESCUINTLA,,14.620000,-90.844200
22026,HORCONES (ATESCATEMPA),DEPTO DE JUTIAPA,,14.233300,-89.966698
12005,SAN MIGUEL IXTAGUACAN,DEPTO DE SAN MARCOS,,15.089600,-91.852097
09014,CANTEL,DEPTO DE QUETZALTENANGO,,14.816700,-91.449997
14013,NEBAJ,DEPTO DEL QUICHE,,15.405800,-91.146103
01003,ZONA 3,Ciudad de Guatemala,,14.632800,-90.519897
13006,SAN PEDRO NECTA,DEPTO DE HUEHUETENANGO,,15.500000,-91.766701
17016,PASO CABALLOS (SAN ANDRES),DEPTO DE PETEN,,16.766300,-89.815498
12003,SAN ANTONIO SACATEPEQUEZ,DEPTO DE SAN MARCOS,,14.966700,-91.733299
05007,LA GOMERA,DEPTO DE ESCUINTLA,,14.083300,-91.050003
13034,SAN MARTIN CUCHUMATAN (TODOS SANTOS CUCHUMATAN),DEPTO DE HUEHUETENANGO,,15.479800,-91.664497
18006,PLAYITAS (MORALES),DEPTO DE IZABAL,,15.566700,-88.923302
12019,SAN PABLO,DEPTO DE SAN MARCOS,,14.933300,-92.000000
12025,SAN CRISTOBAL CUCHO,DEPTO DE SAN MARCOS,,14.900000,-91.783302
12048,PIEDRA GRANDE (SAN PEDRO SACATEPEQUEZ,DEPTO DE SAN MARCOS,,14.953300,-91.893799
06013,PUEBLO NUEVO VINAS,DEPTO DE SANTA ROSA,,14.225800,-90.474197
07001,SOLOLA,DEPTO DE SOLOLA,,14.766700,-91.183296
04000,DEPTO DE CHIMALTENANGO,DEPTO DE CHIMALTENANGO,,14.715600,-90.932800
20009,QUETZALTEPEQUE,DEPTO DE CHIQUIMULA,,14.633300,-89.449997
05006,TIQUISATE,DEPTO DE ESCUINTLA,,14.283300,-91.366699
05016,SANTA ANA MIXTAN (NUEVA CONCEPCION),DEPTO DE ESCUINTLA,,14.410400,-90.870399
22006,YUPILTEPEQUE,DEPTO DE JUTIAPA,,14.200000,-89.783302
14012,JOYABAJ,DEPTO DEL QUICHE,,14.995000,-90.806099
19007,CABANAS,DEPTO DE ZACAPA,,14.933300,-89.800003
13025,SAN SEBASTIAN COSTAN,DEPTO DE HUEHUETENANGO,,15.503300,-91.613602
18016,EL REFUGIO (LOS AMATES),DEPTO DE IZABAL,,15.566700,-88.923302
06024,MONTERICO (TAXISCO),DEPTO DE SANTA ROSA,,14.257400,-90.318802
07007,SANTA CLARA LA LAGUNA,DEPTO DE SOLOLA,,14.716700,-91.300003
08001,TOTONICAPAN,DEPTO DE TOTONICAPAN,,14.916700,-91.366699
16000,DEPTO DE ALTA VERAPAZ,DEPTO DE ALTA VERAPAZ,,15.387000,-90.166702
18003,EL ESTOR,DEPTO DE IZABAL,,15.533300,-89.349998
17020,EL CHAL ( DOLORES ),DEPTO DE PETEN,,16.766300,-89.815498
09031,CHUATUJ (SAN CARLOS SIJA),DEPTO DE QUETZALTENANGO,,14.854200,-91.609703
07022,AGUA ESCONDIDA ( SAN ANTONIO PALOPO),DEPTO DE SOLOLA,,14.844400,-91.188904
01006,ZONA 6,Ciudad de Guatemala,,14.632800,-90.519897
01017,ZONA 17,Ciudad de Guatemala,,14.632800,-90.519897
22009,EL ADELANTO,DEPTO DE JUTIAPA,,14.166700,-89.833298
17005,LA LIBERTAD,DEPTO DE PETEN,,16.783300,-90.116699
09017,COLOMBA,DEPTO DE QUETZALTENANGO,,14.716700,-91.733299
12000,DEPTO DE SAN MARCOS,DEPTO DE SAN MARCOS,,15.089600,-91.852097
16011,LANQUIN,DEPTO DE ALTA VERAPAZ,,15.566700,-89.966698
01069,BOCA DEL MONTE (VILLA CANALES),DEPTO DE GUATEMALA,,14.578600,-90.547302
02010,ESTACION JALAPA (SANSARE),DEPTO DE EL PROGRESO,,14.851500,-90.114502
14007,PATZITE,DEPTO DEL QUICHE,,14.966700,-91.216698
22010,ZAPOTITLAN,DEPTO DE JUTIAPA,,14.133300,-89.833298
22025,LA ESMERALDA (JEREZ),DEPTO DE JUTIAPA,,14.233300,-89.966698
12018,OCOS,DEPTO DE SAN MARCOS,,14.509400,-92.193298
06027,CERRO GORDO (SANTA ROSA DE LIMA),DEPTO DE SANTA ROSA,,14.257400,-90.318802
01007,ZONA 7,Ciudad de Guatemala,,14.632800,-90.519897
13020,SAN SEBASTIAN HUEHUETENANGO,DEPTO DE HUEHUETENANGO,,15.383300,-91.583298
09006,CABRICAN,DEPTO DE QUETZALTENANGO,,15.133300,-91.616699
09011,CONCEPCION CHIQUIRICHAPA,DEPTO DE QUETZALTENANGO,,14.850000,-91.616699
02015,EL RANCHO ( SAN AGUSTIN ACASAGUASTLAN),DEPTO DE EL PROGRESO,,14.851500,-90.114502
18017,SANTA INES (LOS AMATES),DEPTO DE IZABAL,,15.566700,-88.923302
17026,PAXCAMAN (FLORES),DEPTO DE PETEN,,16.766300,-89.815498
12023,IXCHIGUAN,DEPTO DE SAN MARCOS,,15.200000,-91.883301
05021,SIPACATE (LA GOMERA),DEPTO DE ESCUINTLA,,14.276000,-90.940399
13028,SAN RAFAEL PETZAL,DEPTO DE HUEHUETENANGO,,15.416700,-91.666702
21007,MATATESCUINTLA,DEPTO DE JALAPA,,14.583000,-89.889603
19010,HUITE,DEPTO DE ZACAPA,,14.933300,-89.716698
05015,BRITO (GUANAGAZAPA),DEPTO DE ESCUINTLA,,14.410400,-90.870399
18008,CAYUGA (MORALES),DEPTO DE IZABAL,,15.566700,-88.923302
22007,ATESCATEMPA,DEPTO DE JUTIAPA,,14.174400,-89.742500
06002,BARBERENA,DEPTO DE SANTA ROSA,,14.309400,-90.361099
07006,SANTA CATARINA IXTAHUACAN,DEPTO DE SOLOLA,,14.800000,-91.366699
10003,SAN FRANCISCO ZAPOTITLAN,DEPTO DE SUCHITEPEQUEZ,,14.583300,-91.516701
19006,USUMATLAN,DEPTO DE ZACAPA,,14.950000,-89.783302
15001,SALAMA,DEPTO DE BAJA VERAPAZ,,15.100000,-90.266701
17029,SANTA ELENA,DEPTO DE PETEN,,16.766300,-89.815498
14020,CHICAMAN,DEPTO DEL QUICHE,,15.400000,-90.766701
07005,NAHUALA,DEPTO DE SOLOLA,,14.850000,-91.316704
10017,SANTO TOMAS LA UNION,DEPTO DE SUCHITEPEQUEZ,,14.633300,-91.383301
19013,SAN JORGE (ZACAPA),DEPTO DE ZACAPA,,14.933300,-89.583298
02000,DEPTO DE EL PROGRESO,DEPTO DE EL PROGRESO,,14.851500,-90.114502
14011,SAN JUAN COTZAL,DEPTO DEL QUICHE,,15.434200,-91.034203
11005,SAN FELIPE,DEPTO DE RETALHULEU,,14.616700,-91.599998
06006,ORATORIO,DEPTO DE SANTA ROSA,,14.228100,-90.175797
07016,SAN MARCOS LA LAGUNA,DEPTO DE SOLOLA,,14.716700,-91.266701
01001,ZONA 1,Ciudad de Guatemala,,14.632800,-90.519897
12043,LAS DELICIAS (EL TUMBADOR),DEPTO DE SAN MARCOS,,14.953300,-91.893799
04002,SAN JOSE POAQUIL,DEPTO DE CHIMALTENANGO,,14.819700,-90.906403
22011,COMAPA,DEPTO DE JUTIAPA,,14.116700,-89.916702
10019,PUEBLO NUEVO,DEPTO DE SUCHITEPEQUEZ,,14.283300,-91.366699
10020,RIO BRAVO,DEPTO DE SUCHITEPEQUEZ,,14.400000,-91.316704
04005,SANTA APOLONIA,DEPTO DE CHIMALTENANGO,,14.791400,-90.970802
01072,SANTA ELENA BARILLAS (VILLA CANALES),DEPTO DE GUATEMALA,,14.632800,-90.519897
13037,PAQUIX (CHIANTLA),DEPTO DE HUEHUETENANGO,,15.479800,-91.664497
14008,SAN ANTONIO ILOTENANGO,DEPTO DEL QUICHE,,15.054700,-91.229698
06001,CUILAPA,DEPTO DE SANTA ROSA,,14.276400,-90.300301
01062,FRAIJANES,DEPTO DE GUATEMALA,,14.465300,-90.440804
02007,SANARATE,DEPTO DE EL PROGRESO,,14.795000,-90.192200
18009,QUIRIGUA (LOS AMATES),DEPTO DE IZABAL,,15.566700,-88.923302
15005,GRANADOS,DEPTO DE BAJA VERAPAZ,,14.913600,-90.522797
15008,PERULHA,DEPTO DE BAJA VERAPAZ,,15.051600,-90.414803
17022,EL REMATE (FLORES),DEPTO DE PETEN,,16.766300,-89.815498
14003,CHINISQUE,DEPTO DEL QUICHE,,15.092600,-91.104401
06022,LOS ESCLAVOS (CUILAPA),DEPTO DE SANTA ROSA,,14.257400,-90.318802
04008,POCHUTA,DEPTO DE CHIMALTENANGO,,14.550000,-91.083298
05002,SANTA LUCIA COTZUMALGUAPA,DEPTO DE ESCUINTLA,,14.333300,-91.016701
01070,VUELTA GRANDE (SAN RAYMUNDO),DEPTO DE GUATEMALA,,14.632800,-90.519897
09029,SAN JOSE CHIQUILAJA (QUETZALTENANGO),DEPTO DE QUETZALTENANGO,,14.883300,-91.483299
14010,CUNEN,DEPTO DEL QUICHE,,15.337500,-91.026901
16006,TUCURU,DEPTO DE ALTA VERAPAZ,,15.300000,-90.066704
04013,SAN ANDRES ITZAPA,DEPTO DE CHIMALTENANGO,,14.620000,-90.844200
18004,MORALES,DEPTO DE IZABAL,,15.483300,-88.816704
17001,FLORES,DEPTO DE PETEN,,16.933300,-89.883301
17003,SAN BENITO,DEPTO DE PETEN,,16.916700,-89.900002
01052,SAN JOSE PINULA,DEPTO DE GUATEMALA,,14.546100,-90.411400
13017,SANTA EULALIA,DEPTO DE HUEHUETENANGO,,15.733100,-91.456902
18007,EL RICO (LOS AMATES),DEPTO DE IZABAL,,15.566700,-88.923302
05012,SAN VICENTE PACAYA,DEPTO DE ESCUINTLA,,14.416100,-90.639198
18019,SAN FELIPE (LIVINGSTON),DEPTO DE IZABAL,,15.566700,-88.923302
22002,EL PROGRESO,DEPTO DE JUTIAPA,,14.350000,-89.849998
12007,TACANA,DEPTO DE SAN MARCOS,,15.233300,-92.083298
12014,EL RODEO,DEPTO DE SAN MARCOS,,14.916700,-91.966698
01012,ZONA 12,Ciudad de Guatemala,,14.632800,-90.519897
13019,COLOTENANGO,DEPTO DE HUEHUETENANGO,,15.416700,-91.716698
18020,BANANERA (MORALES),DEPTO DE IZABAL,,15.566700,-88.923302
17019,MACHAQUILA (DOLORES),DEPTO DE PETEN,,16.766300,-89.815498
03006,SANTIAGO SACATEPEQUEZ,DEPTO DE SACATEPEQUEZ,,14.635300,-90.676399
08006,SANTA MARIA CHIQUIMULA,DEPTO DE TOTONICAPAN,,15.030300,-91.329201
04014,PARRAMOS,DEPTO DE CHIMALTENANGO,,14.607800,-90.803101
05004,SIQUINALA,DEPTO DE ESCUINTLA,,14.306100,-90.964996
13029,SAN GASPAR IXCHIL,DEPTO DE HUEHUETENANGO,,15.383300,-91.716698
12013,EL TUMBADOR,DEPTO DE SAN MARCOS,,14.866700,-91.933296
20000,DEPTO DE CHIQUIMULA,DEPTO DE CHIQUIMULA,,14.701900,-89.435204
20017,SAN ESTEBAN (CHIQUIMULA),DEPTO DE CHIQUIMULA,,14.750000,-89.516701
09020,COATEPEQUE,DEPTO DE QUETZALTENANGO,,14.700000,-91.866699
12009,TAJUMULCO,DEPTO DE SAN MARCOS,,15.083300,-91.883301
06003,SANTA ROSA DE LIMA,DEPTO DE SANTA ROSA,,14.388100,-90.295601
16004,TACTIC,DEPTO DE ALTA VERAPAZ,,15.333300,-90.300003
15011,SALTAN (GRANADOS),DEPTO DE BAJA VERAPAZ,,15.051600,-90.414803
01053,SAN JOSE DEL GOLFO,DEPTO DE GUATEMALA,,14.762800,-90.376404
02008,SAN ANTONIO LA PAZ,DEPTO DE EL PROGRESO,,14.749700,-90.286697
06021,SAN MIGUEL AROCHE (CHIQUIMULILLA),DEPTO DE SANTA ROSA,,14.257400,-90.318802
01015,ZONA 15,Ciudad de Guatemala,,14.632800,-90.519897
13000,DEPTO DE HUEHUETENANGO,DEPTO DE HUEHUETENANGO,,15.536800,-91.656502
22013,CONGUANCO,DEPTO DE JUTIAPA,,14.134700,-90.030403
17014,DOS LAGUNAS (FLORES),DEPTO DE PETEN,,16.766300,-89.815498
09016,ZUNIL,DEPTO DE QUETZALTENANGO,,14.783300,-91.483299
12012,NUEVO PROGRESO,DEPTO DE SAN MARCOS,,14.800000,-91.916702
12037,SAN SEBASTIAN (SAN MARCOS),DEPTO DE SAN MARCOS,,15.066700,-91.833298
10000,DEPTO DE SUCHITEPEQUEZ,DEPTO DE SUCHITEPEQUEZ,,14.520800,-91.487503
19001,ZACAPA,DEPTO DE ZACAPA,,14.966700,-89.533302
19012,SAN JOSE (TECULUTAN),DEPTO DE ZACAPA,,14.950000,-89.602798
19017,SAN PABLO (ZACAPA),DEPTO DE ZACAPA,,15.050000,-89.500000
16008,SENAHU,DEPTO DE ALTA VERAPAZ,,15.400000,-89.833298
20012,ANGUIATU (CONCEP. LAS MINAS ),DEPTO DE CHIQUIMULA,,14.687500,-89.533302
05000,DEPTO DE ESCUINTLA,DEPTO DE ESCUINTLA,,14.208800,-90.975403
13004,CUILCO,DEPTO DE HUEHUETENANGO,,15.400000,-91.966698
13041,LA MESILLA,DEPTO DE HUEHUETENANGO,,15.616700,-91.983299
18022,MARISCOS (LOS AMATES),DEPTO DE IZABAL,,15.566700,-88.923302
18023,BUENOS AIRES (MORALES),DEPTO DE IZABAL,,15.566700,-88.923302
12035,SAN FRANCISCO ( EL RODEO),DEPTO DE SAN MARCOS,,15.050000,-91.816704
12050,EL SITIO (CATARINA ),DEPTO DE SAN MARCOS,,14.953300,-91.893799
19014,SANTA ROSALIA (ZACAPA),DEPTO DE ZACAPA,,14.950000,-89.602798
19018,SAN VICENTE,DEPTO DE ZACAPA,,14.900000,-89.750000
