23281,Zaglav,Zadarska,,43.955799,15.137200
31404,Hrastin,Osječko-Baranjska,,45.434399,18.597500
32212,Gaboš,Vukovarsko-Srijemska,,45.353100,18.736099
32225,Bobota,Vukovarsko-Srijemska,,45.421101,18.853901
53223,Rudopolje,Ličko-Senjska,,44.860802,15.472800
52428,Antonci,Istarska,,45.360298,13.846100
52463,Radoši kod Višnjana,Istarska,,45.261700,13.683300
44403,Maja,Sisačko-Moslavačka,,45.283901,16.150000
52341,Pucići,Istarska,,45.140099,13.917900
10419,Gornje Podotočje,Zagrebačka,,45.683300,16.133301
20341,Podrujnica,Dubrovačko-Neretvanska,,43.045799,17.597500
33525,Novaki,Virovitičko-Podravska,,45.806400,17.633600
44318,Gornja Gračenica,Sisačko-Moslavačka,,45.512798,16.695801
48267,Orehovec,Koprivničko-Križevačka,,46.075600,16.451700
21207,Podgrađe,Splitsko-Dalmatinska,,43.433300,16.850000
22318,Oton,Šibensko-Kninska,,44.098099,16.104200
32241,Novi Jankovci,Vukovarsko-Srijemska,,45.240002,18.896099
47283,Pećarići,Karlovačka,,45.675098,15.413400
21483,Podšpilje,Splitsko-Dalmatinska,,43.033298,16.150000
32224,Vera,Vukovarsko-Srijemska,,45.457802,18.891399
43000,Ciglena,Bjelovarsko-Bilogorska,,45.866901,16.936701
48316,Imbriovec,Koprivničko-Križevačka,,46.254700,16.825600
21430,Srednje Selo,Splitsko-Dalmatinska,,43.398602,16.275299
23231,Petrčane,Zadarska,,44.185600,15.165600
23248,Radovin,Zadarska,,44.231098,15.380800
43274,Ravneš,Bjelovarsko-Bilogorska,,45.862801,17.007799
43532,Donje Cjepidlake,Bjelovarsko-Bilogorska,,45.700001,17.400000
47304,Jezero I Dio,Karlovačka,,45.091900,15.380300
51327,Musulini,Primorsko-Goranska,,45.325001,15.150000
10310,Jalševec Breški,Zagrebačka,,45.714600,16.390900
52206,Pinežići,Istarska,,44.965000,13.935000
22223,Čista Mala,Šibensko-Kninska,,43.880798,15.776400
31542,Beničanci,Osječko-Baranjska,,45.638599,18.176701
31553,Črnkovci,Osječko-Baranjska,,45.707500,18.295000
35400,Prvča,Brodsko-Posavska,,45.243599,17.359200
31305,Gajić,Osječko-Baranjska,,45.841099,18.769400
31554,Tiborjanci,Osječko-Baranjska,,45.683300,18.335800
47221,Mracelj,Karlovačka,,45.221901,15.782500
21224,Slatine,Splitsko-Dalmatinska,,43.499401,16.333300
31403,Vuka,Osječko-Baranjska,,45.433899,18.504999
33515,Kokočak,Virovitičko-Podravska,,45.536400,17.816900
10457,Visoće,Zagrebačka,,45.716702,15.400000
10450,Kozlikovo,Zagrebačka,,45.683498,15.665300
21208,Kučiće,Splitsko-Dalmatinska,,43.433300,16.799999
22317,Plavno,Šibensko-Kninska,,44.145599,16.183599
47272,Ribnik,Karlovačka,,45.579399,15.351400
52332,Mantovani,Istarska,,45.206100,14.042800
20245,Trstenik,Dubrovačko-Neretvanska,,42.918301,17.397800
21222,Gustirna,Splitsko-Dalmatinska,,43.535301,16.105600
23441,Bruvno,Zadarska,,44.401100,15.895800
43231,Križic,Bjelovarsko-Bilogorska,,45.766701,16.783300
49252,Gornja Šemnica/dio/,Krapinsko-Zagorska,,46.101501,16.145399
44450,Donji Cerovljani,Sisačko-Moslavačka,,45.210602,16.798100
51323,Pirovište,Primorsko-Goranska,,45.290600,14.734700
52232,Polje Ćepić,Istarska,,45.190601,14.130800
20230,Sparagovići,Dubrovačko-Neretvanska,,42.855000,17.613300
23312,Novigrad,Zadarska,,44.183899,15.554200
33514,Krajna,Virovitičko-Podravska,,45.566700,17.799999
43284,Ilovski Klokočevac,Bjelovarsko-Bilogorska,,45.626701,17.033100
44325,Puska,Sisačko-Moslavačka,,45.323101,16.793301
20342,Otrić Seoci,Dubrovačko-Neretvanska,,43.061600,17.503599
31512,Gazije,Osječko-Baranjska,,45.490601,17.946899
43531,Mali Bastaji,Bjelovarsko-Bilogorska,,45.650002,17.316700
47300,Marković Selo,Karlovačka,,45.252201,15.270700
53211,Smiljansko Polje,Ličko-Senjska,,44.584702,15.384400
10090,Zagreb-dio,Zagrebačka,,45.733299,15.966700
21271,Grabovac,Splitsko-Dalmatinska,,43.430801,16.986700
21327,Gornje Igrane,Splitsko-Dalmatinska,,43.232201,17.143600
43270,Dražica,Bjelovarsko-Bilogorska,,45.716702,16.983299
49246,Podgorje Bistričko,Krapinsko-Zagorska,,45.996498,16.108801
42245,Slivarsko,Varaždinska,,46.317101,16.094200
32275,Bošnjaci,Vukovarsko-Srijemska,,45.050301,18.755600
47205,Knez Gorica,Karlovačka,,45.424999,15.647500
48323,Komatnica,Koprivničko-Križevačka,,46.156898,16.962799
53206,Crni Dabar,Ličko-Senjska,,44.560799,15.144700
10315,Vezišće,Zagrebačka,,45.616699,16.533300
23442,Rastičevo,Zadarska,,44.251598,16.058701
32252,Otok,Vukovarsko-Srijemska,,45.146702,18.883900
35253,Lovčić,Brodsko-Posavska,,45.204700,17.802200
10418,Cvetković Brdo,Zagrebačka,,45.583900,16.021400
21252,Tugare,Splitsko-Dalmatinska,,43.466702,16.666700
31555,Marijanci,Osječko-Baranjska,,45.666901,18.292200
35423,Dolina,Brodsko-Posavska,,45.143101,17.387501
51305,Crni Lazi,Primorsko-Goranska,,45.564098,14.631000
21480,Stončica,Splitsko-Dalmatinska,,43.065300,16.252800
31400,Đakovo,Osječko-Baranjska,,45.308300,18.410601
47203,Luka Pokupska,Karlovačka,,45.514301,15.681700
49221,Bedekovčina,Krapinsko-Zagorska,,46.041100,15.996400
52427,Livade,Istarska,,45.354401,13.831100
53274,Krasno,Ličko-Senjska,,44.823101,15.051400
51251,Bater,Primorsko-Goranska,,45.143200,14.831900
10343,Habjanovac,Zagrebačka,,45.866699,16.549999
20278,Nova Sela,Dubrovačko-Neretvanska,,43.101700,17.559401
21335,Podaca,Splitsko-Dalmatinska,,43.129398,17.297501
42243,Druškovec,Varaždinska,,46.265301,16.142200
48214,Trema,Koprivničko-Križevačka,,45.966702,16.616699
20231,Zaton Doli,Dubrovačko-Neretvanska,,42.833099,17.751101
32221,Nuštar,Vukovarsko-Srijemska,,45.332500,18.841400
43541,Sirač,Bjelovarsko-Bilogorska,,45.523300,17.254999
22203,Široka Glavica,Šibensko-Kninska,,43.535599,15.984100
35215,Svilaj,Brodsko-Posavska,,45.124401,18.297800
44402,Mali Obljaj,Sisačko-Moslavačka,,45.231701,16.020800
10456,Grič,Zagrebačka,,45.671398,15.229700
20270,Vela Luka,Dubrovačko-Neretvanska,,42.963299,16.722500
42201,Poljana Biškupečka,Varaždinska,,46.270302,16.318100
48264,Kloštar Vojakovački,Koprivničko-Križevačka,,46.045601,16.620800
52425,Ročko Polje,Istarska,,45.374901,13.998800
22010,Krapanj,Šibensko-Kninska,,43.672199,15.914400
20235,Zaton,Dubrovačko-Neretvanska,,42.690800,18.038099
21263,Lokvičići,Splitsko-Dalmatinska,,43.429401,17.139000
22240,Dubrava kod Tisnoga,Šibensko-Kninska,,43.835400,15.680000
22242,Jezera,Šibensko-Kninska,,43.799999,15.650000
52449,Červar Porat,Istarska,,45.271900,13.597200
10297,Igrišće,Zagrebačka,,45.966702,15.866700
21243,Ugljane,Splitsko-Dalmatinska,,43.571098,16.737499
32010,Vukovar,Vukovarsko-Srijemska,,45.343300,18.999701
51242,Klarići,Primorsko-Goranska,,43.890301,15.722200
52446,Rošini,Istarska,,45.271400,13.638900
23235,Poljica-Brig,Zadarska,,44.232601,15.246700
31303,Podolje,Osječko-Baranjska,,45.814999,18.730301
35213,Poljanci,Brodsko-Posavska,,45.130600,18.196100
22206,Podine,Šibensko-Kninska,,43.625702,16.081800
22301,Golubić,Šibensko-Kninska,,44.088902,16.198299
23275,Ugljan,Zadarska,,44.130798,15.103100
43247,Narta,Bjelovarsko-Bilogorska,,45.832802,16.786100
51222,Bakar-dio,Primorsko-Goranska,,45.233501,14.578000
52212,Peroj,Istarska,,44.951900,13.796900
52465,Vabriga,Istarska,,45.291698,13.613300
20207,Mlini,Dubrovačko-Neretvanska,,42.623100,18.207199
23451,Nadvoda,Zadarska,,44.171101,15.858500
31551,Bistrinci,Osječko-Baranjska,,45.691700,18.398600
32243,Orolik,Vukovarsko-Srijemska,,45.215302,18.984699
40318,Domašinec,Međimurska,,46.432499,16.600000
21220,Plano,Splitsko-Dalmatinska,,43.549999,16.266701
47244,Mjesto Primišlje,Karlovačka,,45.216702,15.466700
47314,Jasenak,Karlovačka,,45.232800,15.044200
53231,Plitvica Selo,Ličko-Senjska,,44.885300,15.618800
53270,Senjska Draga,Ličko-Senjska,,44.964001,14.945600
43500,Markovac,Bjelovarsko-Bilogorska,,45.583302,17.283300
48268,Vukšinec Riječki,Koprivničko-Križevačka,,46.081100,16.382799
21213,Kaštel Gomilica,Splitsko-Dalmatinska,,43.549999,16.400000
53244,Gornja Ploča,Ličko-Senjska,,44.445000,15.664700
10311,Posavski Bregi,Zagrebačka,,45.679699,16.353600
47201,Darići,Karlovačka,,45.495800,15.558900
21205,Donji Dolac,Splitsko-Dalmatinska,,43.528599,16.699200
22236,Žirje,Šibensko-Kninska,,43.658901,15.650600
31328,Lug,Osječko-Baranjska,,45.662201,18.775801
47220,Vojnić,Karlovačka,,45.323601,15.698600
51514,Klimno,Primorsko-Goranska,,45.151100,14.613300
44435,Donja Oraovica,Sisačko-Moslavačka,,45.155300,16.428900
48322,Torčec,Koprivničko-Križevačka,,46.223301,16.884701
48363,Podravske Sesvete,Koprivničko-Križevačka,,46.005001,17.211700
20217,Lovorno,Dubrovačko-Neretvanska,,42.546101,18.360600
21462,Vrbanj,Splitsko-Dalmatinska,,43.165001,16.645599
22310,Kijevo,Šibensko-Kninska,,44.008900,16.358101
31226,Dalj,Osječko-Baranjska,,45.490002,18.984699
34551,Kovačevac,Požeško-Slavonska,,45.266701,17.366699
47302,Skradnik,Karlovačka,,45.216702,15.318100
48312,Kuzminec,Koprivničko-Križevačka,,46.234200,16.758600
51244,Kamenjak,Primorsko-Goranska,,45.388302,14.550600
52216,Galižana,Istarska,,44.931702,13.868600
10345,Cugovec,Zagrebačka,,45.911701,16.518900
10383,Zrinšćina,Zagrebačka,,46.008301,16.342501
31224,Lug Subotički,Osječko-Baranjska,,45.509201,18.321100
31301,Branjin Vrh,Osječko-Baranjska,,45.796101,18.610001
33516,Slatinski Drenovac,Virovitičko-Podravska,,45.553101,17.707199
22030,Šibenik/dio-Zablaće/,Šibensko-Kninska,,43.698101,15.953300
32263,Đurići,Vukovarsko-Srijemska,,44.880798,18.917500
33523,Noskovci,Virovitičko-Podravska,,45.782501,17.816700
10257,Graničari,Zagrebačka,,45.711102,15.886100
10381,Bedenica,Zagrebačka,,46.033298,16.242800
22321,Tepljuh,Šibensko-Kninska,,43.900002,16.200001
23223,Škabrnja,Zadarska,,44.080601,15.427800
23286,Zverinac,Zadarska,,44.163898,14.916700
20246,Osobljava,Dubrovačko-Neretvanska,,42.965000,17.400000
23211,Pakoštane,Zadarska,,43.912201,15.508900
53289,Lukovo Šugarje,Ličko-Senjska,,44.439701,15.192800
31543,Rakitovica,Osječko-Baranjska,,45.716099,18.191900
33520,Nova Šarovka,Virovitičko-Podravska,,45.722801,17.660999
33533,Gvozdanska,Virovitičko-Podravska,,45.711899,17.482300
35422,Gornji Crnogovci,Brodsko-Posavska,,45.213600,17.492201
23206,Sukošan,Zadarska,,44.049999,15.316700
31417,Novi Perkovci,Osječko-Baranjska,,45.252201,18.352200
52445,Rupeni,Istarska,,45.207298,13.763800
23271,Kukljica,Zadarska,,44.034698,15.245600
42220,Topličica,Varaždinska,,46.156399,16.331600
44401,Šibine,Sisačko-Moslavačka,,45.274601,16.068899
49232,Strahinje Radobojsko,Krapinsko-Zagorska,,46.166401,15.923600
49247,Ervenik Zlatarski,Krapinsko-Zagorska,,46.043301,16.080299
21413,Povlja,Splitsko-Dalmatinska,,43.333599,16.839701
34310,Lakušija,Požeško-Slavonska,,45.283100,17.847799
40328,Donja Dubrava,Međimurska,,46.314701,16.811899
47262,Jankovo Selište,Karlovačka,,45.331402,15.436400
49224,Galovec Začretski,Krapinsko-Zagorska,,46.121899,15.876200
10413,Žitkovčica,Zagrebačka,,45.594799,16.040600
21465,Zavala,Splitsko-Dalmatinska,,43.124199,16.696400
31513,Donja Motičina,Osječko-Baranjska,,45.494701,18.024200
35107,Tomica,Brodsko-Posavska,,45.196098,18.043100
43504,Munije,Bjelovarsko-Bilogorska,,45.683300,17.299999
21325,Tučepi,Splitsko-Dalmatinska,,43.272202,17.054399
42222,Ljubešćica,Varaždinska,,46.166698,16.383301
21273,Raščane Gornje,Splitsko-Dalmatinska,,43.325600,17.185600
23282,Žman,Zadarska,,43.972198,15.113300
31220,Višnjevac,Osječko-Baranjska,,45.568600,18.613899
53273,Crni Kal,Ličko-Senjska,,44.919399,15.077800
52234,Plomin,Istarska,,45.136700,14.181100
53296,Vidalići,Ličko-Senjska,,44.528599,14.971200
51221,Randići,Primorsko-Goranska,,45.134102,14.502300
20243,Pijavičino,Dubrovačko-Neretvanska,,42.939999,17.345800
21209,Kučine,Splitsko-Dalmatinska,,43.532501,16.530800
47252,Carevo Selo,Karlovačka,,45.361500,15.544600
48260,Sveta Helena,Koprivničko-Križevačka,,46.085602,16.527201
48361,Hrastova Greda,Koprivničko-Križevačka,,46.029400,17.115601
20275,Žrnovo,Dubrovačko-Neretvanska,,42.951099,17.114201
21322,Brela,Splitsko-Dalmatinska,,43.368900,16.934200
31214,Laslovo,Osječko-Baranjska,,45.415001,18.696100
49000,Žutnica,Krapinsko-Zagorska,,46.148102,15.865200
51556,Miholašćica,Primorsko-Goranska,,44.804401,14.371100
10408,Velika Mlaka,Zagrebačka,,45.736401,16.031099
31540,Donji Miholjac,Osječko-Baranjska,,45.760799,18.167200
35250,Bečic,Brodsko-Posavska,,45.191898,17.707500
51219,Cernik,Primorsko-Goranska,,45.343601,14.502200
52208,Rakalj,Istarska,,44.983299,14.050000
51559,Beli,Primorsko-Goranska,,45.110600,14.354700
21216,Kaštel Stari,Splitsko-Dalmatinska,,43.549999,16.350000
22020,Šibenik/dio-Ražine/,Šibensko-Kninska,,43.698101,15.953300
32270,Županja,Vukovarsko-Srijemska,,45.077499,18.697500
33410,Zvonimirevo,Virovitičko-Podravska,,45.801998,17.537001
51263,Šmrika,Primorsko-Goranska,,45.249699,14.601700
51410,Opatija,Primorsko-Goranska,,45.171200,14.387800
52207,Barban,Istarska,,45.064400,14.013600
52426,Lupoglav,Istarska,,45.351101,14.104400
52475,Zambratija,Istarska,,45.473598,13.513900
10370,Črnec Rugvički,Zagrebačka,,45.766701,16.266701
21202,Dugobabe,Splitsko-Dalmatinska,,43.622501,16.424400
32274,Štitar,Vukovarsko-Srijemska,,45.095600,18.640301
43227,Jasenik,Bjelovarsko-Bilogorska,,45.933300,17.049999
51226,Ružić Selo,Primorsko-Goranska,,45.286800,14.593500
10110,Zagreb-Trešnjevka,Zagrebačka,,45.776901,16.068001
32281,Ivankovo,Vukovarsko-Srijemska,,45.288601,18.683901
53226,Kompolje,Ličko-Senjska,,44.917801,15.153900
21311,Stobreč,Splitsko-Dalmatinska,,43.502499,16.522200
31402,Kešinci,Osječko-Baranjska,,45.351398,18.558599
43203,Botinac,Bjelovarsko-Bilogorska,,46.000000,16.866699
53212,Oteš,Ličko-Senjska,,44.617199,15.283100
53251,Gornji Štrbci,Ličko-Senjska,,44.661701,15.958500
20205,Stupa,Dubrovačko-Neretvanska,,42.896900,17.724701
23212,Tkon,Zadarska,,43.933300,15.416700
51304,Vode,Primorsko-Goranska,,45.519299,14.654700
52233,Šušnjevica,Istarska,,45.248100,14.146100
21242,Ruda,Splitsko-Dalmatinska,,43.670300,16.798300
21334,Zaostrog,Splitsko-Dalmatinska,,43.142502,17.282200
32255,Soljani,Vukovarsko-Srijemska,,44.950298,18.970301
35410,Donji Lipovac,Brodsko-Posavska,,45.220600,17.654400
20213,Komaji,Dubrovačko-Neretvanska,,42.535599,18.308300
21225,Drvenik Veliki,Splitsko-Dalmatinska,,43.450001,16.150000
43272,Orlovac,Bjelovarsko-Bilogorska,,45.746899,16.962799
44323,Borovac,Sisačko-Moslavačka,,45.289200,17.147499
44405,Veliki Gradac,Sisačko-Moslavačka,,45.250000,16.250000
52404,Zabrežani,Istarska,,45.183601,13.868300
21232,Prisoje,Splitsko-Dalmatinska,,43.626900,16.612801
21330,Gradac,Splitsko-Dalmatinska,,43.105801,17.341700
23222,Zemunik,Zadarska,,44.106701,15.380600
23421,Dobropoljci,Zadarska,,44.005001,15.811100
51324,Zlobin,Primorsko-Goranska,,45.293900,14.652800
40320,Hodošan,Međimurska,,46.395302,16.643900
51280,Kampor,Primorsko-Goranska,,44.775002,14.718600
31223,Habjanovci,Osječko-Baranjska,,45.543098,18.430000
44316,Gornja Vlahinićka,Sisačko-Moslavačka,,45.622700,16.602100
49282,Donja Batina/dio/,Krapinsko-Zagorska,,46.062000,16.172199
52333,Jakomići,Istarska,,45.212399,14.080600
31431,Livana,Osječko-Baranjska,,45.532501,18.625299
51300,Raskrižje Tihovo,Primorsko-Goranska,,45.397900,14.804800
20226,Njivice,Dubrovačko-Neretvanska,,43.307499,17.156900
21214,Kaštel Kambelovac,Splitsko-Dalmatinska,,43.549999,16.383301
21255,Krnići,Splitsko-Dalmatinska,,43.389000,16.959600
22205,Sitno Donje,Šibensko-Kninska,,43.685299,16.131100
23210,Vrgada,Zadarska,,43.856098,15.503100
40325,Oporovec,Međimurska,,46.331902,16.675301
47263,Trošmarija,Karlovačka,,45.333302,15.283300
49294,Movrač,Krapinsko-Zagorska,,45.980000,15.731900
52403,Gračišće,Istarska,,45.218899,14.010600
10313,Šumećani,Zagrebačka,,45.708900,16.488300
20216,Zastolje,Dubrovačko-Neretvanska,,42.524200,18.400299
35254,Kaniža,Brodsko-Posavska,,45.108101,17.886101
47245,Oštarski Stanovi,Karlovačka,,45.023102,15.647800
49233,Cerje Jesenjsko,Krapinsko-Zagorska,,46.207401,15.898600
44443,Gornji Žirovac,Sisačko-Moslavačka,,45.122799,16.134399
22204,Vezac,Šibensko-Kninska,,43.584702,16.013599
33411,Gradina,Virovitičko-Podravska,,45.855000,17.507200
34543,Gaj,Požeško-Slavonska,,45.477501,17.028099
43507,Uljanik,Bjelovarsko-Bilogorska,,45.530300,17.018299
44222,Slovinci,Sisačko-Moslavačka,,45.292801,16.663099
22221,Konjevrate,Šibensko-Kninska,,43.783298,16.033300
21328,Drašnice,Splitsko-Dalmatinska,,43.220299,17.115000
10436,Žitarka,Zagrebačka,,45.740700,15.800100
23446,Kaldrma,Zadarska,,44.311699,16.188601
44202,Topolovac,Sisačko-Moslavačka,,45.460602,16.435801
49215,Pristava,Krapinsko-Zagorska,,46.081200,15.868700
51311,Tusti Vrh,Primorsko-Goranska,,45.431702,14.933700
44440,Gornji Javoranj,Sisačko-Moslavačka,,45.124699,16.347799
49214,Vižovlje,Krapinsko-Zagorska,,46.016701,15.783300
51253,Podugrinac,Primorsko-Goranska,,45.055801,14.707300
32214,Mlaka Antinska,Vukovarsko-Srijemska,,45.380299,18.770300
32236,Ilok,Vukovarsko-Srijemska,,45.222198,19.376900
35435,Donji Varoš,Brodsko-Posavska,,45.155300,17.252501
40000,Pribislavec,Međimurska,,46.392502,16.482500
44211,Kladari,Sisačko-Moslavačka,,45.398800,16.460199
43283,Kaniška Iva,Bjelovarsko-Bilogorska,,45.537800,16.926901
10362,Vurnovec,Zagrebačka,,45.909100,16.094999
40311,Frkanovec,Međimurska,,46.437500,16.386700
21229,Crivac,Splitsko-Dalmatinska,,43.766701,16.366699
31204,Bijelo Brdo,Osječko-Baranjska,,45.517200,18.870800
32280,Karadžićevo,Vukovarsko-Srijemska,,45.332802,18.685600
44404,Brubno,Sisačko-Moslavačka,,45.200600,16.106400
32272,Šiškovci,Vukovarsko-Srijemska,,45.198898,18.646700
51562,Unije,Primorsko-Goranska,,44.634701,14.247800
23241,Dračevac Ninski,Zadarska,,44.200001,15.300000
35432,Medari,Brodsko-Posavska,,45.267200,17.290001
47285,Ćetiše,Karlovačka,,45.703300,15.310000
51252,Zabukovac,Primorsko-Goranska,,45.085098,14.892400
51512,Njivice,Primorsko-Goranska,,45.158100,14.538600
10453,Toplice,Zagrebačka,,45.749199,15.719600
31216,Ivanovac,Osječko-Baranjska,,45.490799,18.674999
31222,Samatovci,Osječko-Baranjska,,45.596401,18.503901
51261,Bakarac,Primorsko-Goranska,,45.281399,14.583600
21468,Bogomolje,Splitsko-Dalmatinska,,43.131401,16.996401
22211,Vodice,Šibensko-Kninska,,43.760799,15.782800
23244,Starigrad,Zadarska,,44.293098,15.443100
47307,Desmerice,Karlovačka,,45.216702,15.216700
21317,Lokva Rogoznica,Splitsko-Dalmatinska,,43.762199,16.470800
31215,Ernestinovo,Osječko-Baranjska,,45.451900,18.659201
31315,Karanac,Osječko-Baranjska,,45.760601,18.684401
47243,Kosijer Selo,Karlovačka,,45.209702,15.589600
53202,Klenovac,Ličko-Senjska,,44.686901,15.370000
44250,Hrastovica,Sisačko-Moslavačka,,45.401100,16.287201
51321,Sljeme,Primorsko-Goranska,,45.326500,14.741200
52221,Rabac,Istarska,,45.079399,14.157500
31306,Batina,Osječko-Baranjska,,45.846100,18.850000
20343,Šarić Struga,Dubrovačko-Neretvanska,,43.049198,17.479200
32213,Markušica,Vukovarsko-Srijemska,,45.373901,18.705799
51000,Rijeka,Primorsko-Goranska,,44.398300,15.623300
44203,Lonja,Sisačko-Moslavačka,,45.365002,16.722200
53222,Dabar,Ličko-Senjska,,44.955002,15.310000
10437,Bestovje,Zagrebačka,,45.808300,15.816700
21467,Gdinj,Splitsko-Dalmatinska,,43.131901,16.928600
51250,Novi Vinodolski,Primorsko-Goranska,,45.128101,14.788900
51313,Dedin,Primorsko-Goranska,,45.385601,14.886700
51561,Susak,Primorsko-Goranska,,44.509998,14.302800
52222,Brovinje,Istarska,,44.969700,14.100800
10314,Johovec,Zagrebačka,,45.666698,16.483299
10316,Lijevi Dubrovčak,Zagrebačka,,45.651699,16.345600
23233,Privlaka,Zadarska,,44.266701,15.133300
47282,Brlog Ozaljski,Karlovačka,,45.636002,15.401800
53000,Trnovac,Ličko-Senjska,,44.526402,15.277200
20232,Banići,Dubrovačko-Neretvanska,,42.798302,17.857500
22302,Polača,Šibensko-Kninska,,44.021099,16.316099
32239,Negoslavci,Vukovarsko-Srijemska,,45.279400,18.996700
21236,Otišić,Splitsko-Dalmatinska,,43.843601,16.505600
48317,Kutnjak,Koprivničko-Križevačka,,46.271900,16.780001
10340,Topolovec,Zagrebačka,,45.900002,16.400000
10411,Ruča,Zagrebačka,,45.641102,16.283300
20274,Pupnat,Dubrovačko-Neretvanska,,42.953602,17.036900
40329,Kotoriba,Međimurska,,46.355000,16.818100
33406,Budrovac Lukački,Virovitičko-Podravska,,45.883301,17.483299
34343,Kula,Požeško-Slavonska,,45.386101,17.894400
44400,Skela,Sisačko-Moslavačka,,45.365898,16.054300
44437,Kosna,Sisačko-Moslavačka,,45.092201,16.258600
20233,Trsteno,Dubrovačko-Neretvanska,,42.717201,17.980301
34322,Dolac,Požeško-Slavonska,,45.324402,17.587500
47306,Saborsko,Karlovačka,,44.983299,15.478100
44415,Crni Potok,Sisačko-Moslavačka,,45.238300,15.866700
51260,Benići,Primorsko-Goranska,,45.181702,14.691300
53203,Kruščica,Ličko-Senjska,,44.349998,15.316700
10414,Opatija,Zagrebačka,,45.566700,16.000000
20353,Dobranje,Dubrovačko-Neretvanska,,42.984200,17.697800
44414,Gornja Trstenica,Sisačko-Moslavačka,,45.389999,15.946900
47286,Tuškani,Karlovačka,,45.583302,15.566700
52474,Radini,Istarska,,45.378101,13.580800
21426,Sumartin,Splitsko-Dalmatinska,,43.285000,16.875601
32234,Mohovo,Vukovarsko-Srijemska,,45.251400,19.216101
35221,Beravci,Brodsko-Posavska,,45.151402,18.430300
10291,Trstenik Pušćanski,Zagrebačka,,45.900002,15.750000
21231,Veliki Bročanac,Splitsko-Dalmatinska,,43.616699,16.483299
31300,Luč,Osječko-Baranjska,,45.784199,18.535000
40313,Gornji Koncovčak,Međimurska,,46.500000,16.350000
51557,Zbičina,Primorsko-Goranska,,44.898602,14.348300
10454,Kostel Pribićki,Zagrebačka,,45.662998,15.517400
21250,Žeževica,Splitsko-Dalmatinska,,43.450001,16.966700
52402,Novaki Pazinski,Istarska,,45.266701,13.992200
10250,Lučko,Zagrebačka,,45.761101,15.870300
21423,Nerežišća,Splitsko-Dalmatinska,,43.331100,16.578600
31401,Vučevci,Osječko-Baranjska,,45.330799,18.494200
31411,Lapovci,Osječko-Baranjska,,45.243301,18.228100
32244,Đeletovci,Vukovarsko-Srijemska,,45.182499,19.012501
48362,Kloštar Podravski,Koprivničko-Križevačka,,45.981098,17.155800
51212,Vele Mune,Primorsko-Goranska,,45.458900,14.167200
31207,Klisa,Osječko-Baranjska,,45.475300,18.833099
32249,Tovarnik,Vukovarsko-Srijemska,,45.165001,19.151899
34340,Ferovac,Požeško-Slavonska,,45.381699,17.855600
48324,Jeduševac,Koprivničko-Križevačka,,46.127102,16.890100
51224,Krasica,Primorsko-Goranska,,45.309700,14.555600
10431,Svetonedjeljski Breg,Zagrebačka,,45.782902,15.791000
20267,Nakovanj,Dubrovačko-Neretvanska,,43.000000,17.083300
21420,Murvica,Splitsko-Dalmatinska,,43.266701,16.600000
33513,Duga Međa,Virovitičko-Podravska,,45.566700,17.966700
43233,Gornja Garešnica,Bjelovarsko-Bilogorska,,45.652802,16.815599
22222,Vačani,Šibensko-Kninska,,43.916698,15.866700
33404,Bušetina,Virovitičko-Podravska,,45.896900,17.355600
44324,Jasenovac,Sisačko-Moslavačka,,45.271702,16.911699
10312,Sobočani,Zagrebačka,,45.732201,16.454700
31511,Ličko Novo Selo,Osječko-Baranjska,,45.532799,18.059999
44210,Krivaj Sunjski,Sisačko-Moslavačka,,45.366100,16.592199
44317,Popovača,Sisačko-Moslavačka,,45.569698,16.625000
51217,Studena,Primorsko-Goranska,,45.426701,14.392500
31206,Erdut,Osječko-Baranjska,,45.526402,19.060301
47242,Keserov Potok,Karlovačka,,45.195599,15.652000
48314,Pustakovec,Koprivničko-Križevačka,,46.233299,16.798300
21227,Primorski Dolac,Splitsko-Dalmatinska,,43.630798,16.176100
21460,Dol,Splitsko-Dalmatinska,,43.349400,16.621700
47273,Račak,Karlovačka,,45.434700,15.313300
49228,Vojnić Breg,Krapinsko-Zagorska,,46.099998,15.983300
51552,Ilovik,Primorsko-Goranska,,44.459702,14.545300
10251,Hrvatski Leskovac,Zagrebačka,,45.741901,15.907500
21266,Zmijavci,Splitsko-Dalmatinska,,43.410801,17.205601
23263,Dobropoljana,Zadarska,,43.992199,15.317500
34320,Milanovac,Požeško-Slavonska,,45.799702,17.386900
35220,Kruševica,Brodsko-Posavska,,45.077499,18.482800
21412,Pučišća,Splitsko-Dalmatinska,,43.347801,16.733900
32235,Bapska,Vukovarsko-Srijemska,,45.197498,19.260000
35211,Korduševci,Brodsko-Posavska,,45.220299,18.090300
44434,Veliko Krčevo,Sisačko-Moslavačka,,45.291901,16.516701
51326,Hajdine,Primorsko-Goranska,,45.436199,15.406900
51266,Selce,Primorsko-Goranska,,45.156399,14.721100
20260,Korčula,Dubrovačko-Neretvanska,,42.962200,17.136900
21405,Podhumlje,Splitsko-Dalmatinska,,43.326698,16.450800
22233,Prvić Luka,Šibensko-Kninska,,43.716702,15.800000
40317,Podturen,Međimurska,,46.464699,16.543100
40327,Donji Vidovec,Međimurska,,46.329201,16.786699
21000,Kamen,Splitsko-Dalmatinska,,43.514198,16.514700
23296,Olib,Zadarska,,44.375000,14.781900
32273,Gradište,Vukovarsko-Srijemska,,45.148102,18.706699
44431,Gornji Kukuruzari,Sisačko-Moslavačka,,45.266399,16.483299
42240,Gečkovec,Varaždinska,,46.198601,16.189800
44010,Novo Selo,Sisačko-Moslavačka,,45.665298,18.108601
44433,Gornja Velešnja,Sisačko-Moslavačka,,45.242199,16.459200
21333,Drvenik,Splitsko-Dalmatinska,,43.157501,17.266100
32271,Rokovci,Vukovarsko-Srijemska,,45.231098,18.743900
33507,Žabnjača,Virovitičko-Podravska,,45.700001,17.966700
34334,Novi Bešinci,Požeško-Slavonska,,45.423100,17.746099
35210,Stari Perkovci,Brodsko-Posavska,,45.217499,18.348600
10255,Donji Stupnik,Zagrebačka,,45.741699,15.891700
20225,Ropa,Dubrovačko-Neretvanska,,42.752800,17.460300
35207,Zadubravlje,Brodsko-Posavska,,45.163601,18.154400
51521,Punat,Primorsko-Goranska,,45.014702,14.628900
53261,Glibodol,Ličko-Senjska,,44.994701,15.336900
47204,Blatnica Pokupska,Karlovačka,,45.516701,15.750000
49251,Frkuljevec Peršaveški,Krapinsko-Zagorska,,46.161098,16.226700
51223,Kukuljanovo,Primorsko-Goranska,,45.325600,14.540000
23285,Savar,Zadarska,,44.060799,15.018100
32276,Babina Greda,Vukovarsko-Srijemska,,45.117199,18.536900
47251,Fučkovac,Karlovačka,,45.333698,15.259000
52448,Rajki,Istarska,,45.086899,13.960600
22306,Ervenik,Šibensko-Kninska,,44.099400,15.945300
40319,Gardinovec,Međimurska,,46.426899,16.557501
23264,Neviđane,Zadarska,,43.980598,15.340600
51328,Vučnik,Primorsko-Goranska,,45.450600,15.100900
53260,Letinac,Ličko-Senjska,,44.981899,15.223600
20236,Prijevor,Dubrovačko-Neretvanska,,42.673100,18.123899
20357,Blace,Dubrovačko-Neretvanska,,43.001099,17.480600
43252,Stančići,Bjelovarsko-Bilogorska,,45.885899,16.727800
44231,Bijelnik,Sisačko-Moslavačka,,45.349998,16.383301
49243,Krušljevo Selo,Krapinsko-Zagorska,,45.983299,15.883300
21230,Lučane,Splitsko-Dalmatinska,,43.718300,16.593599
22322,Otavice,Šibensko-Kninska,,43.844200,16.259399
35000,Gromačnik,Brodsko-Posavska,,45.179401,17.957500
35222,Gundinci,Brodsko-Posavska,,45.158298,18.491400
42000,Hrašćica,Varaždinska,,46.286598,16.361700
51302,Kuželj,Primorsko-Goranska,,45.473598,14.804700
51500,Krk,Primorsko-Goranska,,45.025799,14.573100
52231,Županići,Istarska,,45.138000,14.059000
21218,Seget Donji,Splitsko-Dalmatinska,,43.516701,16.233299
21256,Cista Provo,Splitsko-Dalmatinska,,43.503300,16.947800
34350,Vlatkovac,Požeško-Slavonska,,45.353298,18.076900
42233,Sesvete Ludbreške,Varaždinska,,46.286701,16.605801
44204,Deanovići,Sisačko-Moslavačka,,45.324501,16.303699
47253,Maurovac,Karlovačka,,45.269699,15.482500
48325,Vlaislav,Koprivničko-Križevačka,,46.094002,16.943100
49290,Lepoglavec,Krapinsko-Zagorska,,45.946201,15.790600
10412,Gornja Lomnica,Zagrebačka,,45.716702,16.000000
21469,Sućuraj,Splitsko-Dalmatinska,,43.125301,17.186100
49284,Pomperovec,Krapinsko-Zagorska,,46.101299,16.189400
49296,Poljana Sultanska,Krapinsko-Zagorska,,46.084400,15.655600
52447,Narduči,Istarska,,45.188099,14.124600
21215,Kaštel Lukšić,Splitsko-Dalmatinska,,43.555302,16.367500
23293,Ist,Zadarska,,44.266701,14.766700
42208,Otok Virje,Varaždinska,,46.365398,16.108200
20269,Lovište,Dubrovačko-Neretvanska,,43.021702,17.035299
21212,Kaštel Sućurac,Splitsko-Dalmatinska,,43.550301,16.426399
53234,Rebić,Ličko-Senjska,,44.544701,15.735600
53224,Ličko Lešće,Ličko-Senjska,,44.804699,15.324700
10299,Oplaznik,Zagrebačka,,45.916698,15.733300
20345,Staševica,Dubrovačko-Neretvanska,,43.138901,17.425600
21300,Makarska,Splitsko-Dalmatinska,,43.296902,17.017799
32238,Čakovci,Vukovarsko-Srijemska,,45.236099,19.058599
34335,Lukač,Požeško-Slavonska,,45.428902,17.811100
32248,Ilača,Vukovarsko-Srijemska,,45.181400,19.095800
35209,Vranovci,Brodsko-Posavska,,45.184200,18.090599
40312,Tupkovec,Međimurska,,46.430599,16.358999
47280,Vrhovački Sopot,Karlovačka,,45.615898,15.466400
53230,Grabušić,Ličko-Senjska,,44.688099,15.711700
21404,Ložišća,Splitsko-Dalmatinska,,43.346901,16.480301
34315,Ratkovica,Požeško-Slavonska,,45.229198,17.720600
42250,Muričevec,Varaždinska,,46.231098,16.049299
51312,Završje,Primorsko-Goranska,,45.432098,15.045700
51418,Sveta Jelena,Primorsko-Goranska,,45.183800,14.230300
21272,Krstatice,Splitsko-Dalmatinska,,43.380001,17.138100
44322,Kozarice,Sisačko-Moslavačka,,45.386700,16.965799
44430,Hrvatska Kostajnica,Sisačko-Moslavačka,,45.231701,16.539200
52422,Brgudac,Istarska,,45.382198,14.147200
20273,Čara,Dubrovačko-Neretvanska,,42.938301,16.934700
23232,Nin,Zadarska,,44.233299,15.183300
49217,Slivonja Jarek,Krapinsko-Zagorska,,46.073399,15.949200
49218,Višnjevec,Krapinsko-Zagorska,,46.166500,15.742900
49245,Jakšinec,Krapinsko-Zagorska,,45.994400,16.078501
23287,Veli Rat,Zadarska,,44.139702,14.852200
35424,Orubica,Brodsko-Posavska,,45.147800,17.458900
47206,Desno Sredičko,Karlovačka,,45.516701,15.900000
10363,Jasenovec,Zagrebačka,,45.913601,16.168699
23273,Sutomišćica,Zadarska,,44.095600,15.175600
43212,Draganić,Bjelovarsko-Bilogorska,,45.954700,16.730801
51329,Draga Lukovdolska,Primorsko-Goranska,,45.376400,15.262900
52342,Režanci,Istarska,,45.044201,13.906700
43202,Jakopovac,Bjelovarsko-Bilogorska,,46.025600,16.788300
52220,Presika,Istarska,,45.151798,14.081100
51325,Mlinari,Primorsko-Goranska,,45.413101,15.033300
51550,Mali Lošinj,Primorsko-Goranska,,44.530602,14.468600
31324,Jagodnjak,Osječko-Baranjska,,45.699200,18.576900
33407,Gornje Bazje,Virovitičko-Podravska,,45.910000,17.442801
44214,Crkveni Bok,Sisačko-Moslavačka,,45.344398,16.714701
44271,Žažina,Sisačko-Moslavačka,,45.500000,16.250000
51281,Lopar,Primorsko-Goranska,,44.832500,14.730300
44273,Petrovec,Sisačko-Moslavačka,,45.500000,16.266701
21315,Duće,Splitsko-Dalmatinska,,43.442799,16.668301
22215,Zaton,Šibensko-Kninska,,43.789398,15.825300
31000,Briješće,Osječko-Baranjska,,45.545601,18.726900
35214,Novo Topolje,Brodsko-Posavska,,45.208302,18.240801
42226,Čret Bisaški,Varaždinska,,46.038200,16.299700
47000,Karlovac,Karlovačka,,45.491699,15.550000
22307,Mokro Polje,Šibensko-Kninska,,44.085800,16.030600
31309,Zlatna Greda,Osječko-Baranjska,,45.721699,18.865601
35257,Živike,Brodsko-Posavska,,45.151402,17.675600
51225,Praputnjak,Primorsko-Goranska,,45.298901,14.573600
51216,Kosi,Primorsko-Goranska,,45.380600,14.391700
21238,Ovrlja,Splitsko-Dalmatinska,,43.686100,16.748301
22234,Prvić Šepurine,Šibensko-Kninska,,43.733299,15.800000
23452,Gornji Karin,Zadarska,,44.070599,15.732500
32251,Privlaka,Vukovarsko-Srijemska,,45.194698,18.837500
34000,Gornji Emovci,Požeško-Slavonska,,45.356400,17.642200
20224,Okuklje,Dubrovačko-Neretvanska,,42.728298,17.669201
22319,Kakanj,Šibensko-Kninska,,43.959099,15.873200
49234,Slatina Svedruška,Krapinsko-Zagorska,,46.159000,15.828700
51241,Križišće,Primorsko-Goranska,,45.268902,14.607200
53201,Ostrvica,Ličko-Senjska,,44.561100,15.453100
21251,Gornje Sitno,Splitsko-Dalmatinska,,43.517200,16.610300
31208,Petrijevci,Osječko-Baranjska,,45.612801,18.535299
42203,Jalžabet,Varaždinska,,46.260799,16.475000
49225,Goričanovec,Krapinsko-Zagorska,,46.199402,15.812400
20215,Poljice,Dubrovačko-Neretvanska,,42.496101,18.379700
20234,Ljubač,Dubrovačko-Neretvanska,,42.723099,18.024200
47240,Zapoljak,Karlovačka,,45.049198,15.719200
51211,Pobri,Primorsko-Goranska,,45.362099,14.309700
35212,Selna,Brodsko-Posavska,,45.185001,18.158100
42225,Butkovec,Varaždinska,,46.101398,16.267099
43506,Kreštelovac,Bjelovarsko-Bilogorska,,45.580601,17.032499
47250,Jarče Polje,Karlovačka,,45.464500,15.522200
48355,Novo Virje,Koprivničko-Križevačka,,46.009399,17.043900
48269,Kalnik,Koprivničko-Križevačka,,46.128300,16.462500
10382,Goričica,Zagrebačka,,45.880699,16.231300
21233,Gornji Bitelić,Splitsko-Dalmatinska,,43.793598,16.629999
34552,Omanovac,Požeško-Slavonska,,45.483299,17.183300
40314,Plešivica,Međimurska,,46.414299,16.374399
47211,Utinja Vrelo,Karlovačka,,45.414700,15.734300
20271,Blato,Dubrovačko-Neretvanska,,43.170300,17.191700
31302,Kneževo,Osječko-Baranjska,,45.846100,18.642799
44412,Gornje Jame,Sisačko-Moslavačka,,45.430901,16.081600
48265,Donji Dubovec,Koprivničko-Križevačka,,45.992901,16.465401
52460,Gamboci,Istarska,,45.428600,13.622800
10040,Zagreb-dio,Zagrebačka,,45.733299,15.966700
33000,Virovitica,Virovitičko-Podravska,,45.831902,17.383900
42242,Seljanec,Varaždinska,,46.210800,16.176701
48213,Markovac Križevački,Koprivničko-Križevačka,,45.950001,16.700001
21260,Glavina Donja,Splitsko-Dalmatinska,,43.445000,17.198900
21267,Ričice,Splitsko-Dalmatinska,,43.513302,17.110600
21454,Brusje,Splitsko-Dalmatinska,,43.192799,16.490801
31421,Satnica Đakovačka,Osječko-Baranjska,,45.355801,18.378099
31424,Josipovac Punitovački,Osječko-Baranjska,,45.423599,18.418301
20240,Trpanj,Dubrovačko-Neretvanska,,43.007500,17.275000
20355,Opuzen,Dubrovačko-Neretvanska,,43.015301,17.565599
21262,Grubine,Splitsko-Dalmatinska,,43.422798,17.149700
52452,Funtana,Istarska,,45.174702,13.605000
10344,Kabal,Zagrebačka,,45.859402,16.640600
10430,Gregurić Breg,Zagrebačka,,45.783298,15.650000
31307,Zmajevac,Osječko-Baranjska,,45.798100,18.801399
35252,Gornji Andrijevci,Brodsko-Posavska,,45.183601,17.882799
44251,Sibić,Sisačko-Moslavačka,,45.407902,16.199100
10296,Luka,Zagrebačka,,45.966702,15.816700
22323,Donje Utore,Šibensko-Kninska,,43.716702,16.250000
42253,Osonjak,Varaždinska,,46.251499,15.968500
20290,Skrivena Luka,Dubrovačko-Neretvanska,,42.740002,16.889700
47246,Lipovača Drežnička,Karlovačka,,44.954498,15.662600
48311,Kunovec,Koprivničko-Križevačka,,46.203300,16.779699
49240,Hižakovec,Krapinsko-Zagorska,,45.991402,15.966300
10342,Pehardovac,Zagrebačka,,45.821899,16.533600
20356,Komarna,Dubrovačko-Neretvanska,,42.945000,17.533899
23291,Rivanj,Zadarska,,44.156101,15.035600
23274,Lukoran,Zadarska,,44.103100,15.158900
49244,Pila,Krapinsko-Zagorska,,45.966702,15.916700
51523,Jurandvor,Primorsko-Goranska,,44.980000,14.737500
52434,Boljun,Istarska,,45.302200,14.122200
53235,Kozjan,Ličko-Senjska,,44.706402,15.544400
21226,Vinišće,Splitsko-Dalmatinska,,43.489700,16.113100
32229,Petrovci,Vukovarsko-Srijemska,,45.288898,18.944401
42207,Goruševnjak,Varaždinska,,46.331699,16.158100
42255,Gornja Višnjica,Varaždinska,,46.299999,16.000000
47271,Mali Modrušpotok,Karlovačka,,45.516701,15.416700
53213,Podstrana,Ličko-Senjska,,44.604401,15.398900
53288,Sušanj Cesarički,Ličko-Senjska,,44.524399,15.118900
10361,Svibje,Zagrebačka,,45.794201,16.196199
21400,Supetar,Splitsko-Dalmatinska,,43.384201,16.550800
23205,Bibinje,Zadarska,,44.066700,15.300000
34312,Sesvete,Požeško-Slavonska,,45.342201,17.830799
52223,Most Raša,Istarska,,45.084301,14.087600
44272,Poljana Lekenička,Sisačko-Moslavačka,,45.563599,16.208099
21485,Palagruža,Splitsko-Dalmatinska,,43.031601,15.998300
32253,Komletinci,Vukovarsko-Srijemska,,45.149700,18.949200
32261,Rajevo Selo,Vukovarsko-Srijemska,,44.924198,18.777201
43211,Marići,Bjelovarsko-Bilogorska,,45.736801,16.589800
44205,Grabovac Banski,Sisačko-Moslavačka,,45.327499,16.223900
31326,Darda,Osječko-Baranjska,,45.628101,18.699699
43246,Laminac,Bjelovarsko-Bilogorska,,45.799999,16.750000
22324,Ključ,Šibensko-Kninska,,43.844398,16.035000
23450,Kruševo,Zadarska,,44.183300,15.650000
31227,Ivanovci,Osječko-Baranjska,,45.621700,18.378300
21246,Kamensko,Splitsko-Dalmatinska,,43.616901,16.953100
21292,Srinjine,Splitsko-Dalmatinska,,43.483299,16.600000
23284,Veli Iž,Zadarska,,44.050800,15.106700
48332,Repaš,Koprivničko-Križevačka,,46.150002,17.083300
52100,Pula,Istarska,,44.868301,13.848100
10010,Zagreb-dio,Zagrebačka,,45.750000,16.000000
10253,Donji Trupci,Zagrebačka,,45.653801,15.950400
32260,Gunja,Vukovarsko-Srijemska,,44.880001,18.853300
35105,Slavonski Brod,Brodsko-Posavska,,45.160301,18.015600
35404,Golobrdac,Brodsko-Posavska,,45.321800,17.403500
53291,Gajac-dio,Ličko-Senjska,,44.577900,14.881900
10020,Donji Čehi,Zagrebačka,,45.733299,15.966700
21235,Otišić,Splitsko-Dalmatinska,,43.843601,16.505600
21318,Mimice,Splitsko-Dalmatinska,,43.400002,16.850000
51414,Ika,Primorsko-Goranska,,45.303600,14.281700
53225,Ponori,Ličko-Senjska,,44.871101,15.139400
42244,Horvatsko,Varaždinska,,46.176899,16.076799
43280,Ciglenica,Bjelovarsko-Bilogorska,,45.558601,16.936100
47281,Vuksani,Karlovačka,,45.578602,15.450000
51513,Omišalj,Primorsko-Goranska,,45.208900,14.556400
21240,Jabuka,Splitsko-Dalmatinska,,43.633099,16.756100
23250,Bašana,Zadarska,,44.422401,15.068100
32283,Vođinci,Vukovarsko-Srijemska,,45.275600,18.609699
43226,Paulovac,Bjelovarsko-Bilogorska,,45.946899,16.935301
44212,Svinica,Sisačko-Moslavačka,,45.311401,16.480801
20223,Suđurađ,Dubrovačko-Neretvanska,,42.711899,17.910601
23423,Lišane Tinjske,Zadarska,,44.028900,15.480000
49231,Zalug,Krapinsko-Zagorska,,46.207001,15.685200
20340,Ploče,Dubrovačko-Neretvanska,,43.056099,17.432800
21254,Seoca,Splitsko-Dalmatinska,,43.466702,16.816700
22304,Radučić,Šibensko-Kninska,,44.043598,16.073299
32222,Pačetin,Vukovarsko-Srijemska,,45.372501,18.847799
48350,Hampovica,Koprivničko-Križevačka,,46.013302,16.950800
21410,Splitska,Splitsko-Dalmatinska,,43.375301,16.607201
44410,Brnjavac,Sisačko-Moslavačka,,45.423401,15.881800
51551,Veli Lošinj,Primorsko-Goranska,,44.516701,14.516700
52464,Valentići,Istarska,,45.330399,13.704300
53287,Jablanac,Ličko-Senjska,,44.716702,14.883300
21450,Velo Grablje,Splitsko-Dalmatinska,,43.162899,16.487801
22312,Orlić,Šibensko-Kninska,,43.970299,16.235600
43245,Gornji Draganec,Bjelovarsko-Bilogorska,,45.785599,16.647499
51522,Draga Bašćanska,Primorsko-Goranska,,44.983299,14.716700
53271,Krivi Put,Ličko-Senjska,,45.032501,14.963100
22311,Strmica,Šibensko-Kninska,,44.170601,16.261400
10000,Sljeme,Zagrebačka,,45.733299,15.966700
32262,Račinovci,Vukovarsko-Srijemska,,44.863899,18.955299
23445,Srb (Gornji i Donji),Zadarska,,44.380299,16.098400
31325,Novi Čeminac,Osječko-Baranjska,,45.675800,18.640600
34308,Radnovac,Požeško-Slavonska,,45.360802,17.786900
49254,Znož /dio/,Krapinsko-Zagorska,,46.131100,16.135799
53294,Lun,Ličko-Senjska,,44.686901,14.750300
20263,Lumbarda,Dubrovačko-Neretvanska,,42.922798,17.167200
31550,Gorica Valpovačka,Osječko-Baranjska,,45.647800,18.353600
49255,Veternica/dio/,Krapinsko-Zagorska,,46.191700,16.016701
52466,Bužinija,Istarska,,45.341702,13.588300
22000,Dubrava kod Šibenika,Šibensko-Kninska,,43.754299,15.959000
35216,Prnjavor,Brodsko-Posavska,,45.283298,17.716700
51262,Kraljevica,Primorsko-Goranska,,45.269699,14.570800
10380,Gornje Psarjevo,Zagrebačka,,45.950001,16.233299
35428,Poljane,Brodsko-Posavska,,45.238899,17.311399
47241,Brezova Glava,Karlovačka,,45.375801,15.619700
20210,Stravča,Dubrovačko-Neretvanska,,42.600601,18.314199
21425,Selca,Splitsko-Dalmatinska,,43.297199,16.850800
31323,Novi Bolman,Osječko-Baranjska,,45.724701,18.539700
44221,Donji Hrastovac,Sisačko-Moslavačka,,45.327202,16.564699
10432,Beder,Zagrebačka,,45.816700,15.616700
21253,Smolonje,Splitsko-Dalmatinska,,43.450001,16.783300
32100,Vinkovci,Vukovarsko-Srijemska,,45.288300,18.804701
32227,Borovo,Vukovarsko-Srijemska,,45.376400,18.966900
32257,Drenovci,Vukovarsko-Srijemska,,44.920601,18.912201
44000,Strelečko,Sisačko-Moslavačka,,45.516701,16.400000
44441,Zrin,Sisačko-Moslavačka,,45.191898,16.369200
10295,Kupljenovo,Zagrebačka,,45.933300,15.816700
10372,Novaki Oborovski,Zagrebačka,,45.716702,16.216700
21265,Studenci,Splitsko-Dalmatinska,,43.530602,17.030600
22235,Kaprije,Šibensko-Kninska,,43.691399,15.711700
21257,Lovreć,Splitsko-Dalmatinska,,43.500000,17.000000
31205,Aljmaš,Osječko-Baranjska,,45.528900,18.950600
35420,Tisovac,Brodsko-Posavska,,45.258099,17.512800
10298,Gornja Bistra,Zagrebačka,,45.916698,15.900000
31322,Novo Nevesinje,Osječko-Baranjska,,45.733898,18.415600
32254,Vrbanja,Vukovarsko-Srijemska,,44.981400,18.927200
52203,Ližnjan,Istarska,,44.828300,13.956900
20264,Račišće,Dubrovačko-Neretvanska,,42.976398,17.016701
21210,Vranjic,Splitsko-Dalmatinska,,43.533298,16.466700
22320,Velušić,Šibensko-Kninska,,43.916698,16.150000
47213,Sjeničak Lasinjski,Karlovačka,,45.450001,15.783300
10417,Ogulinac,Zagrebačka,,45.624199,16.128599
35201,Gornji Slatinik,Brodsko-Posavska,,45.263100,17.978100
51265,Dramalj,Primorsko-Goranska,,45.217701,14.566200
51517,Lakmartin,Primorsko-Goranska,,45.051701,14.587200
22243,Murter,Šibensko-Kninska,,43.812500,15.606100
23424,Islam Grčki,Zadarska,,44.173901,15.455300
31500,Gradac Našički,Osječko-Baranjska,,45.437801,18.040300
42223,Leskovec Toplički,Varaždinska,,46.213600,16.511900
20248,Tomislavovac,Dubrovačko-Neretvanska,,42.864201,17.522200
20352,Vid,Dubrovačko-Neretvanska,,43.080299,17.625799
52423,Rakotule,Istarska,,45.307201,13.806900
21424,Pražnica,Splitsko-Dalmatinska,,43.320301,16.697800
33412,Žiroslavlje,Virovitičko-Podravska,,45.750999,17.556999
35224,Sikirevci,Brodsko-Posavska,,45.108898,18.464399
47264,Rebrovići,Karlovačka,,45.250000,15.366700
52215,Gajana,Istarska,,45.006401,13.832200
47303,Trojvrh,Karlovačka,,45.157700,15.302600
10373,Ivanja Reka,Zagrebačka,,45.802200,16.118900
23440,Grab,Zadarska,,44.283298,15.900000
32284,Stari Mikanovci,Vukovarsko-Srijemska,,45.281700,18.542500
34311,Kuzmica,Požeško-Slavonska,,45.328300,17.756701
42204,Kaštelanec,Varaždinska,,46.252201,16.423300
21203,Gornji Muć,Splitsko-Dalmatinska,,43.688900,16.500000
35208,Donja Bebrina,Brodsko-Posavska,,45.096699,18.183300
52424,Brkač,Istarska,,45.330601,13.799700
52440,Radoši kod Žbandaja,Istarska,,45.208500,13.665600
21329,Igrane,Splitsko-Dalmatinska,,43.195301,17.138901
23207,Sv. Filip i Jakov,Zadarska,,43.981800,15.426900
31304,Topolje,Osječko-Baranjska,,45.866100,18.733900
43271,Velika Pisanica,Bjelovarsko-Bilogorska,,45.801899,17.085800
49222,Lug Poznanovečki,Krapinsko-Zagorska,,46.060799,16.035801
52211,Bale,Istarska,,45.040600,13.783600
23420,Pristeg,Zadarska,,43.955299,15.638300
33521,Ćeralije,Virovitičko-Podravska,,45.619202,17.685801
43285,Gornja Ploščica,Bjelovarsko-Bilogorska,,45.693100,16.938900
51213,Mučići,Primorsko-Goranska,,45.400799,14.308600
51511,Bajčići,Primorsko-Goranska,,45.078602,14.500800
10360,Sesvete,Zagrebačka,,45.831100,16.116400
21270,Rastovac,Splitsko-Dalmatinska,,43.397499,17.056900
44320,Husain,Sisačko-Moslavačka,,45.474201,16.813101
44253,Mošćenica,Sisačko-Moslavačka,,45.438301,16.361099
47276,Jurovo,Karlovačka,,45.603100,15.318400
53220,Otočac,Ličko-Senjska,,44.869400,15.237500
22214,Čista Velika,Šibensko-Kninska,,43.896099,15.767200
23000,Babindub,Zadarska,,44.136101,15.290600
32000,Bogdanovci,Vukovarsko-Srijemska,,45.340801,18.930799
35425,Davor,Brodsko-Posavska,,45.115299,17.516399
52470,Valica,Istarska,,45.413300,13.571900
20222,Lopud,Dubrovačko-Neretvanska,,42.692799,17.946899
23295,Silba,Zadarska,,44.376400,14.696700
35414,Vrbova,Brodsko-Posavska,,45.218601,17.577801
51307,Kranjci,Primorsko-Goranska,,45.626900,14.570800
52352,Bubani,Istarska,,45.118599,13.745800
32232,Grabovo,Vukovarsko-Srijemska,,45.277802,19.060301
33405,Mala Črešnjevica,Virovitičko-Podravska,,45.916698,17.200001
35106,Slavonski Brod,Brodsko-Posavska,,45.160301,18.015600
51322,Fužine,Primorsko-Goranska,,45.305302,14.715600
35403,Rešetari,Brodsko-Posavska,,45.256401,17.463100
51515,Žestilac,Primorsko-Goranska,,45.140499,14.646000
23283,Rava,Zadarska,,44.021900,15.066700
32246,Lipovac,Vukovarsko-Srijemska,,45.055000,19.071100
35429,Mašić,Brodsko-Posavska,,45.266399,17.328899
51301,Golik,Primorsko-Goranska,,45.430302,14.742400
51316,Lokve,Primorsko-Goranska,,45.358898,14.748600
48331,Gotalovo,Koprivničko-Križevačka,,46.220798,16.983101
10451,Bregana Pisarovinska,Zagrebačka,,45.584202,15.868700
23242,Posedarje,Zadarska,,44.213600,15.476700
31321,Zeleno Polje,Osječko-Baranjska,,45.769699,18.503901
42209,Sračinec,Varaždinska,,46.329399,16.278900
47284,Brašljevica,Karlovačka,,45.708302,15.366700
22300,Vrbnik,Šibensko-Kninska,,44.016701,16.193600
23292,Molat,Zadarska,,44.214401,14.879400
51218,Lubarska,Primorsko-Goranska,,45.390701,14.455900
51564,Ćunski,Primorsko-Goranska,,44.588600,14.406400
21463,Vrboska,Splitsko-Dalmatinska,,43.182201,16.670799
23294,Premuda,Zadarska,,44.342499,14.601400
32256,Strošinci,Vukovarsko-Srijemska,,44.916401,19.065001
32245,Podgrađe,Vukovarsko-Srijemska,,45.105598,19.034201
33522,Bokane,Virovitičko-Podravska,,45.616699,17.683300
44201,Jezero Posavsko,Sisačko-Moslavačka,,45.633301,16.316700
51555,Belej,Primorsko-Goranska,,44.779202,14.422500
21247,Neorić,Splitsko-Dalmatinska,,43.680599,16.521099
31531,Viljevo,Osječko-Baranjska,,45.751400,18.063101
44425,Donje Taborište,Sisačko-Moslavačka,,45.450001,16.016701
23262,Barotul,Zadarska,,43.957500,15.385000
51317,Donja Krašićevica,Primorsko-Goranska,,45.471901,14.699200
51415,Tuliševica,Primorsko-Goranska,,45.279400,14.254700
10410,Mraclin,Zagrebačka,,45.666698,16.095600
20272,Smokvica,Dubrovačko-Neretvanska,,42.930599,16.896400
21261,Podosoje,Splitsko-Dalmatinska,,43.370300,17.212799
44321,Krivaj,Sisačko-Moslavačka,,45.421398,16.904200
40316,Gornji Kraljevec,Međimurska,,46.466702,16.470600
51215,Trinajstići,Primorsko-Goranska,,45.371101,14.348300
51314,Stari Laz,Primorsko-Goranska,,45.362801,14.886700
22305,Parčić,Šibensko-Kninska,,44.083302,15.850000
44406,Vlahović,Sisačko-Moslavačka,,45.320301,16.204399
52450,Begi,Istarska,,45.149200,13.605300
10346,Preseka,Zagrebačka,,45.966702,16.383301
20344,Komin,Dubrovačko-Neretvanska,,43.040798,17.536900
23251,Kolan,Zadarska,,44.494202,14.961400
42206,Družbinec,Varaždinska,,46.350300,16.224701
48306,Jankovac,Koprivničko-Križevačka,,46.100399,16.712000
23234,Torovi,Zadarska,,44.306900,15.072100
23245,Tribanj,Zadarska,,44.351700,15.318300
31418,Kućanci Đakovački,Osječko-Baranjska,,45.374199,18.325001
40305,Nedelišće,Međimurska,,46.375801,16.387501
42214,Doljan,Varaždinska,,46.232300,16.325100
21312,Sveti Martin,Splitsko-Dalmatinska,,44.866501,15.518600
31415,Selci Đakovački,Osječko-Baranjska,,45.309200,18.350300
49295,Razdrto Tuheljsko,Krapinsko-Zagorska,,46.077499,15.675600
52420,Juradi,Istarska,,45.337200,13.962800
21314,Jesenice,Splitsko-Dalmatinska,,43.762199,16.470800
53250,Bušević,Ličko-Senjska,,44.547600,15.975800
20221,Koločep,Dubrovačko-Neretvanska,,42.676102,18.009701
23226,Pridraga,Zadarska,,44.166698,15.566700
23443,Prljevo,Zadarska,,44.161098,16.107800
31327,Bilje,Osječko-Baranjska,,45.606899,18.743900
43505,Šuplja Lipa,Bjelovarsko-Bilogorska,,45.647202,17.225300
21310,Stanići,Splitsko-Dalmatinska,,43.440800,17.130800
40321,Držimurec,Međimurska,,46.407799,16.568100
42231,Lunjkovec,Varaždinska,,46.246101,16.725800
51315,Mrkopalj,Primorsko-Goranska,,45.315601,14.855300
52462,Momjan,Istarska,,45.438599,13.711100
10415,Novo Čiče,Zagrebačka,,45.700001,16.116699
21275,Vlaka,Splitsko-Dalmatinska,,43.243599,17.221100
31433,Stipanovci,Osječko-Baranjska,,45.473598,18.188101
35255,Slavonski Kobaš,Brodsko-Posavska,,45.106400,17.745600
49216,Turnovo,Krapinsko-Zagorska,,46.173801,15.810600
10293,Rozga,Zagrebačka,,45.950001,15.727800
10434,Strmec Samoborski,Zagrebačka,,45.816700,15.800000
23272,Kali,Zadarska,,44.062801,15.205600
40322,Orehovica,Međimurska,,46.331699,16.506901
48356,Brodić,Koprivničko-Križevačka,,46.043201,17.188200
32211,Ostrovo,Vukovarsko-Srijemska,,45.340599,18.789700
32258,Podgajci Posavski,Vukovarsko-Srijemska,,44.950600,18.831400
40306,Preseka,Međimurska,,45.966702,16.383301
40315,Peklenica,Međimurska,,46.495300,16.476101
20218,Vitaljina,Dubrovačko-Neretvanska,,42.453899,18.471399
21201,Prgomet,Splitsko-Dalmatinska,,43.616699,16.233299
22232,Zlarin,Šibensko-Kninska,,43.697498,15.836100
31308,Suza,Osječko-Baranjska,,45.783100,18.775000
34330,Aleksandrovac,Požeško-Slavonska,,45.413601,17.629999
40323,Cirkovljan,Međimurska,,46.344398,16.649401
49210,Gubaševo,Krapinsko-Zagorska,,46.026699,15.895000
52429,Bijele Zemlje,Istarska,,45.366100,13.712800
21206,Mala Milešina,Splitsko-Dalmatinska,,43.766701,16.450001
21245,Vrpolje,Splitsko-Dalmatinska,,43.604198,16.829700
21320,Krvavica,Splitsko-Dalmatinska,,43.326401,16.986900
21432,Stomorska,Splitsko-Dalmatinska,,43.369999,16.351700
23249,Vrčići,Zadarska,,44.386902,15.144700
53233,Donji Vaganac,Ličko-Senjska,,44.913101,15.730300
10290,Lužnica,Zagrebačka,,45.851700,15.819600
21264,Gornji Proložac,Splitsko-Dalmatinska,,43.477200,17.185600
31552,Podgajci Podravski,Osječko-Baranjska,,45.729198,18.270599
32242,Svinjarevci,Vukovarsko-Srijemska,,45.251701,18.965000
48321,Sigetec,Koprivničko-Križevačka,,46.188301,16.935801
22212,Tribunj,Šibensko-Kninska,,43.750000,15.750000
31221,Josipovac,Osječko-Baranjska,,45.582802,18.581400
33518,Bjelkovac,Virovitičko-Podravska,,45.666698,17.879999
22303,Mratovo,Šibensko-Kninska,,43.966702,16.066700
34550,Kraguj,Požeško-Slavonska,,45.433300,17.233299
48326,Donje Zdjelice,Koprivničko-Križevačka,,46.056000,16.970301
49250,Znož/dio/,Krapinsko-Zagorska,,46.113899,16.076200
10435,Podgrađe Podokićko,Zagrebačka,,45.750000,15.741700
42232,Gornji Martijanec,Varaždinska,,46.242500,16.505800
47313,Krakar,Karlovačka,,45.183300,15.066700
48327,Molve,Koprivničko-Križevačka,,46.109200,17.031700
53236,Krbava,Ličko-Senjska,,44.614201,15.672200
10455,Konjarić Vrh,Zagrebačka,,45.708099,15.446500
21277,Draževitići,Splitsko-Dalmatinska,,43.163300,17.407499
21403,Sutivan,Splitsko-Dalmatinska,,43.385799,16.476900
23247,Slivnica,Zadarska,,44.243099,15.448600
32233,Opatovac,Vukovarsko-Srijemska,,45.260601,19.170799
10341,Lonjica,Zagrebačka,,45.855000,16.330000
31432,Budimci,Osječko-Baranjska,,45.465000,18.322800
43251,Gudovac,Bjelovarsko-Bilogorska,,45.880299,16.780800
47261,Protulipa,Karlovačka,,45.390499,15.421400
52210,Rovinjsko Selo,Istarska,,45.106400,13.715600
52224,Trget,Istarska,,45.022499,14.056100
21223,Okrug Gornji,Splitsko-Dalmatinska,,43.497200,16.221701
21241,Obrovac Sinjski,Splitsko-Dalmatinska,,43.740799,16.679701
42224,Čanjevo,Varaždinska,,46.106400,16.339399
42230,Čukovec,Varaždinska,,46.229198,16.661900
53221,Podum,Ličko-Senjska,,44.868099,15.291900
23422,Vukšić,Zadarska,,43.944401,15.725300
49283,Husinec,Krapinsko-Zagorska,,46.066700,16.216700
31423,Bračevci,Osječko-Baranjska,,45.429699,18.282499
31530,Orešnjak,Osječko-Baranjska,,45.766701,17.950001
51214,Pasjak,Primorsko-Goranska,,45.483898,14.238600
53284,Biljevine,Ličko-Senjska,,44.899700,14.991900
31422,Tomašinci,Osječko-Baranjska,,45.398899,18.372200
48000,Jagnjedovac,Koprivničko-Križevačka,,46.099998,16.666700
49253,Šipki,Krapinsko-Zagorska,,46.152802,16.067801
53262,Jezerane,Ličko-Senjska,,45.048100,15.206400
20244,Potomje,Dubrovačko-Neretvanska,,42.942501,17.338301
31410,Merolino Sikirevačko,Osječko-Baranjska,,45.226101,18.423901
40324,Goričan,Međimurska,,46.384201,16.680799
40326,Donji Mihaljevec,Međimurska,,46.335300,16.714399
49223,Temovec,Krapinsko-Zagorska,,46.063702,15.915300
51417,Grabrova,Primorsko-Goranska,,45.124401,14.341200
52000,Trviž,Istarska,,45.264702,13.875000
10347,Šelovec,Zagrebačka,,45.980301,16.263901
21228,Bristivica,Splitsko-Dalmatinska,,43.583302,16.150000
21276,Kljenak,Splitsko-Dalmatinska,,43.195801,17.268600
31225,Jelisavac,Osječko-Baranjska,,45.528900,18.156099
44432,Prevršac,Sisačko-Moslavačka,,45.278900,16.450001
21204,Kotlenice,Splitsko-Dalmatinska,,43.567200,16.645300
47222,Batnoga,Karlovačka,,45.169998,15.703600
51306,Gornji Žagari,Primorsko-Goranska,,45.584400,14.673100
53205,Zavođe,Ličko-Senjska,,44.529400,15.473100
42254,Jazbina Cvetlinska,Varaždinska,,46.274300,15.948500
43282,Mala Bršljanica,Bjelovarsko-Bilogorska,,45.579201,16.838900
51264,Jadranovo,Primorsko-Goranska,,45.231098,14.618300
10292,Gornji Laduč,Zagrebačka,,45.883301,15.733300
20250,Stanković,Dubrovačko-Neretvanska,,42.985600,17.174700
31416,Levanjska Varoš,Osječko-Baranjska,,45.315601,18.183599
32237,Lovas,Vukovarsko-Srijemska,,45.226398,19.171101
42205,Budislavec,Varaždinska,,46.285400,16.274000
53252,Dobroselo,Ličko-Senjska,,44.484402,16.045799
10294,Hruševec Pušćanski,Zagrebačka,,45.918301,15.787200
35430,Gornji Rogolji,Brodsko-Posavska,,45.366699,17.216700
43240,Palančani,Bjelovarsko-Bilogorska,,45.721901,16.547800
20247,Žuljana,Dubrovačko-Neretvanska,,42.893600,17.456100
42202,Trnovec Bartolovečki,Varaždinska,,46.294701,16.398899
43290,Lončarica,Bjelovarsko-Bilogorska,,45.754700,17.306900
47212,Lipje,Karlovačka,,45.483299,15.700000
51554,Sveti Jakov,Primorsko-Goranska,,44.640301,14.392500
52444,Brčići,Istarska,,45.211201,13.814600
20000,Dubrovnik,Dubrovačko-Neretvanska,,42.650600,18.091400
32282,Prkovci,Vukovarsko-Srijemska,,45.214401,18.610600
51243,Bašunje Male,Primorsko-Goranska,,45.223598,14.676800
51303,Smrekari,Primorsko-Goranska,,45.553799,14.683900
51516,Kampelje,Primorsko-Goranska,,45.090199,14.642600
43293,Orlovac Zdenački,Bjelovarsko-Bilogorska,,45.678200,17.120300
20242,Oskorušno,Dubrovačko-Neretvanska,,42.983601,17.306900
21244,Cista Velika,Splitsko-Dalmatinska,,43.536098,16.891701
32247,Banovci,Vukovarsko-Srijemska,,45.352200,18.639999
34553,Cicvare,Požeško-Slavonska,,45.459702,17.338499
43273,Lasovac,Bjelovarsko-Bilogorska,,45.851700,17.030001
44330,Lovska,Sisačko-Moslavačka,,45.407200,17.042801
47305,Lička Jesenica,Karlovačka,,44.994999,15.445300
33517,Četekovac,Virovitičko-Podravska,,45.616699,17.766701
43232,Stara Ploščica,Bjelovarsko-Bilogorska,,45.760799,16.884701
20350,Vidonje,Dubrovačko-Neretvanska,,42.983101,17.644199
21466,Poljica,Splitsko-Dalmatinska,,43.148899,16.793600
22202,Kalina,Šibensko-Kninska,,43.636700,16.701900
22213,Pirovac,Šibensko-Kninska,,43.819199,15.672800
22244,Betina,Šibensko-Kninska,,43.816700,15.583300
