MD-6712,Bascalia,Cimislia,,46.308300,28.784401
MD-3539,Neculaieuca,Orhei,,47.360298,28.692200
MD-4241,Volintiri,Stefan-Voda,,46.426701,29.605801
MD-5317,Gavanoasa,Cahul,,45.765598,28.383301
MD-5430,Pripiceni-Razesi,Rezina,,47.685799,28.763100
MD-6427,Grozesti,Nisporeni,,46.998600,28.079399
MD-2000,Chisinau,Mun.Chisinau,,47.005600,28.857500
MD-4812,Baltata,Criuleni,,47.051399,29.047800
MD-4933,Moara Domneasca,Glodeni,,47.622799,27.416700
MD-4221,Gradinita,Causeni,,46.653099,29.584200
MD-5813,Brinzenii Vechi,Telenesti,,47.658298,28.472500
MD-7727,Razeni 1,Ialoveni,,46.746101,28.961700
MD-3024,Hristici,Soroca,,48.120800,28.183901
MD-5416,Echimauti,Rezina,,47.694199,28.900299
MD-5522,Lenin,Ribnita Tr.,,47.665600,29.190300
MD-5830,Saratenii Vechi,Telenesti,,47.526100,28.553101
MD-6827,Suruceni,Ialoveni,,46.982498,28.668600
MD-7135,Valcinet,Ocnita,,48.445599,27.733900
MD-4236,Stefanesti,Stefan-Voda,,46.445801,29.687799
MD-4636,Parcova,Edinet,,48.153099,27.403900
MD-6101,Ceadir-Lunga 1,Comrat,,46.055000,28.830299
MD-6532,Socoleni,Anenii Noi,,46.910000,29.190001
MD-6619,Hrusca,Camenca Tr.,,48.112499,28.571699
MD-5817,Cisla,Telenesti,,47.494701,28.226900
MD-3052,Cremenciug,Soroca,,48.276901,28.085300
MD-4012,India,Grigoriopol Tr.,,47.046101,29.387199
MD-4225,Olanesti 1,Stefan-Voda,,46.495602,29.918100
MD-5032,Mihailovca,Floresti,,47.801701,28.262501
MD-5112,Baraboi,Donduseni,,48.085800,27.617500
MD-7423,Mirnoe,Taraclia,,45.737499,28.581100
MD-3431,Lapusna,Hincesti,,46.884201,28.411900
MD-3437,Miresti,Hincesti,,46.969700,28.254999
MD-3645,Semeni,Ungheni,,47.268600,27.751900
MD-7218,Cusmirca,Soldanesti,,47.906399,28.705299
MD-7402,Taraclia 2,Taraclia,,45.900002,28.668900
MD-7335,Stoianovca,Cantemir,,46.259201,28.164400
MD-3617,Cetireni,Ungheni,,47.224201,27.903299
MD-3640,Petresti Loc.C.F.,Ungheni,,47.306702,27.745300
MD-5834,Tintareni,Telenesti,,47.570301,28.562500
MD-6602,Camenca 2,Camenca Tr.,,48.031898,28.697800
MD-6620,Iantarnoe,Camenca Tr.,,47.902802,28.836700
MD-3512,Slobozia-Hodorogea,Orhei,,47.508301,28.888599
MD-4732,Marcauti,Briceni,,48.313900,27.226101
MD-4820,Valea Colonitei,Criuleni,,47.009998,28.986700
MD-6113,Cazaclia,Comrat,,46.010300,28.662800
MD-6415,Bolduresti,Nisporeni,,47.135300,28.059700
MD-5102,Donduseni 2,Donduseni,,48.242699,27.610100
MD-6322,Orac,Leova,,46.668301,28.463100
MD-6831,Zimbreni,Ialoveni,,46.836899,28.847500
MD-7316,Tarancuta,Cantemir,,46.158901,28.468100
MD-4829,Magdacesti,Criuleni,,47.133900,28.825600
MD-5351,Cismichioi,Comrat,,45.544399,28.382799
MD-6441,Zberoaia,Nisporeni,,46.968601,28.106899
MD-6630,Severinovca,Camenca Tr.,,48.066399,28.725000
MD-3620,Curtoaia,Ungheni,,47.392799,28.104700
MD-4129,Selemet,Cimislia,,46.577801,28.926399
MD-5219,Lazo,Lazo,,47.889198,27.924999
MD-5638,Saptebani,Riscani,,47.897202,27.351700
MD-5727,Tirnauca,Slobozia Tr.,,46.811401,29.550600
MD-5214,Cotova,Drochia,,48.163101,27.951099
MD-5218,Hasnasenii Noi,Drochia,,47.855598,27.907200
MD-6333,Troita,Leova,,46.564999,28.466101
MD-3422,Cotul Morii,Hincesti,,46.869701,28.118900
MD-3517,Bulaiesti,Orhei,,47.476898,28.978600
MD-3612,Lidovca,Ungheni,,47.278599,27.894400
MD-4622,Chiurt,Edinet,,48.059399,27.341101
MD-4739,Tetcani,Briceni,,48.181702,26.975599
MD-6717,Troitcoe,Cimislia,,46.512798,29.028099
MD-3031,Racovat,Soroca,,48.082500,28.406099
MD-3401,Hincesti,Hincesti,,46.825802,28.593599
MD-3634,Manoilesti,Ungheni,,47.236698,27.883101
MD-4801,Criuleni,Criuleni,,47.214401,29.161400
MD-6423,Ciutesti,Nisporeni,,47.175800,28.123899
MD-3738,Zamciogi,Straseni,,47.204399,28.723301
MD-4320,Opaci,Causeni,,46.579700,29.350000
MD-4573,Dorotcaia,Dubasari Cr.,,47.172199,29.202801
MD-5135,Slobozia-Noua,Soroca,,48.258900,27.980000
MD-5837,Zgardesti,Telenesti,,47.531399,28.194401
MD-3533,Izvoare,Orhei,,47.551701,28.957199
MD-3650,Untesti,Ungheni,,47.243599,27.822800
MD-5822,Inesti,Telenesti,,47.502800,28.398100
MD-6529,Puhaceni,Anenii Noi,,47.088902,29.346701
MD-3004,Soroca 4,Soroca,,48.155800,28.297501
MD-4115,Costangalia,Cimislia,,46.616699,28.803101
MD-4814,Budesti,Mun.Chisinau,,47.065300,29.006701
MD-4421,Hirjauca,Calarasi,,47.324200,28.222500
MD-4628,Fintina Alba,Edinet,,48.163101,27.428301
MD-5119,Corbu,Donduseni,,48.267200,27.572500
MD-6103,Ceadir-Lunga 3,Comrat,,46.055000,28.830299
MD-6825,Rusestii Noi,Ialoveni,,46.929699,28.651899
MD-3511,Berezlogi,Orhei,,47.436401,28.933901
MD-4319,Hagimus,Causeni,,46.756401,29.479700
MD-5716,Copanca,Causeni,,46.716900,29.620600
MD-6525,Maximovca,Anenii Noi,,47.009998,29.012800
MD-7215,Cot,Soldanesti,,47.978901,28.777800
MD-5034,Putinesti,Floresti,,47.834999,28.124201
MD-6813,Costesti,Ialoveni,,46.867802,28.768600
MD-3022,Grigorauca,Soroca,,48.207802,28.099701
MD-3641,Pirlita,Ungheni,,47.319401,27.873301
MD-4419,Frumoasa,Calarasi,,47.328899,28.402800
MD-5622,Hiliuti,Riscani,,47.928902,27.386900
MD-6321,Iargara,Leova,,46.427502,28.436701
MD-3932,Ursoaia,Cahul,,45.853100,28.315599
MD-4737,Slobozia-Sirauti,Briceni,,48.242500,26.872499
MD-6816,Horesti,Ialoveni,,46.826698,28.871901
MD-7342,Visniovca,Cantemir,,46.333302,28.449400
MD-7720,Coscalia,Causeni,,46.685600,29.156900
MD-3633,Magurele,Ungheni,,47.460800,27.971100
MD-6422,Ciuciuleni,Hincesti,,47.021702,28.413300
MD-4222,Lazo,Stefan-Voda,,46.487801,29.576401
MD-4572,Pohrebea,Criuleni-Dub.,,47.181900,29.166100
MD-4728,Halahora De Jos,Briceni,,48.231400,27.169701
MD-6222,Dobrogea Veche,Singerei,,47.841702,27.931900
MD-7315,Capaclia,Cantemir,,46.328602,28.399700
MD-6538,Tintareni,Anenii Noi,,46.903099,29.138901
MD-4627,Fetesti,Edinet,,48.166698,27.096701
MD-4837,Riscova,Criuleni,,47.252499,28.846100
MD-5141,Taul,Donduseni,,48.215801,27.672800
MD-5944,Cuzmenii Vechi,Falesti,,47.526402,27.567801
MD-6434,Seliste,Nisporeni,,47.168900,28.136700
MD-6240,Taura Veche,Singerei,,47.536900,27.951900
MD-7229,Recesti,Soldanesti,,47.786400,28.562201
MD-3016,Cosauti,Soroca,,48.228901,28.291100
MD-4619,Brinzeni,Edinet,,48.084202,27.175600
MD-5511,Picalova,Ribnita Tr.,,47.762798,29.109699
MD-5626,Mihaileni,Riscani,,48.040798,27.613899
MD-5937,Navirnet,Falesti,,47.589199,27.561899
MD-6520,Delacau,Anenii Noi,,47.098900,29.303101
MD-6523,Gura Bicului,Anenii Noi,,46.931099,29.458599
MD-3822,Svetlii,Comrat,,46.016399,28.566099
MD-4412,Bahmut St.,Calarasi,,47.332600,28.087900
MD-5118,Codrenii Noi,Donduseni,,48.143299,27.572800
MD-5315,Cislita-Prut,Cahul,,45.537800,28.170000
MD-5435,Tarasova,Rezina,,47.877201,28.963600
MD-3440,Sarateni,Hincesti,,46.856701,28.168600
MD-4302,Causeni 2,Causeni,,46.644199,29.413900
MD-4439,Temeleuti,Calarasi,,47.253899,28.071899
MD-3044,Trifauti,Soroca,,48.161701,28.384199
MD-4015,Crasnaia Bessarabia,Grigoriopol Tr.,,47.285000,29.586901
MD-5137,Tatarauca Noua,Soroca,,48.316399,27.973900
MD-5722,Parcani,Slobozia Tr.,,46.852200,29.509701
MD-4435,Radeni,Calarasi,,47.397800,28.216700
MD-5039,Trifanesti,Floresti,,47.744400,28.098301
MD-5113,Braicau,Donduseni,,48.303902,27.731701
MD-3048,Varancau,Soroca,,48.065300,28.514999
MD-3516,Breanova,Orhei,,47.415798,28.649700
MD-3518,Chiperceni,Orhei,,47.525002,28.838600
MD-3731,Sireti,Straseni,,47.133900,28.714199
MD-3925,Manta,Cahul,,45.806099,28.183300
MD-5302,Vulcanesti St,Comrat,,45.684200,28.402800
MD-3735,Voinova,Straseni,,47.270599,28.487200
MD-4232,Semionovca,Stefan-Voda,,46.516701,29.512199
MD-4237,Talmaza 1,Stefan-Voda,,46.635799,29.664700
MD-5532,Stroiesti,Ribnita Tr.,,47.892799,28.932501
MD-7425,Novosiolovca,Taraclia,,45.900600,28.601700
MD-7716,Ciuflesti,Causeni,,46.624199,29.001900
MD-3542,Jeloboc,Orhei,,47.356899,28.904699
MD-3651,Buzduganii De Sus,Ungheni,,47.160801,27.862499
MD-4713,Berlinti,Briceni,,48.311901,26.935801
MD-6603,Camenca 3,Camenca Tr.,,48.031898,28.697800
MD-7214,Cobilea,Soldanesti,,47.865799,28.671400
MD-5019,Dumitreni,Floresti,,47.971401,28.318899
MD-5509,Ribnita 9,Ribnita Tr.,,47.766399,29.001101
MD-6221,Cubolta,Singerei,,47.874199,28.038900
MD-2081,Bubuieci,Mun.Chisinau,,46.985001,28.942200
MD-3446,Bratianovca,Hincesti,,46.740601,28.464701
MD-4818,Cosernita,Criuleni,,47.119202,29.047199
MD-4925,Iabloana,Glodeni,,47.806099,27.623899
MD-5017,Cosernita,Floresti,,47.938099,28.464399
MD-7125,Lencauti,Ocnita,,48.435299,27.650600
MD-4301,Causeni 1,Causeni,,46.644199,29.413900
MD-5530,Popencu,Ribnita Tr.,,47.595798,29.013599
MD-6535,Telita,Anenii Noi,,46.956902,29.303900
MD-6801,Ialoveni,Ialoveni,,46.943100,28.777800
MD-5403,Rezina 3,Rezina,,47.666698,28.833300
MD-5725,Sucleia,Slobozia Tr.,,46.821098,29.659700
MD-4637,Poiana,Edinet,,48.252201,27.351900
MD-5427,Papauti,Rezina,,47.797798,28.923300
MD-5503,Buschi,Ribnita Tr.,,47.717499,29.077801
MD-3017,Curesnita,Soroca,,48.227798,28.176399
MD-3537,Mirzesti,Orhei,,47.498600,28.995001
MD-3734,Tiganesti,Straseni,,47.298901,28.552200
MD-4016,Crasnaia Gorca,Grigoriopol Tr.,,47.132198,29.315001
MD-4228,Popeasca,Stefan-Voda,,46.602501,29.536900
MD-5811,Banestii Noi,Telenesti,,47.586700,28.403299
MD-6430,Helesteni,Nisporeni,,46.962502,28.185801
MD-7417,Cairaclia,Taraclia,,45.778301,28.624399
MD-5639,Sturzeni,Riscani,,47.915001,27.460600
MD-2003,Durlesti,Mun.Chisinau,,47.017799,28.762501
MD-3619,Cioropcani,Ungheni,,47.397800,27.699699
MD-3914,Baurci-Moldoveni,Cahul,,46.033100,28.232800
MD-4416,Cabaiesti,Calarasi,,47.216400,28.146700
MD-4639,Ruseni,Edinet,,48.201698,27.415800
MD-5624,Malaiesti,Riscani,,47.882801,27.349701
MD-7101,Ocnita 1,Ocnita,,48.385300,27.439199
MD-7124,Hadarauti,Ocnita,,48.371700,27.335800
MD-3034,Rublenita Noua,Soroca,,48.153599,28.134701
MD-3427,Firladeni,Hincesti,,46.787498,28.687500
MD-4734,Mihaileni,Briceni,,48.247200,27.250799
MD-5012,Bahrinesti,Floresti,,47.856400,28.242201
MD-5319,Iujnoe,Cahul,,45.752499,28.477501
MD-4575,Marcauti,Criuleni- Dub.,,47.355301,29.058300
MD-4641,Sofrincani,Edinet,,48.048901,27.413900
MD-6536,Todiresti,Anenii Noi,,46.907200,29.086399
MD-4114,Ciucur-Mingir,Cimislia,,46.440800,28.755800
MD-4724,Drepcauti,Briceni,,48.271702,26.724199
MD-5321,Vadul Lui Isac,Cahul,,45.761101,28.166700
MD-3716,Draguseni,Straseni,,47.214199,28.664200
MD-3729,Roscani,Straseni,,47.147499,28.677799
MD-5121,Elizavetovca,Donduseni,,48.280800,27.708599
MD-5352,Etulia,Comrat,,45.539200,28.442801
MD-6425,Dolna,Straseni,,47.121899,28.270300
MD-5945,Rautel,Falesti,,47.714199,27.825800
MD-7222,Glinjeni,Soldanesti,,47.598598,27.889999
MD-4019,Bruslachi,Grigoriopol Tr.,,47.281101,29.379999
MD-4227,Palanca,Stefan-Voda,,46.408600,30.096100
MD-4736,Sirauti,Briceni,,48.237202,26.842501
MD-5136,Sudarca,Donduseni,,48.305302,27.786900
MD-5533,Lisaia Gora,Ribnita Tr.,,47.739201,29.068600
MD-4834,Pascani,Criuleni,,47.167198,28.832500
MD-5021,Ghindesti Oras,Floresti,,47.843601,28.405300
MD-5819,Ghermanesti,Telenesti,,47.440300,28.517200
MD-3445,Poganesti,Hincesti,,46.692799,28.233101
MD-3448,Secareni,Hincesti,,47.025299,28.332500
MD-4314,Firladeni,Causeni,,46.788300,29.366899
MD-4325,Stefanesti,Causeni,,46.706699,29.370800
MD-4611,Alexeevca,Edinet,,48.093601,27.260799
MD-5827,Dobrusa,Telenesti,,47.614399,28.556700
MD-3523,Crihana,Orhei,,47.522800,28.721100
MD-3720,Martinesti,Straseni,,47.235298,28.606899
MD-4118,Gura Galbenei,Cimislia,,46.698101,28.705799
MD-6414,Barboieni,Nisporeni,,47.019699,28.057501
MD-7235,Sipca,Soldanesti,,47.848099,28.806101
MD-2093,Gratiesti,Mun.Chisinau,,47.099201,28.816700
MD-3352,Dnestrovsc,Tiraspol Tr.,,46.622200,29.913300
MD-3441,Strimbeni,Hincesti,,46.867199,28.264999
MD-3628,Frasinesti,Ungheni,,47.034401,28.012800
MD-5927,Unteni,Falesti,,47.415600,27.582500
MD-3723,Negresti,Straseni,,47.177799,28.624701
MD-4001,Grigoriopol,Grigoriopol Tr.,,47.153599,29.296400
MD-4201,Stefan-Voda,Stefan-Voda,,46.515301,29.663099
MD-4402,Calarasi 2,Calarasi,,47.254398,28.308100
MD-5720,Nezavertailovca,Slobozia Tr.,,46.607800,29.931400
MD-7332,Porumbesti,Cantemir,,46.313900,28.277500
MD-3027,Oclanda,Soroca,,48.289200,28.060301
MD-3616,Busila,Ungheni,,47.387501,27.811701
MD-3629,Gherman,Ungheni,,47.359402,27.602501
MD-4006,Maiac,Grigoriopol Tr.,,47.237499,29.385799
MD-4523,Roghi,Dubasari Tr.,,47.320301,29.135599
MD-4926,Limbenii Noi,Glodeni,,47.723900,27.628901
MD-5023,Gura Camencii,Floresti,,47.890598,28.356899
MD-5926,Hitresti,Falesti,,47.549198,27.776100
MD-3606,Ungheni 6,Ungheni,,47.256302,27.834299
MD-4304,Causeni 4,Causeni,,46.644199,29.413900
MD-4571,Cocieri,Dubasari Cr.,,47.307499,29.110300
MD-4822,Dubasarii Vechi,Criuleni,,47.133900,29.197800
MD-4922,Fundurii Noi,Glodeni,,47.753601,27.656900
MD-6819,Milestii Mici,Ialoveni,,46.899399,28.804701
MD-7717,Cirnatenii Noi,Causeni,,46.649399,29.135000
MD-4328,Ursoaia,Causeni,,46.705799,29.445601
MD-7320,Suhat,Cantemir,,46.162498,28.344200
MD-7421,Corten,Taraclia,,46.014400,28.736099
MD-3637,Morenii Noi,Ungheni,,47.121899,27.919701
MD-5222,Moara De Piatra,Drochia,,47.895000,28.006901
MD-5840,Ciulucani,Telenesti,,47.505299,28.343100
MD-6435,Soltanesti,Nisporeni,,47.059399,28.110001
MD-6215,Slobozia-Magura,Singerei,,47.485001,27.965000
MD-6527,Merenii Noi,Anenii Noi,,46.924400,29.056400
MD-3200,Bender,Bender Tr.,,46.830601,29.471100
MD-4432,Pitusca,Calarasi,,47.237499,28.419701
MD-4501,Mahala,Dubasari Tr.,,47.266701,29.149700
MD-5101,Donduseni 1,Donduseni,,48.242699,27.610100
MD-5914,Socii Noi,Falesti,,47.539398,27.643900
MD-3933,Zirnesti,Cahul,,46.011101,28.163099
MD-5020,Marasesti,Singerei,,47.864201,28.069201
MD-3615,Bumbata,Ungheni,,47.340801,27.974400
MD-3812,Bugeac,Comrat,,46.365799,28.663300
MD-4025,Sipca,Grigoriopol Tr.,,47.168900,29.507500
MD-4928,Nicolaevca,Glodeni,,47.823101,27.553600
MD-5130,Plop,Donduseni,,48.255299,27.700300
MD-3923,Lopatica,Cahul,,45.929401,28.412201
MD-4638,Hlinaia Mica,Edinet,,48.253601,27.269400
MD-5016,Marinesti,Floresti,,47.731400,28.383900
MD-7323,Iasnaia Poleana,Cahul,,46.141102,28.304399
MD-7119,Dingeni,Ocnita,,48.348099,27.481400
MD-5816,Chitcanii Vechi,Telenesti,,47.592800,28.501101
MD-6236,Prepelita,Singerei,,47.589699,28.341400
MD-6313,Frumusica,Leova,,46.556900,28.428600
MD-5515,Cobasna Loc.C.F.,Ribnita Tr.,,47.784401,29.206100
MD-5820,Ghiliceni,Telenesti,,47.479401,28.206699
MD-6522,Geamana,Anenii Noi,,46.818298,29.138901
MD-5507,Ribnita 7,Ribnita Tr.,,47.766399,29.001101
MD-6715,Ivanovca,Cimislia,,46.506401,28.949200
MD-4580,Ustia,Criulenii-Dub.,,47.256699,29.125000
MD-4920,Danu,Glodeni,,47.830601,27.496099
MD-6202,Biruinta,Singerei,,47.816101,28.068600
MD-7216,Cotiujenii Mari,Soldanesti,,47.843601,28.554399
MD-7420,Ciumai,Taraclia,,45.782200,28.569700
MD-3814,Chioselia Rusa,Comrat,,46.083302,28.516399
MD-4513,Lunga Noua,Dubasari Tr.,,47.285801,29.274700
MD-4722,Cotiujeni,Briceni,,48.344398,26.938101
MD-4831,Miclesti,Criuleni,,47.238602,28.806700
MD-5111,Arionesti,Donduseni,,48.375301,27.843100
MD-3442,Pascani,Hincesti,,46.976898,28.367800
MD-5421,Lalova,Rezina,,47.563900,29.019199
MD-5529,Plopi,Ribnita Tr.,,47.955299,29.163900
MD-6512,Bulboaca,Anenii Noi,,46.883099,29.309700
MD-6650,Tirgul-Vertiujeni,Floresti,,48.030800,28.534700
MD-5832,Saratenii Noi,Telenesti,,47.509201,28.501400
MD-6411,Bacseni,Nisporeni,,47.084202,28.016701
MD-3526,Donici,Orhei,,47.284401,28.670000
MD-4329,Marianca De Sus,Causeni,,46.648300,29.311899
MD-7118,Corestauti,Ocnita,,48.352798,27.257799
MD-7131,Rediul Mare,Ocnita,,48.228600,27.515301
MD-7702,Cainari Gara,Causeni,,46.644199,29.413900
MD-3449,Sofia,Hincesti,,46.841099,28.380301
MD-3636,Minzatesti,Ungheni,,47.394199,28.065001
MD-6442,Bursuc,Nisporeni,,47.094398,28.302500
MD-7136,Verejeni,Ocnita,,48.439999,27.616899
MD-5027,Izvoare,Floresti,,47.977200,28.132799
MD-5508,Ribnita 8,Ribnita Tr.,,47.766399,29.001101
MD-5726,Su—Åleia 1,Slobozia Tr.,,46.821098,29.659700
MD-7221,Gauzeni,Soldanesti,,47.754398,28.565599
MD-6526,Mereni,Anenii Noi,,46.963299,29.053301
MD-6711,Abaclia,Cimislia,,46.361900,28.941900
MD-6238,Trifanesti,Singerei,,47.744400,28.098301
MD-7424,Musaitu,Taraclia,,45.820599,28.504999
MD-3644,Sculeni,Ungheni,,47.322800,27.631399
MD-4322,Saiti,Causeni,,46.496700,29.407499
MD-4738,Tabani,Briceni,,48.312199,27.097500
MD-5634,Racaria,Riscani,,47.909698,27.614700
MD-5635,Ramazan,Riscani,,47.984699,27.615299
MD-6438,Selisteni,Nisporeni,,47.061699,28.069401
MD-6648,Sanatauca,Floresti,,48.012199,28.682199
MD-3737,Vorniceni-1,Straseni,,47.149700,28.429399
MD-3918,Crihana Veche,Cahul,,45.845798,28.194700
MD-4517,Dzerjinscoe,Dubasari Tr.,,47.221699,29.181101
MD-5814,Cazanesti,Telenesti,,47.615299,28.472799
MD-6301,Leova,Leova,,46.478600,28.255301
MD-5523,Mihailovca Noua,Ribnita Tr.,,47.795300,29.121700
MD-5616,Singureni,Riscani,,47.824200,27.854401
MD-6426,Dragusenii Noi,Hincesti,,47.044399,28.424200
MD-7112,Birladeni,Ocnita,,48.264400,27.416700
MD-7728,Razeni 2,Ialoveni,,46.770802,28.900600
MD-2055,Vatra,Mun.Chisinau,,47.073898,28.735001
MD-2084,Cricova,Mun.Chisinau,,47.138901,28.861900
MD-3544,Sercani,Orhei,,47.511902,28.932199
MD-5940,Pinzarenii Noi,Falesti,,47.599400,27.648300
MD-7301,Cantemir 1,Cantemir,,46.278099,28.200800
MD-4101,Cimislia,Cimislia,,46.520000,28.784201
MD-5115,Elenovca,Donduseni,,48.124699,27.626101
MD-6514,Chetrosu,Anenii Noi,,46.916401,29.043600
MD-7236,Vadul-Rascov,Soldanesti,,47.938599,28.826900
MD-7340,Toceni,Cantemir,,46.366901,28.218901
MD-3553,Vatici,Orhei,,47.340801,28.621901
MD-3919,Chircani,Cahul,,46.087200,28.172199
MD-4411,Bahmut,Calarasi,,47.322498,28.115801
MD-4629,Gaspar,Edinet,,48.156898,27.497499
MD-7217,Curatura,Soldanesti,,47.878300,28.912201
MD-5818,Crasnaseni,Telenesti,,47.433300,28.398899
MD-6211,Grigoresti,Singerei,,47.800301,28.060600
MD-3020,Dumbraveni,Soroca,,48.050598,28.228100
MD-3624,Tighira,Ungheni,,47.444698,27.901899
MD-4576,Molovata Noua,Criuleni-Dub.,,47.346901,29.091101
MD-4640,Stolniceni,Edinet,,48.038101,27.348101
MD-5636,Slobozia-Recea,Riscani,,47.853298,27.701900
MD-6334,Vozneseni,Leova,,46.584400,28.470301
MD-3418,Calmatui,Hincesti,,46.783298,28.215300
MD-4230,Rascaieti,Stefan-Voda,,46.574402,29.776100
MD-4426,Mindra,Calarasi,,47.319401,28.267200
MD-4519,Harmatca,Dubasari Tr.,,47.423302,29.092800
MD-4623,Constantinovca,Edinet,,48.249199,27.110001
MD-6647,Nimereuca,Soroca,,48.113899,28.535601
MD-2086,Dobrogea,Mun.Chisinau,,46.884399,28.989201
MD-4579,Pirita,Criuleni-Dub.,,47.100800,29.119200
MD-5128,Niorcani,Soroca,,48.307201,27.908300
MD-5643,Varatic,Riscani,,47.916901,27.263300
MD-5903,Falesti 3,Falesti,,47.573002,27.706900
MD-5415,Cuizauca,Rezina,,47.614399,28.812799
MD-5423,Mateuti,Rezina,,47.809200,28.932800
MD-7731,Varatic,Ialoveni,,46.809399,29.063299
MD-3503,Mitoc,Orhei,,47.386700,28.785000
MD-3532,Ivancea,Orhei,,47.284698,28.856899
MD-3928,Rosu,Cahul,,45.954700,28.194201
MD-4240,Viisoara,Stefan-Voda,,46.546902,29.825600
MD-5140,Tirnova,Donduseni,,48.167801,27.655600
MD-3515,Branesti,Orhei,,47.305302,28.926701
MD-6631,Slobozia-Rascov,Camenca Tr.,,47.951698,28.948900
MD-7212,Chipesca,Soldanesti,,47.762199,28.608601
MD-3447,Sarata-Mereseni,Hincesti,,46.799999,28.503599
MD-3621,Cornesti Sat,Ungheni,,47.204201,27.795799
MD-4223,Valea Verde,Causeni,,46.693298,29.588301
MD-4821,Drasliceni,Criuleni,,47.155602,28.780001
MD-6601,Camenca 1,Camenca Tr.,,48.031898,28.697800
MD-3733,Truseni,Mun.Chisinau,,47.068901,28.679701
MD-4577,Molovata,Criuleni- Dub.,,47.348900,29.114401
MD-4711,Balasinesti,Briceni,,48.243900,26.960600
MD-5414,Cogilniceni,Rezina,,47.634701,28.822500
MD-6625,Podoima,Camenca Tr.,,47.994999,28.775299
MD-4502,Dubasari 2,Dubasari Tr.,,47.759102,27.931999
MD-4930,Sadovoe,Mun.Balti,,47.776402,27.796101
MD-6419,Calimanesti,Nisporeni,,46.944401,28.195000
MD-2092,Buneti,Mun.Chisinau,,47.080601,28.910000
MD-3426,Dubovca,Hincesti,,46.748600,28.608299
MD-3905,Cahul 5,Cahul,,45.922100,28.221600
MD-3922,Hutulu,Cahul,,45.863098,28.300600
MD-4442,Varzarestii Noi,Calarasi,,47.232201,28.445000
MD-5224,Nicoreni,Drochia,,47.966099,27.700001
MD-7311,Acui,Cantemir,,46.186699,28.424700
MD-3013,Balinti,Soroca,,48.320599,28.023600
MD-4518,Goian,Dubasari Tr.,,47.377201,29.160000
MD-6537,Mirnoe,Anenii Noi,,46.801399,29.228901
MD-6824,Puhoi,Ialoveni,,46.822498,29.032801
MD-5614,Braniste,Riscani,,47.796700,27.255800
MD-7318,Flocoasa,Cantemir,,46.152802,28.251400
MD-7427,Valea Perjei,Taraclia,,46.033901,28.924999
MD-3536,Tirzieni,Orhei,,47.445000,28.623600
MD-4125,Mihailovca,Cimislia,,46.551102,28.931900
MD-4401,Selistea Noua,Calarasi,,47.231899,28.312799
MD-5122,Ghizdita Loc.C.F.,Drochia,,48.107498,27.691099
MD-5603,Balanul Nou,Riscani,,47.960602,27.502501
MD-7234,Sestaci,Soldanesti,,47.861401,28.754200
MD-3100,Balti,Balti,,47.761700,27.928900
MD-3413,Dahnovici,Hincesti,,46.976398,28.482201
MD-4429,Oniscani,Calarasi,,47.365299,28.288099
MD-5002,Floresti 2,Floresti,,47.893299,28.301399
MD-6635,Valea Adinca,Camenca Tr.,,48.005600,28.840599
MD-7322,Costangalia,Cantemir,,46.110001,28.387199
MD-4441,Schinoasa *,Calarasi,,47.267200,28.128901
MD-5001,Floresti 1,Floresti,,47.893299,28.301399
MD-5824,Codru,Telenesti,,47.465599,28.269199
MD-6518,Cobusca Veche,Anenii Noi,,46.972198,29.179199
MD-7111,Berezovca,Ocnita,,48.381401,27.776899
MD-6224,Bocancea-Schit,Singerei,,47.511101,28.135799
MD-6516,Ciobanovca,Anenii Noi,,46.814400,29.190001
MD-3300,Tiraspol,Tiraspol Tr.,,46.840302,29.643299
MD-4815,Cimiseni,Criuleni,,47.011902,29.129400
MD-4931,Sturzovca,Glodeni,,47.801701,27.718901
MD-5601,Riscani,Riscani,,47.957199,27.553900
MD-5642,Mihailenii Noi,Riscani,,48.033600,27.532499
MD-5938,Obreja Noua,Falesti,,47.674198,27.693100
MD-3726,Radeni,Straseni,,47.206699,28.699200
MD-4130,Suric,Cimislia,,46.630299,28.874701
MD-4239,Tudora,Stefan-Voda,,46.435001,30.042500
MD-5355,Carbalia,Comrat,,45.873299,28.445801
MD-5518,Haraba,Ribnita Tr.,,47.896099,29.088100
MD-7219,Dobrusa,Soldanesti,,47.785301,28.593901
MD-3557,Inculet,Orhei,,47.448898,28.721901
MD-4714,Bezeda,Briceni,,48.160801,27.001101
MD-5316,Colibasi,Cahul,,45.718601,28.180300
MD-6421,Cioresti,Nisporeni,,47.165001,28.222500
MD-6515,Chirca,Anenii Noi,,46.922501,29.109200
MD-7337,Taraclia,Cantemir,,46.220001,28.226700
MD-3601,Ungheni-Gara,Ungheni,,47.204201,27.795799
MD-3909,Cahul 9,Cahul,,45.906601,28.193100
MD-4128,Satul Nou,Cimislia,,46.617802,28.907801
MD-4707,Lipcani 2,Briceni,,48.265301,26.803900
MD-5301,Vulcanesti,Comrat,,45.684200,28.402800
MD-5432,Buciusca,Rezina,,47.638901,28.986900
MD-6111,Baurci,Comrat,,46.093899,28.675800
MD-6814,Danceni,Ialoveni,,46.970600,28.707800
MD-3021,Egoreni,Soroca,,48.201599,28.359501
MD-3036,Schineni,Soroca,,48.094398,28.095800
MD-3603,Ungheni 3,Ungheni,,47.204201,27.795799
MD-4123,Artimonovca,Cimislia,,46.596401,28.590799
MD-4840,Stetcani,Criuleni,,47.236401,28.825001
MD-5117,Climauti,Donduseni,,48.310799,27.607500
MD-5527,Molochisul Mic,Ribnita Tr.,,47.935799,29.034201
MD-5812,Bogzesti,Telenesti,,47.424702,28.428301
MD-6316,Colibabovca,Leova,,46.646702,28.431101
MD-3519,Fedoreuca,Orhei,,47.488098,28.640301
MD-3545,Seliste,Orhei,,47.333302,28.784401
MD-5417,Roscanii De Sus,Rezina,,47.628899,28.768900
MD-6513,Calfa Noua,Anenii Noi,,46.912498,29.361401
MD-7225,Parcani,Soldanesti,,47.817501,28.836901
MD-3556,Vorotet,Orhei,,47.559200,28.854700
MD-4645,Viisoara,Edinet,,48.094700,27.044701
MD-5418,Gordinesti,Rezina,,47.696701,28.801100
MD-5829,Zaicani,Telenesti,,47.521400,28.508101
MD-6431,Micleuseni,Straseni,,47.122799,28.308100
MD-3911,Andrusul De Jos,Cahul,,45.985802,28.221100
MD-4618,Bratusenii Noi,Edinet,,48.061100,27.483900
MD-6617,Cuzmin,Camenca Tr.,,48.094398,28.632799
MD-3818,Cioc-Maidan,Comrat,,46.358101,28.821899
MD-4124,Lipoveni,Cimislia,,46.734200,28.761900
MD-4321,Plop-Stiubei,Causeni,,46.674999,29.514400
MD-6823,Pojareni,Ialoveni,,46.885799,28.696100
MD-4729,Chirilovca,Briceni,,48.258598,27.178301
MD-5029,Maiscoe,Floresti,,47.911098,28.049200
MD-5223,Gribova (Nadusita),Drochia,,48.017200,27.930000
MD-5712,Blijnii Hutor,Slobozia Tr.,,46.884201,29.643299
MD-7313,Baimaclia,Cantemir,,46.187199,28.386900
MD-7413,Aluatu,Taraclia,,45.866100,28.585800
MD-3025,Iarova,Soroca,,48.319698,28.049400
MD-4213,Brezoaia,Stefan-Voda,,46.520802,29.453899
MD-4214,Carahasani,Stefan-Voda,,46.467499,29.812201
MD-5217,Hasnasenii Mari,Drochia,,47.916698,27.990299
MD-5424,Meseni,Rezina,,47.664700,28.638100
MD-3520,Cismea,Orhei,,47.416401,28.753300
MD-5505,Ribnita 5,Ribnita Tr.,,47.766399,29.001101
MD-3039,Livezi,Soroca,,48.235802,28.049400
MD-4741,Trestieni,Briceni,,48.269699,27.132200
MD-4838,Slobozia-Dusca,Criuleni,,47.164398,29.120001
MD-4740,Trebisauti,Briceni,,48.355801,27.190800
MD-5935,Musteata,Falesti,,47.510799,27.644699
MD-7724,Ochiul Ros,Anenii Noi,,46.767200,29.110600
MD-3041,Stoicani,Soroca,,48.026699,28.363899
MD-3151,Elizaveta,Mun.Balti,,47.784199,28.022499
MD-3531,Isacova,Orhei,,47.370300,28.718100
MD-4303,Causeni 3,Causeni,,46.644199,29.413900
MD-4516,Goianul Nou,Dubasari Tr.,,47.385300,29.320299
MD-4916,Ciuciulea,Glodeni,,47.657799,27.483900
MD-5234,Zgurita,Drochia,,48.115002,28.020599
MD-5930,Iscalau,Falesti,,47.573101,27.817801
MD-7213,Climautii De Jos,Soldanesti,,47.948601,28.797800
MD-3452,Voinescu,Hincesti,,46.649399,28.301701
MD-3608,Poiana,Ungheni,,47.391701,28.000000
MD-4122,Ivanovca Noua,Cimislia,,46.745602,28.695299
MD-5313,Burlaceni,Cahul,,45.758099,28.506901
MD-7714,Baurci,Causeni,,46.658100,28.952200
MD-3018,Darcauti,Soroca,,48.227798,27.980801
MD-4437,Saseni,Calarasi,,47.367802,28.501400
MD-3701,Straseni 1,Straseni,,47.141399,28.610300
MD-4013,Carmanova,Grigoriopol Tr.,,47.258900,29.503599
MD-7326,Gotesti,Cantemir,,46.147800,28.167200
MD-5311,Alexandru Ioan Cuza,Cahul,,45.599201,28.449400
MD-5428,Peciste,Rezina,,47.715599,28.710800
MD-6652,Octeabrscoe,Floresti,,47.712799,27.951401
MD-7106,Otaci,Ocnita,,48.430000,27.793900
MD-4817,Corjova,Criuleni,,47.096401,29.171700
MD-5836,Verejeni,Telenesti,,47.534199,28.470600
MD-5943,Popovca,Falesti,,47.705799,27.865601
MD-3602,Ungheni 2,Ungheni,,47.204201,27.795799
MD-5535,Ghersunovca,Ribnita Tr.,,47.721100,29.168301
MD-6412,Balanesti,Nisporeni,,47.206100,28.065800
MD-6713,Carabetovca,Cimislia,,46.413898,28.912800
MD-3006,Soroca 6,Soroca,,48.155800,28.297501
MD-3913,Badicul Moldovenesc,Cahul,,46.094398,28.270599
MD-5611,Cucuietii Vechi,Riscani,,47.905800,27.435600
MD-5902,Falesti 2,Falesti,,47.573002,27.706900
MD-7233,Samascani,Soldanesti,,47.755001,28.696699
MD-2083,Condrita,Mun.Chisinau,,47.056702,28.568600
MD-3415,Bozieni,Hincesti,,46.749401,28.647200
MD-6228,Izvoare,Singerei,,47.719398,28.196699
MD-6642,Unchitesti Loc.C.F.,Floresti,,47.923100,28.535601
MD-6646,Napadova,Floresti,,48.019402,28.598301
MD-7412,Rosita,Taraclia,,46.033298,28.472200
MD-2082,Colonita,Mun.Chisinau,,47.037800,28.958300
MD-3613,Mircesti,Ungheni,,47.403099,27.995600
MD-6424,Cristesti,Nisporeni,,47.056400,28.281900
MD-6829,Ulmu,Ialoveni,,47.020000,28.545799
MD-7330,Pleseni,Cantemir,,46.356701,28.342501
MD-4112,Bogdanovca Noua,Cimislia,,46.493301,28.844400
MD-5142,Visoca,Soroca,,48.246899,27.922501
MD-5631,Pirjota,Riscani,,47.957199,27.426701
MD-5711,Andriasevca Noua,Slobozia Tr.,,46.833599,29.955799
MD-7701,Cainari,Causeni,,46.678902,29.046101
MD-4612,Alexandreni,Edinet,,48.147202,27.258301
MD-4617,Bratuseni,Edinet,,48.077202,27.395800
MD-4824,Hirtopul Mare,Criuleni,,47.226398,28.942801
MD-5202,Baroncea Noua,Drochia,,48.000801,27.858299
MD-4026,Taslic,Grigoriopol Tr.,,47.072201,29.395300
MD-5318,Giurgiulesti,Cahul,,45.481701,28.197201
MD-5437,Tahnauti,Rezina,,47.741100,28.861900
MD-6329,Cuporani,Leova,,46.373600,28.359699
MD-3614,Boghenii Vechi,Ungheni,,47.397202,28.026100
MD-4932,Ustia,Glodeni,,47.661900,27.594999
MD-7226,Pohoarna,Soldanesti,,47.829399,28.498301
MD-7719,Constantinovca,Causeni,,46.721100,29.109400
MD-3921,Larga Veche,Cahul,,46.070801,28.245300
MD-4522,Pohrebea Noua,Dubasari Tr.,,47.310299,29.378300
MD-4735,Pererita,Briceni,,48.207199,26.915800
MD-5212,Baroncea,Drochia,,48.036400,27.913300
MD-5632,Pociumbauti,Riscani,,47.995800,27.323601
MD-5126,Mindic,Drochia,,48.151100,27.792801
MD-5517,Ghidirim,Ribnita Tr.,,47.715000,28.974701
MD-5702,Slobozia 2,Slobozia Tr.,,46.728100,29.707800
MD-3051,Zastinca,Soroca,,48.127201,28.306101
MD-3549,Tabara,Orhei,,47.330002,28.564699
MD-3728,Romanesti,Straseni,,47.225800,28.711100
MD-4127,Sagaidac,Cimislia,,46.661701,28.845800
MD-4324,Tanatari,Causeni,,46.722198,29.415600
MD-3931,Tataresti,Cahul,,46.025002,28.345301
MD-5201,Drochia 1,Drochia,,48.066101,27.799400
MD-5821,Hiriseni,Telenesti,,47.435299,28.286699
MD-6701,Basarabeasca 1,Cimislia,,46.416698,28.916700
MD-4224,Hadjilari **,Stefan-Voda,,46.520599,29.601400
MD-4220,Festelita,Stefan-Voda,,46.544399,29.565599
MD-5123,Caraiman,Donduseni,,48.106701,27.561399
MD-5520,Ivanovca,Ribnita Tr.,,47.877800,29.173599
MD-5912,Bocani,Falesti,,47.518299,27.891399
MD-5717,Corotna,Slobozia Tr.,,46.629200,29.859400
MD-6627,Rascov,Camenca Tr.,,47.955002,28.825300
MD-3014,Bulboci,Soroca,,48.039700,28.083900
MD-3435,Mereseni,Hincesti,,46.796700,28.541700
MD-3934,Chioselia Mare,Cahul,,46.099998,28.490299
MD-4919,Cuhnesti,Glodeni,,47.655800,27.374399
MD-5419,Horodiste,Rezina,,47.614700,28.943100
MD-3819,Congaz,Comrat,,46.109200,28.604401
MD-5815,Chistelnita,Telenesti,,47.568100,28.660801
MD-6643,Cuhurestii De Jos,Floresti,,47.929401,28.591900
MD-7401,Taraclia 1,Taraclia,,45.900002,28.668900
MD-4423,Hoginesti,Calarasi,,47.373299,28.320801
MD-4701,Briceni 1,Briceni,,48.362801,27.084999
MD-4915,Brinzeni,Glodeni,,47.814201,27.363899
MD-5933,Marandeni,Falesti,,47.662498,27.832199
MD-7321,Cociulia,Cantemir,,46.357800,28.414700
MD-4131,Topala,Cimislia,,46.461899,28.674400
MD-4819,Cruglic,Criuleni,,47.219700,29.026699
MD-5923,Pietrosul Nou,Falesti,,47.581402,27.768600
MD-5947,Sarata Veche,Falesti,,47.509998,27.738899
MD-7121,Girbova,Ocnita,,48.377499,27.621901
MD-3035,Ruslanovca,Soroca,,48.117199,28.372499
MD-4924,Hijdieni,Glodeni,,47.769699,27.460300
MD-3513,Bolohan,Orhei,,47.431900,28.873100
MD-5629,Pelinia,Drochia,,47.878101,27.834400
MD-5917,Chetris,Falesti,,47.595798,27.447201
MD-6234,Pepeni,Singerei,,47.638599,28.340599
MD-6613,Alexandrovca,Camenca Tr.,,48.029701,28.554199
MD-3525,Discova,Orhei,,47.375599,28.597500
MD-3626,Floritoaia Noua,Ungheni,,47.167198,27.925301
MD-3929,Taraclia De Salcie,Cahul,,46.007500,28.415300
MD-5623,Horodiste,Riscani,,47.953899,27.263901
MD-3436,Mingir,Hincesti,,46.666698,28.327200
MD-3541,Peresecina,Orhei,,47.252201,28.768900
MD-4424,Horodiste,Calarasi,,47.208599,28.251900
MD-4615,Blesteni,Edinet,,48.122501,27.219400
MD-5040,Varvareuca,Floresti,,47.878899,28.310301
MD-3821,Ferapontievca,Comrat,,46.240002,28.774401
MD-5116,Cernoleuca,Donduseni,,48.313301,27.554399
MD-6219,Bobletici,Singerei,,47.466400,28.054399
MD-3926,Trifestii Noi,Cahul,,45.948101,28.355000
MD-4832,Ohrincea,Criuleni,,47.220798,29.061100
MD-4841,Zaicana,Criuleni,,47.168598,28.952200
MD-5312,Brinza,Cahul,,45.677799,28.174200
MD-6416,Boltun,Nisporeni,,47.027802,28.290001
MD-6432,Milesti,Nisporeni,,47.223301,28.038601
MD-4511,Coicova,Dubasari Tr.,,47.411701,29.242500
MD-4828,Jevreni,Criuleni,,47.258301,29.063900
MD-5036,Rosieticii Vechi,Floresti,,47.813099,28.400000
MD-5129,Pivniceni,Donduseni,,48.280602,27.526100
MD-5941,Pirlita,Falesti,,47.740299,27.803301
MD-4233,Slobozia,Stefan-Voda,,46.508099,29.740299
MD-5429,Roscani,Rezina,,47.653900,28.740801
MD-5915,Catranic,Falesti,,47.599998,27.799999
MD-7711,Baimaclia,Causeni,,46.590801,29.092800
MD-7114,Calarasovca,Ocnita,,48.418900,27.815599
MD-4633,Hincauti,Edinet,,48.273899,27.310600
MD-5011,Radulenii Noi,Floresti,,47.956699,28.246401
MD-5035,Radulenii Vechi,Floresti,,47.985600,28.263599
MD-5839,Cozesti,Telenesti,,47.569199,28.181700
MD-3642,Radenii Vechi,Ungheni,,47.296902,28.000000
MD-5901,Falesti 1,Falesti,,47.573002,27.706900
MD-6420,Cateleni,Hincesti,,46.917801,28.189400
MD-7108,Frunza,Ocnita,,48.407501,27.598600
MD-7343,Vilcele,Cantemir,,46.381401,28.255800
MD-3419,Caracui,Hincesti,,46.698601,28.541901
MD-4315,Firladenii Noi,Causeni,,46.752499,29.301100
MD-4425,Meleseni,Calarasi,,47.375599,28.388901
MD-5106,Donduseni,Donduseni,,48.224400,27.585300
MD-6318,Cupcui,Leova,,46.515800,28.357800
MD-7416,Dermengi,Taraclia,,45.880001,28.414700
MD-3443,Pereni,Hincesti,,47.002800,28.373600
MD-3529,Hijdieni,Orhei,,47.459400,28.914700
MD-3635,Medeleni,Ungheni,,47.295601,27.690800
MD-4721,Coteala,Briceni,,48.330799,26.861900
MD-5024,Zarojeni,Floresti,,47.866901,28.161100
MD-2071,Bumbrava,Mun.Chisinau,,47.044300,28.765100
MD-3432,Leuseni,Hincesti,,46.809200,28.199400
MD-3647,Stolniceni,Ungheni,,47.411098,27.713900
MD-3739,Zubresti,Straseni,,47.238602,28.525801
MD-3444,Pervomaiscoe,Hincesti,,46.883900,28.323099
MD-5525,Mocra,Ribnita Tr.,,47.630299,29.151699
MD-7341,Tiganca Noua,Cantemir,,46.204700,28.173599
MD-5031,Valea Radoaiei,Floresti,,47.755600,28.263901
MD-5810,Budai,Telenesti,,47.456699,28.349400
MD-6243,Valea Norocului,Singerei,,47.765598,28.202499
MD-3043,Solcani,Soroca,,48.173302,28.110600
MD-3311,Tiraspolul Nou,Tiraspol Tr.,,46.831902,29.576700
MD-3554,Putintei,Orhei,,47.373901,28.576099
MD-4514,Doibani 1,Dubasari Tr.,,47.389999,29.206400
MD-4520,Lunga,Dubasari Tr.,,47.246101,29.166700
MD-7314,Iepureni,Cantemir,,46.263302,28.221399
MD-4613,Badragii Vechi,Edinet,,48.037800,27.106400
MD-5929,Ilenuta,Falesti,,47.634399,27.713100
MD-5936,Tapoc,Falesti,,47.706699,27.897499
MD-7117,Codreni,Ocnita,,48.433300,27.716700
MD-7712,Batir,Cimislia,,46.577499,29.004200
MD-6326,Sarateni,Leova,,46.610802,28.467501
MD-6330,Tochile-Raducani,Leova,,46.577499,28.244699
MD-7113,Birnova,Ocnita,,48.423901,27.526699
MD-3050,Volovita,Soroca,,48.103100,28.322800
MD-5439,Zahoreni,Orhei,,47.575802,28.727501
MD-5826,Negureni,Telenesti,,47.601700,28.511101
MD-5828,Pistruieni,Telenesti,,47.692200,28.488100
MD-5939,Pietrosu,Falesti,,47.501400,27.920799
MD-4022,Mocearovca,Grigoriopol Tr.,,47.240299,29.549700
MD-4113,Cenac,Cimislia,,46.475300,28.641899
MD-4323,Salcuta,Causeni,,46.595001,29.244400
MD-5353,Etulia Noua,Comrat,,45.516399,28.438900
MD-7331,Plopi,Cantemir,,46.207802,28.214199
MD-3604,Ungheni 4,Ungheni,,47.204201,27.795799
MD-5833,Flutura,Telenesti,,47.688301,28.547501
MD-5951,Valea Rusului,Falesti,,47.470001,27.581900
MD-3522,Ocnita-Razesi,Orhei,,47.469398,28.720301
MD-3618,Chirileni,Ungheni,,47.380798,27.776100
MD-5007,Lunga,Floresti,,47.858299,28.219700
MD-6328,Sirma,Leova,,46.526901,28.252501
MD-7333,Constantinesti,Cantemir,,46.111401,28.215000
MD-2091,Revaca,Mun.Chisinau,,46.908600,28.944700
MD-3801,Comrat 1,Comrat,,46.300301,28.657200
MD-5512,Beloci,Ribnita Tr.,,47.889198,28.978100
MD-7324,Enichioi,Cantemir,,46.221699,28.420000
MD-5621,Ciobanovca,Riscani,,47.890598,27.758600
MD-5802,Mihalasa Noua,Telenesti,,47.507801,28.328300
MD-6117,Chiriet Lunga,Comrat,,46.209202,28.944201
MD-2088,Ghidighici,Mun.Chisinau,,47.093102,28.768600
MD-3015,Cainarii Vechi,Soroca,,48.008099,28.125000
MD-3026,Iorjnita,Soroca,,48.193298,28.217800
MD-4620,Heredeuca **,Edinet,,48.116901,27.143101
MD-4712,Balcauti,Briceni,,48.283298,27.202200
MD-6714,Iordanovca,Cimislia,,46.393902,28.909201
MD-6820,Molesti,Ialoveni,,46.785801,28.778099
MD-3414,Boghiceni,Hincesti,,46.948898,28.325300
MD-4624,Corpaci,Edinet,,48.006901,27.138300
MD-5641,Usurei,Riscani,,47.890800,27.595301
MD-7730,Taraclia,Causeni,,46.570301,29.115601
MD-7220,Fuzauca,Soldanesti,,47.741699,28.746099
MD-3033,Regina Maria,Soroca,,48.058601,28.140800
MD-4726,Grimancauti,Briceni,,48.389400,27.089701
MD-5013,Casunca,Floresti,,47.785000,28.394199
MD-5221,Miciurin,Drochia,,47.986099,27.792200
MD-6115,Joltai,Comrat,,46.182499,28.876101
MD-4524,Tibuleuca,Dubasari Tr.,,47.405602,29.104401
MD-3712,Capriana,Straseni,,47.117500,28.504400
MD-4217,Copciac,Stefan-Voda,,46.513401,29.667700
MD-5322,Valeni,Cahul,,45.640598,28.176399
MD-7115,Ringaci,Edinet,,48.312199,27.336100
MD-4826,Isnovat,Criuleni,,47.231400,28.863600
MD-5030,Marculesti(Sat),Floresti,,47.868599,28.247499
MD-5433,Piscaresti,Rezina,,47.759201,28.810301
MD-5721,Novocotovsc,Slobozia Tr.,,46.765598,29.955000
MD-6327,Saratica Noua,Leova,,46.572498,28.548300
MD-3428,Fundul Galbenei,Hincesti,,46.882500,28.623100
MD-3028,Ocolina,Soroca,,48.125599,28.263100
MD-4420,Hirova,Calarasi,,47.413101,28.281700
MD-4436,Sadova,Calarasi,,47.191101,28.344700
MD-4601,Edinet,Edinet,,48.168098,27.305000
MD-7227,Poiana,Soldanesti,,47.887199,28.856400
MD-6440,Vinatori,Nisporeni,,47.185799,28.102800
MD-7130,Ocnita Sat,Ocnita,,48.371899,27.393600
MD-3046,Vasilcau,Soroca,,48.138302,28.421400
MD-3424,Dancu,Hincesti,,46.762798,28.209999
MD-3652,Zagarancea,Ungheni,,47.242500,27.761101
MD-3721,Stejareni,Straseni,,47.106098,28.416401
MD-4111,Mereni,Cimislia,,46.674702,28.649200
MD-3548,Susleni,Orhei,,47.411098,28.986401
MD-3702,Straseni 2,Straseni,,47.141399,28.610300
MD-4715,Bogdanesti,Briceni,,48.140301,27.001900
MD-7231,Salcia,Soldanesti,,47.950600,28.734200
MD-4231,Rascaietii Noi,Stefan-Voda,,46.532501,29.773300
MD-5008,Marculesti(Oras),Floresti,,47.868599,28.247499
MD-6433,Paruceni,Nisporeni,,47.149399,28.100599
MD-3703,Fagureni,Straseni,,47.145302,28.562799
MD-3724,Onesti,Straseni,,47.278599,28.551100
MD-6324,Sarata Noua,Leova,,46.490799,28.389999
MD-3916,Burlacu,Cahul,,46.044701,28.412800
MD-4014,Cernita,Grigoriopol Tr.,,47.030602,29.517799
MD-4823,Goianul Nou,Mun.Chisinau,,47.117500,28.900801
MD-5025,Hirtop,Floresti,,47.882801,28.459999
MD-5618,Proscureni,Riscani,,47.867199,27.285000
MD-4430,Paulesti,Calarasi,,47.268101,28.370800
MD-4912,Tomestii Vechi,Glodeni,,47.656700,27.342199
MD-4929,Petrunea,Glodeni,,47.747501,27.579700
MD-5918,Ciolacu Nou,Falesti,,47.486698,27.826700
MD-7129,Naslavcea,Ocnita,,48.467201,27.584400
MD-4116,Ecaterinovca,Cimislia,,46.583900,28.749399
MD-4327,Zviozdocica,Causeni,,46.479698,29.324200
MD-5231,Iliciovca,Drochia,,48.155300,27.879400
MD-5220,Macareuca,Drochia,,48.142200,27.971701
MD-5528,Novaia Jizni,Ribnita Tr.,,47.657799,29.083300
MD-5728,Vladimirovca,Slobozia Tr.,,46.844398,29.824699
MD-7419,Cealic,Taraclia,,45.995602,28.554199
MD-3042,Septelici,Soroca,,48.199699,28.158100
MD-4318,Grigorievca,Causeni,,46.689701,29.329399
MD-5131,Pocrovca,Donduseni,,48.331402,27.856899
MD-5436,Trifesti,Rezina,,47.676399,28.802799
MD-5719,Hlinaia,Slobozia Tr.,,46.634201,29.813900
MD-6229,Marinesti,Singerei,,47.724998,28.058901
MD-3552,Trebujeni,Orhei,,47.313900,28.973600
MD-3639,Zazulenii Noi,Ungheni,,47.381901,27.870600
MD-5627,Moseni,Riscani,,48.027802,27.446899
MD-5831,Scorteni,Telenesti,,47.641399,28.646400
MD-5916,Ciuluc,Falesti,,47.634201,27.791100
MD-6311,Baius,Leova,,46.458900,28.482500
MD-7128,Mihalaseni,Ocnita,,48.325802,27.423300
MD-3722,Micauti,Straseni,,47.172199,28.748899
MD-4725,Ghilavat,Briceni,,48.288601,26.946100
MD-4825,Hirtopul Mic,Criuleni,,47.246899,28.928301
MD-5320,Slobozia Mare,Canul,,45.576401,28.173901
MD-5514,Butuceni,Ribnita Tr.,,47.533600,29.025801
MD-7713,Carbuna,Ialoveni,,46.712200,28.951700
MD-3023,Holosnita,Soroca,,48.247501,28.176901
MD-5015,Ciripcau,Floresti,,47.983898,28.382200
MD-5640,Sumna,Riscani,,47.921101,27.704399
MD-5825,Mindresti,Telenesti,,47.507198,28.276899
MD-5913,Hincesti,Falesti,,47.548100,27.504999
MD-3917,Cotihana,Cahul,,45.938099,28.243601
MD-6237,Radoaia,Singerei,,47.728100,28.160000
MD-7339,Tataraseni,Cantemir,,46.340302,28.301901
MD-7344,Sadic,Cantemir,,46.267502,28.512800
MD-2011,Codru,Mun.Chisinau,,46.975300,28.819401
MD-4132,Valea Perjei,Cimislia,,46.623100,28.726400
MD-3019,Dubna,Soroca,,48.014999,28.315300
MD-4017,Crasnogorca,Grigoriopol Tr.,,46.961399,29.465300
MD-7729,Surchiceni,Causeni,,46.622799,29.053600
MD-4643,Tirnova,Edinet,,48.206699,27.179701
MD-4727,Groznita,Briceni,,48.259998,27.237200
MD-6331,Tomai,Leova,,46.622799,28.552799
MD-6517,Cobusca Noua,Anenii Noi,,46.931400,29.206900
MD-7123,Grinauti-Raia,Ocnita,,48.285301,27.423901
MD-3730,Scoreni,Straseni,,47.064701,28.608601
MD-4020,Hlinaia,Grigoriopol Tr.,,47.228100,29.415001
MD-5022,Ghindesti Sat,Floresti,,47.893299,28.301399
MD-6436,Sendreni,Nisporeni,,47.125801,28.185801
MD-6821,Nimoreni,Ialoveni,,47.008900,28.666401
MD-5919,Pocrovca,Falesti,,47.465302,27.875000
MD-3736,Vorniceni,Straseni,,47.149700,28.429399
MD-4417,Codru (Sanat.),Calarasi,,46.975300,28.819401
MD-4438,Podul Lung,Calarasi,,47.261902,28.250299
MD-4923,Fundurii Vechi,Glodeni,,47.741100,27.714399
MD-5232,Suri,Drochia,,48.096401,27.855600
MD-7338,Tartaul,Cantemir,,46.206902,28.321400
MD-3611,Agronomova,Ungheni,,47.348598,27.896400
MD-3813,Chirsova,Comrat,,46.233898,28.648100
MD-4646,Zabriceni,Edinet,,48.072800,27.253300
MD-5215,Dominteni,Drochia,,47.957199,27.954399
MD-6531,Ruseni,Anenii Noi,,46.885300,29.200001
MD-3555,Viscauti,Orhei,,47.432499,29.075600
MD-3713,Chirianca,Straseni,,47.255798,28.532801
MD-4021,Malaiesti,Grigoriopol Tr.,,46.982498,29.552200
MD-5838,Coropceni,Telenesti,,47.476101,28.522200
MD-5942,Pervomaisc,Falesti,,47.629700,27.978300
MD-4413,Bahu,Calarasi,,47.422501,28.466700
MD-7715,Cigirleni,Ialoveni,,46.755299,28.822800
MD-3816,Dudulesti,Comrat,,46.327499,28.513901
MD-4914,Cajba,Glodeni,,47.728100,27.439699
MD-6233,Octeabrscoe,Singerei,,47.712799,27.951401
MD-6651,Tipordei,Floresti,,47.935299,28.614201
MD-3429,Horjesti,Hincesti,,46.712799,28.349400
MD-3502,Orhei 2,Orhei,,47.383099,28.823099
MD-5120,Criscauti,Donduseni,,48.266399,27.854200
MD-5412,Ciniseuti,Rezina,,47.695599,28.855000
MD-6654,Zaluceni,Floresti,,48.049400,28.556400
MD-3047,Vadeni,Soroca,,48.010799,28.227200
MD-4730,Hlina,Briceni,,48.291100,26.878099
MD-6225,Grigorauca,Singerei,,47.621399,28.198099
MD-7232,Socola,Soldanesti,,47.908100,28.813299
MD-3530,Hulboaca,Orhei,,47.378601,28.555000
MD-4403,Calarasi 4,Calarasi,,47.299400,28.236099
MD-5038,Stefanesti,Floresti,,47.733601,28.438900
MD-5637,Sverdiac,Riscani,,47.895802,27.727800
MD-5911,Rediul De Sus,Falesti,,47.524700,27.608101
MD-4121,Iurievca,Cimislia,,46.668098,28.764200
MD-5425,Mincenii De Jos,Rezina,,47.635799,28.875799
MD-7223,Mihuleni,Soldanesti,,47.830601,28.836901
MD-3538,Morozeni,Orhei,,47.378101,28.634199
MD-5950,Taxobeni,Falesti,,47.390301,27.591700
MD-6116,Tomai,Comrat,,46.181702,28.767500
MD-6811,Bardar,Ialoveni,,46.901901,28.668301
MD-6817,Horodca,Ialoveni,,47.045601,28.489401
MD-4644,Trinca,Edinet,,48.208302,27.112200
MD-7718,Zloti,Cimislia,,46.693901,28.897499
MD-4028,Vesioloe,Grigoriopol Tr.,,47.201900,29.553600
MD-5536,Vladimirovca,Ribnita Tr.,,47.623100,29.096100
MD-5921,Egorovca,Falesti,,47.618099,27.755600
MD-6521,Floreni,Anenii Noi,,46.934700,28.992800
MD-6812,Braila,Mun.Chisinau,,46.915600,28.842501
MD-4901,Stircea,Glodeni,,47.792198,27.527500
MD-5534,Vadul Turcului,Ribnita Tr.,,47.940300,28.988300
MD-6118,Copceac,Comrat,,45.851700,28.692499
MD-7414,Balabanu,Taraclia,,45.931900,28.581100
MD-6828,Tipala,Ialoveni,,46.827801,28.975300
MD-7120,Paustova,Ocnita,,45.820801,28.436399
MD-7224,Oliscani,Soldanesti,,47.798100,28.715000
MD-4631,Gordinestii Noi,Edinet,,48.170601,27.228600
MD-4635,Lopatnic,Edinet,,48.136398,27.052200
MD-4731,Pavlovca,Briceni,,48.380798,26.874701
MD-6201,Singerei,Singerei,,47.640598,28.141899
MD-6312,Bestemac,Leova,,46.527500,28.527500
MD-7328,Larguta,Cantemir,,46.305000,28.319201
MD-6413,Balauresti,Nisporeni,,46.939201,28.140301
MD-3416,Bujor,Hincesti,,46.922501,28.268299
MD-3439,Nemteni,Hincesti,,46.908600,28.118099
MD-3627,Buciumeni,Ungheni,,47.370602,27.713600
MD-3718,Saca,Straseni,,47.194199,28.610800
MD-5026,Iliciovca,Floresti,,48.155300,27.879400
MD-3924,Lucesti,Cahul,,45.988899,28.336399
MD-5124,Horodiste,Donduseni,,48.264999,27.789200
MD-5225,Ochiul Alb,Drochia,,48.021900,27.671700
MD-7228,Raspopeni,Soldanesti,,47.745602,28.621099
MD-5521,Jura,Ribnita Tr.,,47.517799,29.043100
MD-5718,Prioziornoe,Slobozia Tr.,,46.799999,29.933300
MD-6114,Gaidar,Comrat,,46.102798,28.764999
MD-6314,Ceadir,Leova,,46.671700,28.407200
MD-5138,Tatarauca Veche,Soroca,,48.296902,27.976101
MD-6325,Sarata Razesi,Leova,,46.614201,28.266701
MD-3037,Slobozia-Cremene,Soroca,,48.040600,28.423100
MD-4921,Dusmani,Glodeni,,47.716900,27.481400
MD-5037,Ivanovca,Floresti,,47.910301,28.158600
MD-5426,Otac,Rezina,,47.589401,28.829700
MD-6232,Nicolaevca,Singerei,,47.753899,28.296900
MD-7126,Lipnic,Ocnita,,48.393600,27.512501
MD-7201,Soldanesti,Soldanesti,,47.815300,28.796700
MD-7230,Rogojeni Loc.C.F.,Soldanesti,,47.825298,28.411699
MD-3727,Recea,Straseni,,47.221699,28.580601
MD-4811,Balabanesti,Criuleni,,47.068298,29.131901
MD-5400,Stohnaia,Rezina,,47.666698,28.833300
MD-6230,Mihailovca,Singerei,,47.591400,28.260300
MD-7122,Grinauti,Ocnita,,48.313099,27.468901
MD-6239,Slobozia-Chiscareni,Singerei,,47.573101,28.009701
MD-3438,Negrea,Hincesti,,46.811401,28.398100
MD-5644,Zaicani,Riscani,,47.970001,27.367800
MD-5928,Vranesti,Falesti,,47.409199,27.600599
MD-6626,Podoimita,Camenca Tr.,,48.004700,28.756100
MD-6716,Sadaclia,Cimislia,,46.449200,28.878599
MD-5033,Capresti,Floresti,,47.754200,28.463301
MD-6220,Gura-Oituz,Singerei,,47.701900,28.347500
MD-2085,Ceroborta,Mun.Chisinau,,47.093601,28.951700
MD-3351,Cremenciug,Tiraspol Tr.,,46.708599,29.673901
MD-3411,Rusca,Hincesti,,46.876099,28.476400
MD-3717,Galestii Noi,Straseni,,47.207500,28.495600
MD-4830,Mascauti,Criuleni,,47.290600,29.003901
MD-3252,Proteagailovca,Bender Tr.,,46.823101,29.441900
MD-3425,Draguseni,Hincesti,,46.983898,28.450300
MD-6231,Mindrestii Noi,Singerei,,47.716900,28.033600
MD-4913,Molesti,Glodeni,,47.800800,27.348600
MD-5823,Leuseni,Telenesti,,47.482800,28.435301
MD-5948,Sarata Noua,Falesti,,47.499199,27.791401
MD-7325,Ghioltosu,Cantemir,,46.191700,28.160299
MD-3505,Orhei 5,Orhei,,47.383099,28.823099
MD-5125,Maramonovca,Drochia,,48.204399,27.795799
MD-6317,Covurlui,Leova,,46.590801,28.402800
MD-7722,Larga,Anenii Noi,,46.758301,29.160801
MD-3805,Comrat 5,Comrat,,46.300301,28.657200
MD-4625,Cuconestii Noi,Edinet,,47.988899,27.207500
MD-4723,Criva,Briceni,,48.271099,26.672199
MD-5354,Etulia Loc.C.F.,Comrat,,46.300301,28.657200
MD-5924,Glinjeni,Falesti,,47.598598,27.889999
MD-5132,Rediul Mare,Donduseni,,48.228600,27.515301
MD-5229,Popestii De Jos,Drochia,,48.073299,28.030600
MD-5438,Tareuca,Rezina,,47.751400,28.878300
MD-3251,Varnita,Bender Tr.,,46.861401,29.469200
MD-3535,Lopatna,Orhei,,47.494999,29.052200
MD-3540,Pelivan,Orhei,,47.403301,28.774200
MD-3546,Sirota,Orhei,,47.527802,28.776899
MD-4216,Cioburciu,Stefan-Voda,,46.600300,29.708300
MD-6428,Isaicani,Nisporeni,,47.066399,28.020599
MD-7127,Mereseuca,Ocnita,,48.434200,27.684200
MD-7134,Unguri,Ocnita,,48.401100,27.867500
MD-3732,Tataresti,Straseni,,47.204399,28.538601
MD-4229,Purcari,Stefan-Voda,,46.536900,29.860300
MD-4515,Doibani 2,Dubasari Tr.,,47.403599,29.213600
MD-6241,Tambula,Singerei,,47.696098,27.924700
MD-6332,Tomaiul Nou,Leova,,46.622799,28.552799
MD-3005,Soroca 5,Soroca,,48.155800,28.297501
MD-5235,Sofia,Drochia,,47.944199,27.867500
MD-6437,Siscani,Nisporeni,,46.974400,28.211100
MD-7725,Pervomaisc,Causeni,,46.701099,29.089199
MD-4827,Izbiste,Criuleni,,47.220600,28.996401
MD-6320,Hanasenii Noi,Leova,,46.419201,28.255800
MD-7133,Sauca,Ocnita,,48.377499,27.725599
MD-3038,Slobozia-Varancau,Soroca,,48.066399,28.465799
MD-3521,Clisova,Orhei,,47.473099,28.573601
MD-4212,Antonesti,Stefan-Voda,,46.496101,29.848600
MD-4512,Vasilievca,Dubasari Tr.,,47.368900,29.305000
MD-5502,Ribnita 2,Ribnita Tr.,,47.766399,29.001101
MD-6524,Hirbovat,Anenii Noi,,46.842499,29.358299
MD-6628,Rotari,Camenca Tr.,,48.105301,28.816099
MD-3430,Frasin,Hincesti,,46.889999,28.195000
MD-6826,Sociteni,Ialoveni,,46.940800,28.725000
MD-3032,Redi-Ceresnovat,Soroca,,48.063301,28.317499
MD-3632,Macaresti,Ungheni,,47.049999,27.974701
MD-4126,Porumbrei,Cimislia,,46.691700,28.816099
MD-5931,Izvoare,Falesti,,47.433300,27.667200
MD-6641,Cerlina,Soroca,,48.081402,28.607500
MD-3547,Budai,Orhei,,47.434399,28.821100
MD-3550,Samananca,Orhei,,47.264999,28.730801
MD-3915,Bucuria,Cahul,,45.965599,28.348900
MD-2046,Vadul Lui Voda,Mun.Chisinau,,47.091702,29.075600
MD-6242,Tiplesti,Singerei,,47.823299,28.154699
MD-6830,Vasieni,Ialoveni,,46.967800,28.591400
MD-3623,Costuleni,Ungheni,,47.078098,27.911900
MD-3920,Huluboaia,Cahul,,46.065800,28.333300
MD-5617,Costesti,Riscani,,47.858299,27.258600
MD-5715,Cioburciu,Slobozia Tr.,,46.683102,29.749201
MD-6645,Japca,Floresti,,47.981899,28.703600
MD-6335,Borogani,Leova,,46.369202,28.518299
MD-6533,Speia,Anenii Noi,,46.981701,29.323299
MD-6644,Cunicea,Floresti,,47.909199,28.644400
MD-3711,Bucovat,Straseni,,47.188599,28.456900
MD-4634,Hlinaia,Edinet,,48.223301,27.253300
MD-4813,Boscana,Criuleni,,47.124401,29.007200
MD-5233,Tarigrad,Drochia,,48.044701,27.750799
MD-5323,Vladimirovca,Cahul,,45.788101,28.365299
MD-4215,Caplani,Stefan-Voda,,46.387199,29.871401
MD-5501,Ribnita 1,Ribnita Tr.,,47.766399,29.001101
MD-5949,Magureanca,Falesti,,47.482498,27.717501
MD-6203,Vranesti,Singerei,,47.623100,28.101900
MD-6530,Roscani,Anenii Noi,,46.900600,29.320601
MD-3421,Cioara,Hincesti,,46.732498,28.224701
MD-6112,Besghioz,Comrat,,46.121700,28.872200
MD-6511,Botnaresti,Anenii Noi,,46.934700,29.162201
MD-7319,Cirpesti,Cantemir,,46.263599,28.336700
MD-4934,Tomestii Noi,Glodeni,,47.666698,27.350000
MD-5628,Pascauti,Riscani,,47.835300,27.280800
MD-5934,Moldoveanca,Falesti,,47.618900,27.611401
MD-2089,Ciorescu,Mun.Chisinau,,47.129398,28.885599
MD-3625,Drujba,Ungheni,,47.432800,28.076099
MD-3927,Pelinei,Cahul,,45.826900,28.321899
MD-4120,Marienfeld,Cimislia,,46.598099,28.618601
MD-4218,Crocmaz,Stefan-Voda,,46.451900,29.982500
MD-7327,Haragis,Cantemir,,46.289398,28.378300
MD-7426,Orehovca,Taraclia,,45.908901,28.527800
MD-3534,Jora De Jos,Orhei,,47.465000,29.108299
MD-4238,Talmaza 2,Stefan-Voda,,46.635799,29.664700
MD-4431,Peticeni,Calarasi,,47.237202,28.207199
MD-4717,Caracusenii Noi,Briceni,,48.325298,27.024200
MD-5613,Borosenii Noi,Riscani,,47.987202,27.472500
MD-4418,Duma,Calarasi,,47.368900,28.232401
MD-4839,Stauceni,Mun.Chisinau,,47.087502,28.870300
MD-5701,Slobozia 1,Slobozia Tr.,,46.728100,29.707800
MD-5713,Caragas,Slobozia Tr.,,46.777802,29.679701
MD-7132,Rujnita,Ocnita,,48.256401,27.432501
MD-3514,Braviceni,Orhei,,47.433601,28.657801
MD-3527,Furceni,Orhei,,47.336399,28.925600
MD-3630,Graseni,Ungheni,,47.350300,27.835300
MD-3714,Codreanca,Straseni,,47.286701,28.589701
MD-4326,Tocuz,Causeni,,46.523899,29.296101
MD-3524,Curchi,Orhei,,47.335800,28.653900
MD-3638,Napadeni,Ungheni,,47.402500,28.150600
MD-5014,Cernita,Floresti,,47.965801,28.466900
MD-4422,Hirbovat,Calarasi,,47.353298,28.292801
MD-7422,Tvardita,Taraclia,,46.154701,28.965599
MD-4614,Badragii Noi,Edinet,,48.064201,27.074699
MD-6214,Coada Iazului,Singerei,,47.655300,27.993601
MD-6319,Filipeni,Leova,,46.439999,28.331900
MD-7411,Hagichioi,Taraclia,,45.925598,28.462200
MD-3643,Rezina,Ungheni,,47.214401,27.875601
MD-4119,Prisaca,Cimislia,,46.656101,28.602501
MD-4316,Gisca 1,Bender Tr.,,46.998199,28.809500
MD-4927,Limbenii Vechi,Glodeni,,47.689201,27.610300
MD-5513,Brosteni,Ribnita Tr.,,47.879700,29.261400
MD-3802,Comrat 2,Comrat,,46.300301,28.657200
MD-4311,Baccealia,Causeni,,46.691101,29.280600
MD-4720,Corjeuti,Briceni,,48.222801,27.042200
MD-5612,Alunis,Riscani,,47.848598,27.649401
MD-5946,Risipeni,Falesti,,47.459999,27.666100
MD-3011,Badiceni,Soroca,,48.203300,28.054399
MD-3423,Crasnoarmeiscoe,Hincesti,,46.829399,28.282200
MD-5227,Sergheuca,Drochia,,48.064701,27.726900
MD-5516,Dimitrova,Ribnita Tr.,,47.876900,29.143299
MD-7329,Craciun,Cantemir,,46.232800,28.351700
MD-3811,Besalma,Comrat,,46.172798,28.648300
MD-3901,Cahul 1,Cahul,,45.888100,28.188101
MD-6104,Ceadir-Lunga 4,Comrat,,46.055000,28.830299
MD-5625,Malinovscoe,Riscani,,47.884998,27.507500
MD-3049,Voloave,Soroca,,48.093601,28.292500
MD-3912,Andrusul De Sus,Cahul,,46.007500,28.246099
MD-5724,Pervomaisc 1,Slobozia Tr.,,46.733898,29.958599
MD-6624,Ocnita,Camenca Tr.,,48.133598,28.636400
MD-4578,Oxentea,Criuleni-Dub.,,47.383301,29.118601
MD-7336,Samalia,Cantemir,,46.273300,28.435801
MD-5114,Briceni,Donduseni,,48.357201,27.703600
MD-6212,Balasesti,Singerei,,47.661098,28.352501
MD-6501,Anenii Noi,Anenii Noi,,46.878899,29.224701
MD-6653,Vertiujeni,Floresti,,47.993301,28.540001
MD-3622,Cornova,Ungheni,,47.394699,28.171700
MD-4427,Niscani,Calarasi,,47.267200,28.344400
MD-4816,Chetroasa,Criuleni,,47.122200,28.978600
MD-6223,Draganesti,Singerei,,47.721401,28.254200
MD-6429,Iurceni,Nisporeni,,47.081100,28.259199
MD-7418,Chirilovca,Taraclia,,45.816700,28.576401
MD-3040,Solonet,Soroca,,47.995800,28.402800
MD-4117,Gradiste,Cimislia,,46.607800,28.758900
MD-4708,Lipcani 3,Briceni,,48.265301,26.803900
MD-4911,Balatina,Glodeni,,47.693298,27.347200
MD-5524,Mihailovca,Ribnita Tr.,,47.484699,29.119200
MD-5230,Popestii De Sus,Drochia,,48.088100,28.025600
MD-6519,Cretoaia,Anenii Noi,,46.866699,29.134701
MD-7317,Dimitrova,Cantemir,,46.158901,28.468100
MD-3030,Vantina Mica,Soroca,,48.086201,28.200701
MD-3451,Sipoteni,Hincesti,,46.942501,28.456400
MD-3528,Ghetlova,Orhei,,47.371899,28.532200
MD-4313,Cirnateni,Causeni,,46.654400,29.491899
MD-4835,Ratus,Criuleni,,47.165001,28.806700
MD-4317,Gisca 2,Bender Tr.,,46.998199,28.809500
MD-4574,Holercani,Dubasari Cr.,,47.311901,29.068899
MD-5127,Octeabrscoe,Donduseni,,48.339699,27.668301
MD-3012,Baxani,Soroca,,48.123901,28.094700
MD-3648,Tescureni,Ungheni,,47.411701,27.953100
MD-3930,Tudoresti,Cahul,,45.964199,28.402800
MD-4024,Speia,Grigoriopol Tr.,,47.006699,29.297199
MD-4219,Ermoclia,Stefan-Voda,,46.580799,29.509701
MD-5411,Busauca,Rezina,,47.593601,28.788601
MD-7312,Leca,Cantemir,,46.309700,28.205000
MD-5706,Crasnoe,Slobozia Tr.,,46.651402,29.804701
MD-5801,Telenesti,Telenesti,,47.499699,28.365601
MD-5904,Falesti St,Falesti,,47.573002,27.706900
MD-5922,Fagadau,Falesti,,47.441101,27.803900
MD-7102,Ocnita 2,Ocnita,,48.385300,27.439199
MD-4226,Olanesti 2,Stefan-Voda,,46.495602,29.918100
MD-5615,Ciubara,Riscani,,48.077801,27.533899
MD-6216,Chiscareni,Singerei,,47.559399,28.015600
MD-6315,Cizlar,Leova,,46.650799,28.525000
MD-6418,Gaureni,Nisporeni,,47.201900,28.089399
MD-5841,Cucioaia Noua,Telenesti,,47.485600,28.166700
MD-7211,Alcedar,Soldanesti,,47.868099,28.874701
MD-3417,Buteni,Hincesti,,46.824200,28.674999
MD-3815,Cirlaneni,Comrat,,46.160599,28.513599
MD-4018,Delacau,Grigoriopol Tr.,,47.128899,29.298901
MD-4027,Teiu,Grigoriopol Tr.,,46.958099,29.395599
MD-5723,Pervomaisc,Slobozia Tr.,,46.733898,29.958599
MD-3420,Carpineni,Hincesti,,46.759701,28.353100
MD-4415,Ursari,Calarasi,,47.221401,28.189400
MD-4428,Novaci,Calarasi,,47.236099,28.266701
MD-4716,Bulboaca,Briceni,,48.371700,27.198299
MD-7116,Clocusna,Ocnita,,48.431400,27.341700
MD-5401,Rezina 1,Rezina,,47.777599,28.977600
MD-6417,Cirnesti,Nisporeni,,47.174198,28.003901
MD-4434,Parcani,Calarasi,,47.294399,28.373600
MD-5134,Scaieni,Donduseni,,48.176399,27.576700
MD-6401,Nisporeni,Nisporeni,,47.081402,28.178301
MD-3450,Stolniceni,Hincesti,,46.960300,28.500000
MD-3715,Cojusna,Straseni,,47.092800,28.658100
MD-5506,Ribnita 6,Ribnita Tr.,,47.766399,29.001101
MD-6102,Ceadir-Lunga 2,Comrat,,46.055000,28.830299
MD-6235,Antonovca,Singerei,,47.677502,28.238300
MD-3631,Leordoaia,Ungheni,,47.336700,28.140600
MD-5420,Ignatei,Rezina,,47.682499,28.661699
MD-5526,Molochisul Mare,Ribnita Tr.,,47.856400,29.055799
MD-5531,Sovietscoe,Ribnita Tr.,,47.954201,29.145000
MD-5925,Rautelul Nou,Falesti,,47.701401,27.746401
MD-6226,Heciul Nou,Singerei,,47.774200,28.060600
MD-6818,Malcoci,Ialoveni,,47.026100,28.629999
MD-6822,Piatra Alba,Ialoveni,,46.933300,28.816900
MD-3646,Pojarna,Ungheni,,47.334999,28.085600
MD-4312,Chircaesti,Causeni,,46.718102,29.521700
MD-4433,Pirjolteni,Calarasi,,47.196899,28.241699
MD-4836,Balasesti,Criuleni,,47.265598,29.042500
MD-5519,Hirjau,Ribnita Tr.,,47.806900,29.008101
MD-7415,Borceag,Cahul,,46.049999,28.525000
MD-7723,Nicolaevca,Anenii Noi,,46.772202,29.210600
MD-4630,Goleni,Edinet,,48.210602,27.432800
MD-4706,Lipcani 1,Briceni,,48.265301,26.803900
MD-5431,Saharna,Rezina,,47.693600,28.970301
MD-3045,Tepilova,Soroca,,48.125301,28.232800
MD-3434,Loganesti,Hincesti,,46.903900,28.545300
MD-4211,Alava,Stefan-Voda,,46.509201,29.567801
MD-5932,Logofteni,Falesti,,47.625599,27.568100
MD-6439,Varzaresti,Nisporeni,,47.108601,28.196100
MD-4733,Medveja,Briceni,,48.361900,26.786400
MD-5504,Ribnita 4,Ribnita Tr.,,47.766399,29.001101
MD-3029,Parcani,Soroca,,48.061901,28.290300
MD-3817,Avdarma,Comrat,,46.254200,28.839399
MD-4440,Tibirica,Calarasi,,47.371399,28.368900
MD-4621,Chetrosica Noua,Edinet,,48.119202,27.471701
MD-4642,Terebna,Edinet,,48.049999,27.251400
MD-3725,Ciobanca,Straseni,,47.145000,28.502199
MD-4833,Onitcani,Criuleni,,47.145802,29.068600
MD-5139,Teleseuca,Donduseni,,48.278900,27.899200
MD-5211,Antoneuca,Drochia,,48.076401,27.690800
MD-5920,Burghelea,Falesti,,47.538601,27.865299
MD-5226,Holosnita Noua,Drochia,,48.116100,27.935801
MD-6217,Ciuciuieni,Singerei,,47.558102,28.128099
MD-7726,Plop,Causeni,,46.710800,29.219700
MD-5422,Lipceni,Rezina,,47.806400,28.870300
MD-5434,Solonceni,Rezina,,47.828300,29.003901
MD-5714,Chitcani,Slobozia Tr.,,46.785599,29.608601
MD-3719,Gornoe,Straseni,,47.190701,28.779800
MD-3820,Dezghingea,Comrat,,46.424400,28.616699
MD-4011,Bicioc,Grigoriopol Tr.,,46.924999,29.480301
MD-4029,Vinogradnoe,Grigoriopol Tr.,,47.083302,29.491899
MD-4718,Caracusenii Vechi,Briceni,,48.270000,27.075800
MD-6534,Serpeni,Anenii Noi,,47.020802,29.349701
MD-6227,Iezarenii Noi,Singerei,,47.588600,28.097200
MD-4023,Novovladimirovca,Grigoriopol Tr.,,46.939201,29.520000
MD-4414,Bravicea,Calarasi,,47.361099,28.436100
MD-4626,Chetrosica Veche,Edinet,,48.110802,27.385300
MD-4918,Cobani,Glodeni,,47.766102,27.320801
MD-5835,Vasieni,Telenesti,,47.460800,28.444401
MD-5620,Galaseni,Riscani,,47.868900,27.342501
MD-6218,Copaceni,Singerei,,47.617802,28.234400
MD-6618,Hristovaia,Camenca Tr.,,48.101398,28.734200
MD-3504,Orhei 4,Orhei,,47.383099,28.823099
MD-4632,Hancauti,Edinet,,48.048599,27.188900
MD-5133,Rudi,Soroca,,48.334400,27.895300
MD-5228,Popestii Noi,Drochia,,47.975800,27.989700
MD-5314,Alexandrfeld (Cimpeni),Cahul,,45.806702,28.427799
MD-5630,Petruseni,Riscani,,47.847801,27.313101
MD-5633,Pociumbeni,Riscani,,47.978100,27.303301
MD-3412,Balceana,Hincesti,,46.844398,28.404699
MD-3649,Todiresti,Ungheni,,47.318600,27.820000
MD-4719,Colicauti,Briceni,,48.308899,27.153900
MD-5018,Domulgeni,Floresti,,47.793598,28.433901
MD-5619,Duruitoarea Noua,Riscani,,47.892799,27.247499
MD-7721,Gangura,Ialoveni,,46.730000,29.013100
MD-3907,Cahul 7,Cahul,,45.919800,28.193300
MD-5213,Chetrosu,Drochia,,48.077801,27.886101
MD-6213,Lipovanca,Singerei,,47.678902,27.984400
MD-6649,Temeleuti,Floresti,,47.980000,28.497200
MD-6815,Hansca,Ialoveni,,46.831402,28.754999
MD-3543,Podgoreni,Orhei,,47.559399,28.782499
MD-5216,Drochia Sat,Drochia,,48.035000,27.816099
MD-6611,Caterinovca,Camenca Tr.,,47.933899,28.866899
