980 25,Hrušovo,,Rimavská Sobota,48.512798,20.049101
044 45,Bidovce,,Košice-okolie,48.736198,21.439501
942 01,Nitriansky Hrádok,,Nové Zámky,48.070801,18.205200
925 81,Diakovce,,Šaľa,48.134499,17.848700
093 01,Komárany,,Vranov nad Topľou,48.919899,21.640400
925 51,Šintava,,Galanta,48.283600,17.758301
962 52,Cerovo,,Krupina,48.254700,19.156700
049 61,Rákoš,,Revúca,48.599899,20.147800
821 06,Podunajské Biskupice,,Bratislava II,48.132500,17.209600
059 40,Liptovská Teplička,,Poprad,48.966400,20.088800
906 23,Rudník,,Myjava,48.636299,17.346399
966 22,Lutila,,Žiar nad Hronom,48.613800,18.844900
920 61,Merašice,,Hlohovec,48.462200,17.943600
908 65,Mokrý Háj,,Skalica,48.812801,17.244200
957 01,Miezgovce,,Bánovce nad Bebravou,48.408401,18.153700
038 41,Trebostovo,,Martin,49.024601,18.860901
986 01,Fiľakovo,,Lučenec,48.267601,19.824699
991 08,Chrastince,,Veľký Krtíš,48.090302,19.250299
044 32,Malá Lodina,,Košice-okolie,48.877998,21.133301
956 15,Kovarce,,Topoľčany,48.495701,18.156601
941 46,Trávnica,,Nové Zámky,48.139702,18.339100
053 14,Bukovinka,,Levoča,49.041599,20.488001
053 71,Uloža,,Levoča,49.043701,20.645901
010 14,Vranie,,Žilina,49.258400,18.741301
980 42,Ivanice,,Rimavská Sobota,48.329201,20.236601
086 46,Oľšavce,,Bardejov,49.202999,21.386000
059 02,Výborná,,Kežmarok,49.234299,20.398100
908 76,Lakšárska Nová Ves,,Senica,48.576900,17.185400
941 04,Mojzesovo,,Nové Zámky,48.133301,18.233299
956 11,Mýtna Nová Ves,,Topoľčany,48.484501,18.106701
094 13,Dlhé Klčovo,,Vranov nad Topľou,48.810799,21.739901
023 12,Svrčinovec,,Čadca,49.480900,18.796200
841 06,Záhorská Bystrica,,Bratislava IV,48.241100,17.038200
040 13,Ťahanovce,,Košice I,48.757599,21.257601
049 26,Vyšná Slaná,,Rožňava,48.786098,20.318399
951 07,Malý Cetín,,Nitra,48.239700,18.176901
951 31,Gorazdov,,Šaľa,48.191898,17.956600
922 09,Borovce,,Piešťany,48.572498,17.745600
038 61,Lipovec,,Martin,49.128899,18.927200
013 01,Teplička nad Váhom,,Žilina,49.224300,18.799900
985 42,Husiná,,Rimavská Sobota,48.342499,19.882000
900 31,Stupava,,Malacky,48.274700,17.031700
055 52,Kojšov,,Gelnica,48.821800,20.987700
044 74,Vyšný Lánec,,Košice-okolie,48.530399,21.129700
908 41,Šaštín,,Senica,48.636200,17.150200
917 01,Trnava,,,48.377399,17.587200
038 42,Ležiachov,,Martin,48.979401,18.858200
991 42,Hrušov,,Veľký Krtíš,48.153900,19.091000
927 01,Hetméň,,Šaľa,48.171902,17.864300
082 63,Renčišov,,Sabinov,49.093601,20.963900
917 02,Trnava,,,48.377399,17.587200
911 05,Orechové,,Trenčín,48.894501,18.044399
023 33,Povina,,Kysucké Nové Mesto,49.311699,18.809999
980 45,Štrkovec,,Rimavská Sobota,48.358299,20.324900
966 51,Rudno nad Hronom,,Žarnovica,48.426899,18.685699
900 24,Malý Biel,,Senec,48.222500,17.364100
072 37,Sliepkovce,,Michalovce,48.672600,21.946199
072 53,Bežovce,,Sobrance,48.628799,22.153500
972 28,Gápel,,Prievidza,49.035500,18.887899
976 52,Čierny Balog,,Brezno,48.747200,19.651300
985 22,Katarínska Huta,,Poltár,48.462799,19.633600
985 56,Tomášovce,,Lučenec,48.370602,19.621401
985 07,Ľubienka,,Poltár,48.581299,19.747000
851 07,Bratislava,,,48.148201,17.106701
086 05,Livov,,Bardejov,49.293400,21.078300
082 07,Dubník,,Prešov,48.911701,21.465200
958 03,Pažiť,,Partizánske,48.408401,18.153700
038 53,Turany,,Martin,49.117500,19.040300
941 02,Ondrochov,,Nové Zámky,48.125702,18.182400
943 60,Nána,,Nové Zámky,47.813599,18.696501
082 12,Kapušany,,Prešov,49.045200,21.333500
991 26,Bátorová,,Veľký Krtíš,48.134399,19.271400
076 83,Svätuše,,Trebišov,48.433300,21.916700
017 05,Vrchteplá,,Považská Bystrica,49.208801,18.678600
830 05,Bratislava,,,48.148201,17.106701
935 67,Nýrovce,,Levice,48.025101,18.582100
089 01,Svidník,,Svidník,49.308201,21.570299
972 11,Lazany,,Prievidza,49.035500,18.887899
072 34,Veľké Zalužice,,Michalovce,48.753399,21.983400
935 21,Tlmače,,Levice,48.289299,18.531500
951 82,Veľké Vozokany,,Zlaté Moravce,48.320599,18.412100
086 02,Vyšný Tvarožec,,Bardejov,49.382301,21.195801
925 02,Dolné Saliby,,Galanta,48.107201,17.781700
925 32,Veľká Mača,,Galanta,48.241501,17.689899
916 26,Kríž nad Váhom,,Nové Mesto n.Váhom,48.755901,17.709400
972 16,Poluvsie,,Prievidza,49.035500,18.887899
020 61,Horenická Hôrka,,Púchov,49.196899,18.153700
032 32,Východná,,Liptovský Mikuláš,49.059101,19.890100
029 53,Breza,,Námestovo,49.387600,19.384399
976 62,Brusno,,Banská Bystrica,48.792400,19.382200
049 13,Mikolčany,,Revúca,48.585499,20.312799
982 01,Starňa,,Revúca,48.439098,20.332001
040 14,Košická Nová Ves,,Košice III,48.733398,21.297300
044 42,Hrašovík,,Košice-okolie,48.746700,21.321301
076 33,Slovenské Nové Mesto,,Trebišov,48.401001,21.667200
062 01,Tatranská Polianka,,Poprad,49.123798,20.186399
962 23,Očová,,Zvolen,48.600399,19.288401
049 42,Lipovník,,Rožňava,48.629101,20.621799
930 04,Jurová,,Dunajská Streda,47.933601,17.522800
976 98,Vajsková,,Brezno,48.824600,19.503300
049 35,Ochtiná,,Rožňava,48.684101,20.327499
049 51,Brzotín,,Rožňava,48.631001,20.495701
951 25,Suľany,,Nitra,48.442902,18.025900
930 21,Jahodná,,Dunajská Streda,48.053001,17.707399
969 01,Klastava,,Banská Štiavnica,48.325199,18.870100
044 65,Košická Belá,,Košice-okolie,48.801701,21.111300
076 05,Cejkov,,Trebišov,48.466301,21.760500
935 26,Starý Tekov,,Levice,48.244701,18.536699
919 35,Hrnčiarovce n/Parnou,,Trnava,48.440601,17.636900
916 21,Čachtice,,Nové Mesto n.Váhom,48.755901,17.709400
020 64,Zubák,,Púchov,49.196899,18.153700
913 11,Veľké Bierovce,,Trenčín,48.852402,17.983000
027 53,Istebné,,Dolný Kubín,49.215099,19.221701
962 62,Sása,,Zvolen,48.435501,19.134300
044 47,Kecerovský Lipovec,,Košice-okolie,48.845299,21.434799
072 21,Nacina Ves,,Michalovce,48.818901,21.854601
082 13,Demjata,,Prešov,49.106499,21.313900
090 21,Vislava,,Stropkov,49.281502,21.660101
018 22,Tŕstie,,Považská Bystrica,49.113499,18.214399
013 51,Maršová,,Bytča,49.189899,18.522400
053 33,Nálepkovo,,Gelnica,48.842400,20.620300
072 23,Staré,,Michalovce,48.861401,21.875500
053 76,Biele Vody,,Spišská Nová Ves,48.864498,20.397100
941 06,Komjatice,,Nové Zámky,48.157001,18.170300
925 82,Tešedíkovo,,Šaľa,48.106098,17.851900
020 54,Dešná,,Púchov,49.208000,18.163900
821 01,Bratislava,,,48.148201,17.106701
065 02,Nižné Ružbachy,,Stará Ľubovňa,49.281101,20.577499
916 14,Hrašné,,Myjava,48.755901,17.709400
985 13,Madačka,,Lučenec,48.412102,19.414301
049 43,Silická Jablonica,,Rožňava,48.558300,20.608601
946 36,Kravany nad Dunajom,,Komárno,47.763302,18.483200
935 64,Keť,,Levice,47.966702,18.566700
941 05,Černík,,Nové Zámky,48.152199,18.226101
086 35,Becherov,,Bardejov,49.419701,21.313101
067 45,Karná,,Humenné,48.984200,21.806400
023 53,Staškov,,Čadca,49.421001,18.686899
038 04,Bystrička,,Martin,49.049999,18.883301
076 82,Veľká Tŕňa,,Trebišov,48.469002,21.678699
059 95,Toporec,,Kežmarok,49.264099,20.492901
980 41,Bottovo,,Rimavská Sobota,48.312698,20.150101
076 74,Drahňov,,Michalovce,48.593201,21.965900
076 37,Svinice,,Trebišov,48.457100,21.882200
067 01,Valentovce,,Medzilaborce,49.178299,21.953899
082 21,Medzany,,Prešov,49.043201,21.151699
972 51,Remata,,Prievidza,49.035500,18.887899
821 09,Bratislava,,,48.148201,17.106701
922 06,Nižná,,Piešťany,48.532902,17.650400
962 34,Železná Breznica,,Zvolen,48.616299,19.013000
900 89,Píla,,Pezinok,48.390900,17.331499
072 41,Vyšné Remety,,Sobrance,48.827801,22.167801
059 94,Ihľany,,Kežmarok,49.201698,20.533701
032 21,Jalovec,,Liptovský Mikuláš,49.136299,19.629499
029 41,Klin,,Námestovo,49.436798,19.492500
980 21,Vieska nad Blhom,,Rimavská Sobota,48.351101,20.198799
072 15,Dúbravka,,Michalovce,48.635899,21.888599
076 77,Ruská,,Michalovce,48.527302,22.140699
076 41,Dobrá,,Trebišov,48.412498,22.028601
951 54,Malé Chyndice,,Nitra,48.303200,18.285999
956 05,Vozokany,,Topoľčany,48.565601,17.994600
053 73,Oľšavica,,Levoča,49.083099,20.755199
065 22,Pilhovčík,,Stará Ľubovňa,49.395401,20.719601
094 05,Jasenovce,,Vranov nad Topľou,48.994598,21.744801
958 06,Partizánske,,,48.408401,18.153700
941 42,Veľké Lovce,,Nové Zámky,48.062302,18.338499
017 01,Dolný Moštenec,,Považská Bystrica,49.208801,18.678600
951 01,Štitáre,,Nitra,48.268600,18.196800
951 06,Dolný Vinodol,,Nitra,48.180099,18.211500
059 83,Nová Polianka,,Poprad,49.121899,20.176399
094 21,Kučín,,Vranov nad Topľou,48.869099,21.743900
972 12,Nedožery - Brezany,,Prievidza,49.035500,18.887899
969 82,Teplá,,Banská Štiavnica,48.498600,18.919100
900 53,Pernek,,Malacky,48.366901,17.144199
072 64,Inovce,,Sobrance,48.823002,22.358999
949 05,Horné Krškany,,Nitra,48.284199,18.088699
059 16,Hranovnica,,Poprad,48.989498,20.309000
908 73,Veľké Leváre,,Malacky,48.504002,17.003599
076 62,Dvorianky,,Trebišov,48.730900,21.707800
065 03,Podolínec,,Stará Ľubovňa,49.258701,20.535999
908 42,Smolinské,,Senica,48.675201,17.130199
958 42,Brodzany,,Partizánske,48.408401,18.153700
018 21,Dolný Lieskov,,Považská Bystrica,49.113499,18.214399
976 45,Hronec,,Brezno,48.797600,19.580500
982 66,Hrlica,,Revúca,48.628201,20.051001
831 54,Bratislava,,,48.148201,17.106701
946 14,Bodzianske Lúky,,Komárno,47.883301,17.900000
947 03,Bohatá,,Komárno,47.889198,18.216200
920 41,Leopoldov,,Hlohovec,48.445702,17.764601
922 21,Moravany nad Váhom,,Piešťany,48.601200,17.858299
018 56,Červený Kameň,,Ilava,48.934799,18.146299
027 05,Končitá,,Dolný Kubín,49.234200,19.132401
038 15,Karlová,,Martin,48.960602,18.900700
966 81,Žarnovická Huta,,Žarnovica,48.493198,18.688700
072 32,Jovsa,,Michalovce,48.819199,22.090799
076 01,Zemplínske Hradište,,Trebišov,48.583599,21.737200
919 28,Bučany,,Trnava,48.415798,17.697201
956 41,Radiša,,Bánovce nad Bebravou,48.532001,18.079399
913 07,Haluzice,,Nové Mesto n.Váhom,48.851101,17.922800
013 32,Zárieč - Keblov,,Žilina,49.262001,18.641800
841 03,Lamač,,Bratislava IV,48.193001,17.050800
821 05,Bratislava,,,48.148201,17.106701
962 05,Mangútovo,,Detva,48.583500,19.572399
053 21,Lieskovany,,Spišská Nová Ves,48.928101,20.604700
946 12,Horná Zlatná,,Komárno,47.783298,17.950001
972 25,Somorova Ves,,Prievidza,49.035500,18.887899
900 64,Suchohrad,,Malacky,48.400002,16.866699
068 01,Vydraň,,Medzilaborce,49.289299,21.933901
913 31,Újazd,,Trenčín,48.849998,17.949200
031 04,Vitálišovce,,Liptovský Mikuláš,49.088402,19.650400
038 52,Podhradie,,Martin,49.086102,19.054501
055 01,Margecany,,Gelnica,48.892399,21.011999
935 33,Marušová,,Levice,48.235802,18.522100
082 41,Žipov,,Prešov,48.965900,21.084999
919 01,Zvončín,,Trnava,48.400700,17.506500
020 51,Zbora,,Púchov,49.196899,18.153700
013 62,Dolinky,,Bytča,49.320000,18.560801
029 57,Lehotská,,Námestovo,49.383301,19.150000
985 58,Čakanovce,,Lučenec,48.213200,19.814600
985 26,Vlčovo,,Poltár,48.577900,19.720400
900 81,Šenkvice,,Pezinok,48.298199,17.349600
059 36,Mengusovce,,Poprad,49.073502,20.140301
956 35,Pravotice,,Bánovce nad Bebravou,48.609001,18.209999
900 67,Láb,,Malacky,48.366699,16.983299
908 72,Závod,,Malacky,48.544899,17.030300
919 07,Bíňovce,,Trnava,48.504200,17.480700
916 38,Beckov,,Nové Mesto n.Váhom,48.755901,17.709400
038 23,Budiš,,Turčianske Teplice,48.872898,18.758499
962 66,Sebechleby,,Krupina,48.275398,18.952400
076 35,N.Vieska pri Bodrogu,,Trebišov,48.424900,21.827801
943 01,Štúrovo,,,47.794899,18.717501
082 33,Krížovany,,Prešov,48.981499,21.049801
831 51,Bratislava,,,48.148201,17.106701
072 17,Slavkovce,,Michalovce,48.602299,21.921499
085 01,Bardejovská Zábava,,Bardejov,49.300999,21.268400
920 52,Horné Zelenice,,Hlohovec,48.385601,17.759701
034 06,Černová,,Ružomberok,49.091301,19.264000
969 73,Prenčov,,Banská Štiavnica,48.358200,18.924700
980 13,Veľká Suchá,,Poltár,48.430500,19.866100
902 01,Vinosady,,Pezinok,48.273602,17.248400
946 55,Pribeta,,Komárno,47.899799,18.315001
059 07,Lendak,,Kežmarok,49.234402,20.356501
067 35,Hostovice,,Snina,49.116901,22.143999
013 03,Krasňany,,Žilina,49.214901,18.887199
935 84,Hokovce,,Levice,48.121201,18.891399
925 84,Vlčany,,Šaľa,48.030998,17.952101
090 42,Hradisko,,Svidník,49.201000,21.587099
925 09,Košúty,,Galanta,48.169899,17.657600
916 22,Podolie,,Nové Mesto n.Váhom,48.755901,17.709400
991 24,Stredné Plachtince,,Veľký Krtíš,48.226299,19.291901
930 28,Opatovský Sokolec,,Dunajská Streda,47.899799,17.807800
951 53,Klasov,,Nitra,48.276199,18.259399
082 44,Klenov,,Prešov,48.926701,21.056000
930 12,Ohrady,,Dunajská Streda,47.983299,17.700001
908 79,Borský Svätý Jur,,Senica,48.613701,17.046600
906 14,Bukovec,,Myjava,48.641800,17.456400
029 63,Beňadovo,,Námestovo,49.431999,19.342300
974 11,Rudlová,,Banská Bystrica,48.753601,19.162001
976 68,Heľpa,,Brezno,48.861000,19.969200
962 25,Stará Huta,,Detva,48.474899,19.348499
049 62,Kameňany,,Revúca,48.577400,20.191601
906 37,Sološnica,,Malacky,48.465199,17.230700
049 25,Dobšiná,,Rožňava,48.820702,20.369900
053 32,Bindt,,Spišská Nová Ves,48.870602,20.578800
946 17,Brestovec,,Komárno,47.863400,17.822800
925 27,Veľký Grob,,Galanta,48.249699,17.496099
906 22,Poriadie,,Myjava,48.636299,17.346399
916 23,Pobedim,,Nové Mesto n.Váhom,48.755901,17.709400
018 12,Brvnište,,Považská Bystrica,49.113499,18.214399
974 04,Banská Bystrica,,,48.739498,19.153500
946 56,Dulovce,,Komárno,47.869202,18.272800
951 16,Svätoplukovo,,Nitra,48.228199,18.055799
951 17,Čápor,,Nitra,48.250801,18.018600
919 04,Lošonec,,Trnava,48.481998,17.399000
956 18,Baštín,,Partizánske,48.483898,18.139900
962 43,Senohrad,,Krupina,48.357800,19.198200
980 02,Hodejovec,,Rimavská Sobota,48.282001,20.015900
991 25,Opava,,Veľký Krtíš,48.195900,19.177200
851 03,Bratislava,,,48.148201,17.106701
935 25,Nová Dedina,,Levice,48.278702,18.647499
900 01,Piesok,,Pezinok,48.383301,17.275400
059 92,Huncovce,,Kežmarok,49.115002,20.376699
013 13,Konská,,Žilina,49.111099,18.678101
941 31,Dvory nad Žitavou,,Nové Zámky,47.989498,18.267200
054 01,Kurimany,,Levoča,48.998798,20.542801
930 51,Čukárska Paka,,Dunajská Streda,48.033100,17.387899
919 24,Križovany n/Dudváhom,,Trnava,48.359001,17.674200
919 30,Jaslovské Bohunice,,Trnava,48.475498,17.647400
029 46,Sihelné,,Námestovo,49.508202,19.411501
029 51,Ťapešovo,,Námestovo,49.374199,19.446100
991 07,Iliašov,,Veľký Krtíš,48.113499,19.278200
090 11,Vyšný Orlík,,Svidník,49.343800,21.502501
930 03,Kostolné Kračany,,Dunajská Streda,47.973499,17.573400
013 02,Gbeľany,,Žilina,49.212200,18.844500
962 02,Vígľaš,,Detva,48.563202,19.302900
991 01,Brusník,,Veľký Krtíš,48.299301,19.401600
049 32,Honce,,Rožňava,48.667801,20.405199
934 01,Čankov,,Levice,48.195400,18.708000
082 38,Dolina,,Prešov,49.133301,20.733299
065 41,Podpílie,,Stará Ľubovňa,49.238701,20.879801
906 04,Havran,,Senica,48.765499,17.379101
919 10,Buková,,Trnava,48.543201,17.396999
032 33,Kráľova Lehota,,Liptovský Mikuláš,49.022598,19.789900
946 19,Klížska Nemá,,Komárno,47.752102,17.819700
951 22,Alekšince,,Nitra,48.366402,17.947901
072 62,Koromľa,,Sobrance,48.715900,22.293200
956 03,Horné Štitáre,,Topoľčany,48.525398,18.057100
900 83,Čataj,,Senec,48.270500,17.478701
955 01,Závada,,Topoľčany,48.641300,18.085300
082 73,Bajerovce,,Sabinov,49.213799,20.797501
018 13,Papradno,,Považská Bystrica,49.113499,18.214399
913 36,Selec,,Trenčín,48.849998,17.949200
032 13,Vlašky,,Liptovský Mikuláš,49.098301,19.468700
962 37,Kováčová,,Zvolen,48.601501,19.102501
811 01,Bratislava,,,48.148201,17.106701
044 12,Vyšný Klátov,,Košice-okolie,48.744801,21.124599
082 01,Kendice,,Prešov,48.877998,21.339701
094 02,Malá Domaša,,Vranov nad Topľou,48.971100,21.711100
930 32,Macov,,Dunajská Streda,48.020302,17.430500
906 32,Jablonica,,Senica,48.605999,17.421700
841 10,Devín,,Bratislava IV,48.174400,16.984200
956 07,Behynce,,Topoľčany,48.524502,17.965401
951 94,Hostie,,Zlaté Moravce,48.452900,18.438299
930 02,Vieska,,Dunajská Streda,48.004200,17.529200
908 43,Čáry,,Senica,48.655102,17.091299
919 22,Majcichov,,Trnava,48.284599,17.630301
914 42,Horné Srnie,,Trenčín,48.479301,17.612000
023 56,Makov,,Čadca,49.370499,18.480400
821 03,Bratislava,,,48.148201,17.106701
059 84,Vyšné Hágy,,Poprad,49.118500,20.124599
906 34,Prievaly,,Senica,48.556801,17.349199
979 01,Sabová,,Rimavská Sobota,48.388302,20.017599
991 05,Sklabiná,,Veľký Krtíš,48.158401,19.358000
052 05,Spišská Nová Ves,,,48.944599,20.561501
935 75,Kubáňovo,,Levice,48.058701,18.811399
065 44,Podzámok,,Stará Ľubovňa,49.262699,20.842300
930 16,Vydrany,,Dunajská Streda,48.018101,17.585899
027 51,Kraľovany,,Dolný Kubín,49.151798,19.130600
977 03,Mazorníkovo,,Brezno,48.853298,19.657101
949 07,Janíkovce,,Nitra,48.284599,18.138599
951 15,Veľká Dolina,,Nitra,48.185101,18.030100
972 02,Opatovce nad Nitrou,,Prievidza,48.934799,18.146299
985 41,Ipeľka,,Lučenec,48.337101,19.849199
900 23,Viničné,,Pezinok,48.271900,17.302299
055 63,Helcmanovce,,Gelnica,48.830700,20.867701
951 35,Veľké Zálužie,,Nitra,48.308399,17.938700
943 61,Salka,,Nové Zámky,47.885899,18.756500
956 06,Šalgovce,,Topoľčany,48.526299,17.899401
061 01,Havka,,Kežmarok,49.345100,20.406700
065 34,Haligovce,,Stará Ľubovňa,49.363499,20.447800
018 01,Udiča,,Považská Bystrica,49.292099,18.282400
018 03,Belejov,,Považská Bystrica,49.292099,18.282400
985 59,Vidiná,,Lučenec,48.359100,19.654301
991 27,Ďurkovce,,Veľký Krtíš,48.141300,19.191000
966 74,Veľké Pole,,Žarnovica,48.540699,18.565201
956 38,Veľké Hoste,,Bánovce nad Bebravou,48.625500,18.191700
951 81,Nemčiňany,,Zlaté Moravce,48.308701,18.451500
082 22,Ostrovany,,Sabinov,49.063202,21.117701
919 21,Zeleneč,,Trnava,48.328999,17.595400
017 07,Zemiansky Kvašov,,Považská Bystrica,49.208801,18.678600
023 22,Klokočov,,Čadca,49.448299,18.564800
027 41,Široká,,Dolný Kubín,49.245800,19.339100
023 41,Nesluša,,Kysucké Nové Mesto,49.317699,18.741501
038 03,Sklabinský Podzámok,,Martin,49.051998,19.027500
010 09,Bytčica,,Žilina,49.185501,18.735300
976 31,Vlkanová,,Banská Bystrica,48.671299,19.146099
049 41,Krásnohor. Podhradie,,Rožňava,48.681999,20.612101
072 52,Jenkovce,,Sobrance,48.655602,22.209200
935 68,Čaka,,Levice,48.039299,18.468901
940 02,Nové Zámky,,Nové Zámky,47.985401,18.161900
941 50,Dedinka,,Nové Zámky,48.065601,18.422400
956 32,Livinské Opatovce,,Partizánske,48.610001,18.233801
956 36,Rybany,,Bánovce nad Bebravou,48.609001,18.209999
029 47,Oravská Polhora,,Námestovo,49.527199,19.440701
976 97,Dubová,,Brezno,48.815601,19.428200
050 01,Revúca,,Revúca,48.683498,20.117300
044 05,Peder,,Košice-okolie,48.578201,20.950600
064 01,Podsadek,,Stará Ľubovňa,49.299999,20.716700
925 08,Čierny Brod,,Galanta,48.147301,17.653200
019 01,Iliavka,,Ilava,49.208801,18.678600
023 35,Ochodnica,,Kysucké Nové Mesto,49.348900,18.789600
034 82,Lúčky - kúpele,,Ružomberok,49.127300,19.408800
044 71,Čečejovce,,Košice-okolie,48.595001,21.065100
013 52,Jablonové,,Bytča,49.183899,18.564501
044 44,Nová Polhora,,Košice-okolie,48.810299,21.341299
972 31,Jalovec,,Prievidza,49.136299,19.629499
010 01,Mojšová Lúčka,,Žilina,49.194698,18.810699
976 32,Badín,,Banská Bystrica,48.663799,19.123199
935 77,Vyškovce nad Ipľom,,Levice,48.055698,18.867800
943 55,Bruty,,Nové Zámky,47.923199,18.579700
953 05,Čierne Kľačany,,Zlaté Moravce,48.359501,18.417500
059 11,Úsvit,,Poprad,49.034401,20.346901
925 41,Dolný Chotár,,Galanta,48.060200,17.828100
925 53,Pata,,Galanta,48.277500,17.823000
916 32,Hôrka nad Váhom,,Nové Mesto n.Váhom,48.755901,17.709400
985 32,Veľké Dálovce,,Lučenec,48.217300,19.480200
900 82,Blatné,,Senec,48.266602,17.419201
040 15,Ľudvikov dvor,,Košice-okolie,48.648998,21.181299
053 22,Odorín,,Spišská Nová Ves,48.933701,20.634600
067 04,Repejov,,Medzilaborce,49.200001,21.983299
018 31,Košecké Podhradie,,Ilava,49.113499,18.214399
023 04,Radôstka,,Čadca,49.319199,18.939501
023 13,Čierne,,Čadca,49.493599,18.819500
985 53,Píla,,Lučenec,48.483501,19.503599
991 23,Veľké Zlievce,,Veľký Krtíš,48.199699,19.455799
073 01,Sobrance,,Sobrance,48.744499,22.181400
090 03,Ladomirová,,Svidník,49.329300,21.623699
956 52,Timoradza,,Bánovce nad Bebravou,48.532001,18.079399
956 53,Trebichava,,Bánovce nad Bebravou,48.532001,18.079399
971 01,Malá Čausa,,Prievidza,48.735699,19.463800
032 61,Važec,,Liptovský Mikuláš,49.059700,19.980400
976 73,Telgárt,,Brezno,48.851601,20.188499
811 07,Bratislava,,,48.148201,17.106701
956 02,Urmince,,Topoľčany,48.535000,18.097900
972 13,Nitrianske Pravno,,Prievidza,49.035500,18.887899
972 46,Čereňany,,Prievidza,49.035500,18.887899
985 03,České Brezovo,,Poltár,48.481998,19.804501
017 04,Považské Podhradie,,Považská Bystrica,49.208801,18.678600
029 56,Zákamenné,,Námestovo,49.388599,19.292900
053 34,Stará Voda,,Gelnica,48.799099,20.676100
935 22,Kozárovce,,Levice,48.271900,18.588100
082 52,Abranovce,,Prešov,48.931801,21.345301
913 33,Repákovci,,Trenčín,48.849998,17.949200
049 01,Muránska Huta,,Revúca,48.777901,20.112700
966 53,Psiare,,Žarnovica,48.328899,18.554399
941 36,Rúbaň,,Nové Zámky,47.930199,18.400101
951 96,Jedľové Kostoľany,,Zlaté Moravce,48.469398,18.497601
094 35,Čaklov,,Vranov nad Topľou,48.907501,21.629900
930 30,Kyselica,,Dunajská Streda,47.987701,17.389000
972 23,Dolné Vestenice,,Prievidza,49.035500,18.887899
032 03,Uhorská Ves,,Liptovský Mikuláš,49.058399,19.682301
946 21,Veľké Kosihy,,Komárno,47.762402,17.883200
956 14,Oponice,,Topoľčany,48.468601,18.145599
086 04,Bogliarka,,Bardejov,49.279900,21.150999
094 09,Majerovce,,Vranov nad Topľou,48.891701,21.717199
958 52,Žabokreky nad Nitrou,,Partizánske,48.408401,18.153700
036 01,Martin,,Martin,49.066502,18.924000
900 86,Jablonec,,Pezinok,48.332001,17.447901
811 03,Bratislava,,,48.148201,17.106701
072 13,Dolný Les,,Michalovce,48.646999,22.000401
941 07,Veľký Kýr,,Nové Zámky,48.182499,18.157301
941 51,Pozba,,Nové Zámky,48.115002,18.386900
956 08,Horné Obdokovce,,Topoľčany,48.427601,18.087099
931 01,Čilistov,,Dunajská Streda,48.011002,17.308100
900 43,Hamuliakovo,,Senec,48.059799,17.253500
067 52,Čertižné,,Medzilaborce,49.349300,21.825001
930 38,Nový Život,,Dunajská Streda,48.114399,17.462299
922 08,Rakovice,,Piešťany,48.557899,17.739000
962 33,Budča,,Zvolen,48.573799,19.069401
821 07,Vrakuňa,,Bratislava II,48.138302,17.208700
072 11,Jastrabie pri Michal,,Michalovce,48.710999,22.010900
059 39,Nižná Šuňava,,Poprad,49.033298,20.100000
094 15,Zámutov,,Vranov nad Topľou,48.901402,21.556999
023 01,Oščadnica,,Čadca,49.435699,18.881901
991 09,Veľká Čalomija,,Veľký Krtíš,48.069199,19.200600
966 24,Kosorín,,Žiar nad Hronom,48.651600,18.809401
900 27,Bernolákovo,,Senec,48.200699,17.301901
925 26,Boldog,,Senec,48.196999,17.556200
076 84,Poľany,,Trebišov,48.468601,21.990299
086 21,Rešov,,Bardejov,49.239899,21.330700
094 22,Nižný Hrušov,,Vranov nad Topľou,48.807499,21.773001
038 02,Dolný Kalník,,Martin,49.041599,18.962900
038 45,Malý Čepčín,,Turčianske Teplice,48.902901,18.839300
851 05,Bratislava,,,48.148201,17.106701
076 13,Byšta,,Trebišov,48.530701,21.538799
951 41,Lužianky,,Nitra,48.349098,18.028999
082 57,Ľutina,,Sabinov,49.167599,21.048599
930 01,Veľké Blahovo,,Dunajská Streda,48.003700,17.576401
922 01,Veľké Orvište,,Piešťany,48.618801,17.788300
029 52,Hruštín,,Námestovo,49.323898,19.346901
900 52,Kuchyňa,,Malacky,48.405998,17.157301
925 23,Jelka,,Galanta,48.145401,17.511299
930 34,Malá Budafa,,Dunajská Streda,47.999100,17.482500
908 61,Popudinské Močidľany,,Skalica,48.771099,17.283199
919 25,Šúrovce,,Trnava,48.331200,17.718599
020 55,Dubková,,Púchov,49.196899,18.153700
034 73,Liptovská Osada,,Ružomberok,48.949600,19.261801
966 71,Hámre - Horné Hámre,,Žarnovica,48.498001,18.666599
966 02,Vyhne,,Žiar nad Hronom,48.505699,18.801399
044 14,Gyňov,,Košice-okolie,48.588600,21.303699
951 12,Ivanka pri Nitre,,Nitra,48.243000,18.116199
951 74,Žirany,,Nitra,48.377701,18.175100
082 35,Štefanovce,,Prešov,49.041801,20.972700
020 72,Mojtín,,Púchov,49.196899,18.153700
985 45,Žihľava,,Poltár,48.223202,19.426201
980 04,Jestice,,Rimavská Sobota,48.219002,20.053600
067 77,Zemplínske Hámre,,Snina,48.919300,22.334000
023 32,Oškerda,,Kysucké Nové Mesto,49.277199,18.768000
027 32,Zuberec,,Tvrdošín,49.261600,19.614700
831 07,Vajnory,,Bratislava III,48.205601,17.207600
900 28,Zálesie,,Senec,48.166100,17.275000
941 03,Úľany nad Žitavou,,Nové Zámky,48.105900,18.237000
059 73,Žakovce,,Kežmarok,49.083199,20.397699
082 61,Ražňany,,Sabinov,49.082298,21.084999
067 66,Kolbasov,,Snina,49.006500,22.381901
925 07,Mostová,,Galanta,48.140099,17.676300
919 33,Trakovice,,Hlohovec,48.439301,17.711599
020 01,Nosice,,Púchov,49.196899,18.153700
032 34,Malužiná,,Liptovský Mikuláš,48.980400,19.768900
027 42,Podbiel,,Tvrdošín,49.308201,19.485001
044 18,Slanské Nové Mesto,,Košice-okolie,48.631401,21.523300
032 05,Smrečany,,Liptovský Mikuláš,49.119400,19.651800
935 04,Devičany,,Levice,48.322498,18.705400
086 01,Tarnov,,Bardejov,49.320400,21.171600
013 61,Kotešová,,Bytča,49.241402,18.599100
056 01,Gelnica,,Gelnica,48.855801,20.937099
980 55,Klenovec,,Rimavská Sobota,48.595600,19.890699
935 05,Majere,,Levice,48.331100,18.752001
972 22,Račice,,Prievidza,49.035500,18.887899
010 15,Žilina,,,49.223099,18.739401
059 79,Osturňa,,Kežmarok,49.330101,20.227200
053 03,Jablonov,,Levoča,49.016602,20.725599
023 51,Raková,,Čadca,49.444801,18.737900
831 04,Bratislava,,,48.148201,17.106701
935 27,Hronské Kosihy,,Levice,48.265800,18.595301
935 74,Pastovce,,Levice,47.967300,18.757401
922 03,Šípkové,,Piešťany,48.657501,17.718100
013 04,Dolná Tižina,,Žilina,49.215599,18.915701
966 23,Trubín,,Žiar nad Hronom,48.616501,18.784500
94110,Kendereš,,Nové Zámky,48.133301,17.983299
930 39,Čenkovce,,Dunajská Streda,48.106201,17.430099
018 35,Horná Poruba,,Ilava,49.113499,18.214399
956 33,Chynorany,,Partizánske,48.609001,18.209999
053 61,Žehra,,Spišská Nová Ves,48.895302,20.859400
943 52,Malá Mužla,,Nové Zámky,47.822701,18.547100
053 04,Studenec,,Levoča,49.012402,20.768999
929 01,Lidér Tejed,,Dunajská Streda,47.963902,17.646400
071 01,Vybúchanec,,Michalovce,48.820999,21.816900
943 59,Sikenička,,Nové Zámky,47.937302,18.681299
010 08,Žilina,,,49.223099,18.739401
900 61,Gajary,,Malacky,48.466702,16.933300
951 88,Vajka nad Žitavou,,Nitra,48.217201,18.285500
941 43,Dolný Ohaj,,Nové Zámky,48.082100,18.253000
840 09,Bratislava,,,48.148201,17.106701
044 31,Tepličany,,Košice-okolie,48.797001,21.257099
930 25,Nekyje na Ostrove,,Dunajská Streda,47.942902,17.601101
906 45,Štefanov,,Senica,48.679199,17.201000
919 05,Trstín,,Trnava,48.526798,17.465700
916 16,Hrachovište,,Nové Mesto n.Váhom,48.755901,17.709400
032 12,Dúbrava,,Liptovský Mikuláš,49.039101,19.495300
831 03,Bratislava,,,48.148201,17.106701
049 45,Jovice,,Rožňava,48.631001,20.549700
941 37,Štefan,,Nové Zámky,47.904202,18.416500
943 53,Ľubá,,Nové Zámky,47.849701,18.596500
086 22,Šiba,,Bardejov,49.232399,21.228399
916 42,Šance,,Nové Mesto n.Váhom,48.755901,17.709400
023 05,Harvelka,,Čadca,49.334900,19.045300
034 01,Štiavnička,,Ružomberok,49.069401,19.342100
968 01,Kostivrch,,Žarnovica,48.417999,18.613400
053 42,Krompachy,,Spišská Nová Ves,48.914501,20.875099
913 05,Kochanovce,,Trenčín,48.853100,17.925900
031 05,Liptovská Ondrašová,,Liptovský Mikuláš,49.094700,19.590900
029 01,Námestovo,,Námestovo,49.407902,19.480301
044 02,Dvorníky - Včeláre,,Košice-okolie,48.599098,20.860100
935 38,Lok,,Levice,48.183601,18.460600
925 72,Selice,,Šaľa,48.095798,17.964300
082 43,Suchá Dolina,,Prešov,48.915600,21.143299
920 66,Tepličky,,Hlohovec,48.466099,17.852200
024 01,Dubie,,Kysucké Nové Mesto,49.298000,18.761400
049 12,Bohúňovo,,Rožňava,48.514000,20.365101
935 71,Šalov,,Levice,48.003101,18.706900
925 42,Trstice,,Galanta,48.014500,17.808399
922 31,Sokolovce,,Piešťany,48.535599,17.843599
906 35,Plavecký Peter,,Senica,48.535999,17.325100
044 01,Drienovec,,Košice-okolie,48.610298,20.947500
941 21,Komoča,,Nové Zámky,47.948700,18.020300
956 21,Jacovce,,Topoľčany,48.594501,18.134701
925 03,Horné Saliby,,Galanta,48.123100,17.758900
925 54,Šalgočka,,Galanta,48.336201,17.813299
919 55,Kátlovce,,Trnava,48.524300,17.609900
032 42,Pribylina,,Liptovský Mikuláš,49.099499,19.794300
029 45,Rabčice,,Námestovo,49.507301,19.523800
038 48,Turček,,Turčianske Teplice,48.760799,18.916100
991 02,Vieska,,Veľký Krtíš,48.261299,19.466600
941 35,Dvor Mikuláš,,Nové Zámky,47.958099,18.411900
925 83,Žihárec,,Šaľa,48.072300,17.886700
082 32,Lažany,,Prešov,49.035999,21.098499
925 06,Čierna Voda,,Galanta,48.129002,17.651501
013 41,Dolný Hričov,,Žilina,49.231899,18.633301
976 61,Lučatín,,Banská Bystrica,48.782799,19.320000
960 01,Kráľová,,Zvolen,48.492199,19.182301
962 63,Zaježová,,Zvolen,48.459400,19.212000
045 01,Mokrance,,Košice-okolie,48.596001,21.020399
951 92,Lovce,,Zlaté Moravce,48.444599,18.363300
094 07,Pakostov,,Humenné,49.092400,21.824699
946 52,Imeľ,,Komárno,47.903999,18.141701
941 11,Palárikovo,,Nové Zámky,48.043701,18.072001
059 21,Svit,,Poprad,49.060101,20.206900
920 03,Šulekovo,,Hlohovec,48.431801,17.774500
015 01,Rajec,,Žilina,49.089001,18.640100
065 32,Kamienka,,Stará Ľubovňa,49.332401,20.614599
916 24,Horná Streda,,Nové Mesto n.Váhom,48.755901,17.709400
023 55,Jedľovník,,Čadca,49.374401,18.540100
023 34,Kysucký Lieskovec,,Kysucké Nové Mesto,49.338799,18.816099
974 09,Banská Bystrica,,,48.739498,19.153500
059 54,Tatranská Kotlina,,Poprad,49.227699,20.321301
038 22,Rudno,,Turčianske Teplice,48.885601,18.745399
935 51,Bajka,,Levice,48.150600,18.517900
941 22,Zemné,,Nové Zámky,47.983601,17.994900
851 01,Bratislava,,,48.148201,17.106701
946 37,Moča,,Komárno,47.761002,18.407900
943 56,Bíňa,,Nové Zámky,47.922401,18.641600
925 71,Kľučiareň,,Šaľa,48.151901,17.945900
945 05,Komárno,,,47.763599,18.122601
059 18,Kravany,,Poprad,48.996799,20.201700
082 42,Ruské Pekľany,,Prešov,48.901402,21.187901
925 21,Malá Mača,,Galanta,48.222198,17.639400
935 02,Kamenný Chotár,,Levice,48.266701,18.750000
913 26,Petrova Lehota,,Trenčín,48.849998,17.949200
090 24,Malá Poľana,,Stropkov,49.280201,21.823500
908 80,Sekule,,Senica,48.601002,17.003799
022 01,Čadečka,,Čadca,49.451099,18.794399
951 77,Ladice,,Zlaté Moravce,48.395599,18.261999
065 12,Jakubany,,Stará Ľubovňa,49.248100,20.695900
906 11,Podhorie,,Senica,48.674099,17.441500
908 78,Kuklov,,Senica,48.639000,17.072599
958 44,Klátova Nová Ves,,Partizánske,48.408401,18.153700
039 01,Čremošné,,Turčianske Teplice,48.848000,18.904200
851 06,Bratislava,,,48.148201,17.106701
943 42,Arad,,Nové Zámky,47.879101,18.472700
976 39,Donovaly,,Banská Bystrica,48.700699,19.172100
065 01,Forbasy,,Stará Ľubovňa,49.296501,20.610701
090 31,Jakušovce,,Stropkov,49.158001,21.749800
919 09,Bohdanovce n/Trnavou,,Trnava,48.431198,17.531300
985 06,Utekáč,,Poltár,48.605000,19.804100
821 08,Bratislava,,,48.148201,17.106701
946 15,Tôň,,Komárno,47.804401,17.837500
956 12,Belince,,Topoľčany,48.459702,18.101299
916 27,Častkovce,,Nové Mesto n.Váhom,48.755901,17.709400
972 41,Šajby,,Prievidza,49.035500,18.887899
976 64,Braväcovo,,Brezno,48.835400,19.758400
966 03,Repište,,Žiar nad Hronom,48.515598,18.846500
055 61,Jaklovce,,Gelnica,48.871700,20.988001
956 19,Krnča,,Topoľčany,48.544300,18.249399
981 01,Hačava,,Rimavská Sobota,48.625198,19.951099
049 71,Stratená,,Rožňava,48.871201,20.338400
935 61,Hronovce,,Levice,48.005001,18.659599
094 06,Girovce,,Vranov nad Topľou,49.013599,21.758499
962 55,Rykynčice,,Krupina,48.204201,18.971500
044 11,Ždaňa,,Košice-okolie,48.601299,21.349100
049 21,Betliar,,Rožňava,48.702702,20.508101
076 02,Kysta,,Trebišov,48.513500,21.720100
936 01,Hrkovce,,Levice,48.088402,18.902700
086 44,Želmanovce,,Svidník,49.118198,21.428301
930 10,Dolný Štál,,Dunajská Streda,47.933300,17.716700
018 64,Nozdrovice,,Ilava,49.113499,18.214399
013 42,Horný Hričov,,Žilina,49.258202,18.663099
985 57,Nitra nad Ipľom,,Lučenec,48.318199,19.773701
982 65,Ratkovská Lehota,,Rimavská Sobota,48.562401,20.099899
841 05,Bratislava,,,48.148201,17.106701
059 01,Strážky,,Kežmarok,49.174400,20.455799
906 07,Šajdíkove Humence,,Senica,48.654301,17.267599
972 71,Nováky,,Prievidza,49.035500,18.887899
976 02,Valentová,,Banská Bystrica,48.839100,19.114799
935 36,Beša,,Levice,48.143398,18.400801
067 68,Nová Sedlica,,Snina,49.044102,22.514900
911 01,Kubrá,,Trenčín,48.894501,18.044399
024 04,Kysucké Nové Mesto,,,49.299999,18.783300
076 12,Dancov Potok,,Trebišov,48.562801,21.563101
935 85,Sazdice,,Levice,48.088100,18.796900
093 03,Davidov,,Vranov nad Topľou,48.826500,21.631001
094 12,Juskova Voľa,,Vranov nad Topľou,48.879398,21.568501
017 06,Milochov,,Považská Bystrica,49.208801,18.678600
013 55,Čierne,,Bytča,49.493599,18.819500
980 31,Gemerček,,Rimavská Sobota,48.317902,19.991400
900 50,Kráľová pri Senci,,Senec,48.354099,17.085501
067 22,Ohradzany,,Humenné,48.995300,21.845100
059 13,Machalovce,,Poprad,49.016701,20.450001
908 48,Kopčany,,Skalica,48.787201,17.113501
919 08,Klčovany,,Trnava,48.454300,17.503599
013 19,Jasenové,,Žilina,49.110600,18.636499
049 34,Slavoška,,Rožňava,48.728199,20.336800
946 01,Balvany,,Komárno,47.830200,18.022400
946 39,Iža,,Komárno,47.751999,18.227600
059 85,Štrbské Pleso,,Poprad,49.119400,20.062901
925 22,Nové Osady,,Galanta,48.172199,17.553801
908 45,Gbely,,Skalica,48.717999,17.116301
980 11,Ožďany,,Rimavská Sobota,48.378201,19.891600
966 11,Kľačany,,Žiar nad Hronom,48.607700,18.963499
831 53,Bratislava,,,48.148201,17.106701
044 24,Poproč,,Košice-okolie,48.711700,20.975201
919 51,Špačince,,Trnava,48.440201,17.607401
972 21,Nitrianske Sučany,,Prievidza,49.035500,18.887899
034 92,Stankovany,,Ružomberok,49.142300,19.173901
811 09,Bratislava,,,48.148201,17.106701
072 55,Svätuš,,Sobrance,48.684601,22.141300
076 51,Pribeník,,Trebišov,48.392899,22.003000
930 05,Gabčíkovo,,Dunajská Streda,47.892101,17.578800
926 01,Horný Čepeň,,Galanta,48.312599,17.720501
916 41,Dolné Srnie,,Nové Mesto n.Váhom,48.755901,17.709400
972 44,Kamenec pod Vtáč.,,Prievidza,49.035500,18.887899
946 16,Bodza,,Komárno,47.836399,17.829201
935 66,Farná,,Levice,48.005798,18.511200
919 42,Voderady,,Trnava,48.277000,17.559401
032 14,Fiačice,,Liptovský Mikuláš,49.067902,19.500299
976 51,Bruchačka,,Brezno,48.718601,19.625000
925 28,Pusté Úľany,,Galanta,48.231499,17.573900
023 11,Zákopčie,,Čadca,49.407299,18.731800
031 01,Palúdzka,,Liptovský Mikuláš,49.081501,19.596201
027 44,Medvedzie,,Tvrdošín,49.330299,19.545099
985 05,Kokava nad Rimavicou,,Poltár,48.568901,19.843500
850 09,Bratislava,,,48.148201,17.106701
044 54,Železiarne,,Košice II,48.579700,21.229900
044 13,Valaliky,,Košice-okolie,48.635799,21.298800
941 10,Dolný Jatov,,Nové Zámky,48.133301,18.033300
925 52,Šoporňa,,Galanta,48.253700,17.816601
919 34,Biely Kostol,,Trnava,48.367500,17.530399
020 53,Pasiečka,,Púchov,49.196899,18.153700
976 57,Michalová,,Brezno,48.767899,19.780899
987 01,Poltár,,Poltár,48.430901,19.794100
900 66,Vysoká pri Morave,,Malacky,48.329399,16.911900
053 63,Vítkovce,,Spišská Nová Ves,48.927502,20.722500
935 06,Jabloňovce,,Levice,48.292301,18.733900
082 67,Terňa,,Prešov,49.109699,21.238701
925 04,Tomášikovo,,Galanta,48.084400,17.691500
908 01,Kúty,,Senica,48.660000,17.028200
059 14,Spišský Štiavnik,,Poprad,48.993698,20.358500
065 46,Závodie,,Stará Ľubovňa,49.332001,20.802799
900 32,Borinka,,Malacky,48.262100,17.085800
946 35,Búč,,Komárno,47.807598,18.446600
951 93,Machulince,,Zlaté Moravce,48.411800,18.432199
094 14,Sečovská Polianka,,Vranov nad Topľou,48.782398,21.683901
900 26,Slovenský Grob,,Pezinok,48.257599,17.274300
072 31,Trnava pri Laborci,,Michalovce,48.817902,21.931900
059 04,Spišské Hanušovce,,Kežmarok,49.331001,20.344801
059 81,Dolný Smokovec,,Poprad,49.126999,20.250500
922 04,Dolný Lopašov,,Piešťany,48.574100,17.646299
908 77,Borský Peter,,Senica,48.640598,17.223101
962 68,Hontianske Tesáre,,Krupina,48.204102,18.920300
982 52,Vyšná Kaloša,,Rimavská Sobota,48.432598,20.224701
900 88,Doľany,,Pezinok,48.416100,17.375700
076 42,Veľké Trakany,,Trebišov,48.391499,22.088600
067 16,Oľšinkov,,Medzilaborce,49.199799,22.039301
908 71,Moravský Svätý Ján,,Senica,48.591599,17.002199
038 47,Sklené,,Turčianske Teplice,48.786201,18.829500
946 13,Okoličná na Ostrove,,Komárno,47.803799,17.920900
059 52,Veľká Lomnica,,Kežmarok,49.112499,20.360100
067 61,Stakčínska Roztoka,,Snina,48.999500,22.240999
067 81,Belá nad Cirochou,,Snina,48.974998,22.107599
920 01,Koplotovce,,Hlohovec,48.477798,17.808201
023 21,Vyšná Korňa,,Čadca,49.432999,18.522900
980 22,Veľký Blh,,Rimavská Sobota,48.445301,20.116501
980 53,Lehota nad Rimavicou,,Rimavská Sobota,48.506500,19.938299
055 66,Úhorná,,Gelnica,48.705898,20.675100
044 20,Bukovec,,Košice-okolie,48.710300,21.151800
072 04,Trhovište,,Michalovce,48.698200,21.804701
053 01,Harichovce,,Spišská Nová Ves,49.003300,20.747101
086 36,Nižná Polianka,,Bardejov,49.404301,21.401400
067 34,Osadné,,Snina,49.140701,22.152500
930 41,Hviezdoslavov,,Dunajská Streda,48.067902,17.347900
919 02,Dolné Orešany,,Trnava,48.439701,17.429399
919 61,Ružindol,,Trnava,48.371799,17.491100
976 69,Pohorelská Maša,,Brezno,48.845901,20.033600
080 05,Ruská Nová Ves,,Prešov,48.977299,21.324400
090 01,Kapišová,,Svidník,49.345699,21.594101
811 08,Bratislava,,,48.148201,17.106701
049 22,Gemerská Poloma,,Rožňava,48.757198,20.392300
090 34,Vyšný Hrabovec,,Stropkov,49.089199,21.687700
034 91,Švošov,,Ružomberok,49.123699,19.197800
034 96,Studničná,,Ružomberok,49.135101,19.265499
072 63,Koňuš,,Sobrance,48.776299,22.269100
966 54,Tekovské Nemce,,Zlaté Moravce,48.356098,18.530100
921 01,Piešťany,,Piešťany,48.594799,17.825899
018 15,Počarová,,Považská Bystrica,49.113499,18.214399
900 55,Lozorno,,Malacky,48.333599,17.043200
067 02,Sukov,,Medzilaborce,49.219101,21.874500
919 31,Jas.Bohunice-At.el.,,Trnava,48.440601,17.636900
962 31,Rybáre,,Zvolen,48.611900,19.152201
906 38,Rohožník,,Malacky,48.456799,17.167601
851 04,Bratislava,,,48.148201,17.106701
956 34,Ostratice,,Partizánske,48.609001,18.209999
034 95,Martinček,,Ružomberok,49.091702,19.339001
976 53,Sihla,,Brezno,48.657200,19.646601
906 02,Dojč,,Senica,48.677502,17.254299
972 43,Dolné Lelovce,,Prievidza,49.035500,18.887899
040 22,Košice,,,48.713902,21.258101
018 52,Dulov,,Ilava,48.934799,18.146299
976 03,Dolný Harmanec,,Banská Bystrica,48.821800,19.033300
049 16,Gemerský Milhosť,,Revúca,48.633099,20.245800
962 61,Dobrá Niva,,Zvolen,48.470798,19.105600
935 56,Dobogov,,Levice,48.157398,18.651501
906 13,Hurbanova Dolina,,Myjava,48.641800,17.456400
991 41,Čelovce,,Veľký Krtíš,48.183201,19.143299
820 01,Bratislava,,,48.148201,17.106701
072 06,Hradištská Moľva,,Michalovce,48.574100,21.809900
076 53,Boľ,,Trebišov,48.472801,21.944500
930 13,Trhová Hradská,,Dunajská Streda,47.990002,17.761101
018 41,Prejta,,Ilava,49.113499,18.214399
013 54,Škoruby,,Bytča,49.287498,18.520100
976 66,Hámor,,Brezno,48.549999,19.850000
951 24,Kapince,,Nitra,48.433601,17.982201
951 33,Hájske,,Šaľa,48.282501,17.912500
086 37,Cigla,,Svidník,49.359798,21.397100
067 33,Nechválova Polianka,,Humenné,49.069901,22.061199
067 67,Ulič,,Snina,48.958801,22.428101
908 64,Chropov,,Skalica,48.774200,17.318199
901 01,Záhorie,,Malacky,48.427299,17.009001
072 03,Lučkovce,,Michalovce,48.718700,21.793100
049 52,Silica,,Rožňava,48.555500,20.522100
052 01,Teplička,,Spišská Nová Ves,48.909199,20.589701
962 12,Stožok,,Detva,48.529202,19.358000
076 03,Sirník,,Trebišov,48.519600,21.801701
935 82,Plášťovce,,Levice,48.159000,18.978500
951 76,Choča,,Zlaté Moravce,48.356800,18.324100
955 03,Topoľčany,,,48.563599,18.167101
958 41,Kolačno,,Partizánske,48.408401,18.153700
072 44,Blatná Polianka,,Sobrance,48.689499,22.105900
935 32,Kalná,,Levice,48.197800,18.519800
951 61,Čifáre,,Nitra,48.232399,18.391600
094 34,Hermanovce n/ Topľou,,Vranov nad Topľou,49.004101,21.555099
028 01,Trstená,,Tvrdošín,49.361000,19.612499
840 02,Bratislava,,,48.148201,17.106701
044 43,Budimír,,Košice-okolie,48.799500,21.301600
072 14,Vysocký Dvor,,Michalovce,48.632301,22.100300
976 44,Mýto pod Ďumbierom,,Brezno,48.787102,19.558701
059 72,Vlková,,Kežmarok,49.059200,20.430599
018 53,Bolešov,,Ilava,48.934799,18.146299
018 54,Tlstá Hora,,Ilava,48.934799,18.146299
985 25,Uhorské,,Poltár,48.471802,19.749001
951 32,Horná Kráľová,,Šaľa,48.245300,17.913099
053 02,Doľany,,Levoča,49.013100,20.655500
094 33,Vyšný Žipov,,Vranov nad Topľou,48.984699,21.587799
922 05,Chtelnica,,Piešťany,48.569099,17.623100
914 43,Dolná Poruba,,Trenčín,48.479301,17.612000
976 55,Strelníky,,Banská Bystrica,48.722900,19.392200
985 02,Mládzovo,,Poltár,48.438202,19.704000
991 06,Vrbovka,,Veľký Krtíš,48.090500,19.408701
966 61,Hámre - Dolné Hámre,,Žarnovica,48.461601,18.742599
076 72,Ižkovce,,Michalovce,48.556999,21.956400
951 95,Obyce,,Zlaté Moravce,48.427399,18.456301
920 62,Horné Otrokovce,,Hlohovec,48.436501,17.884701
972 14,Tužina,,Prievidza,49.035500,18.887899
985 01,Hrabovo,,Poltár,48.389900,19.718000
044 57,Haniska,,Košice-okolie,48.619900,21.251600
076 32,Bara,,Trebišov,48.425598,21.716101
935 41,Medvecké,,Levice,48.154800,18.577499
059 51,Matejovce,,Poprad,49.079899,20.327999
018 17,Jasenica,,Považská Bystrica,49.113499,18.214399
951 45,Horné Lefantovce,,Nitra,48.424000,18.143499
941 33,Kolta,,Nové Zámky,48.017399,18.412399
058 01,Filice,,Poprad,49.028099,20.318399
018 32,Košecké Rovné,,Ilava,49.113499,18.214399
018 51,Malý Kolačín,,Ilava,48.934799,18.146299
972 17,Kanianka,,Prievidza,49.035500,18.887899
032 15,Malatíny,,Liptovský Mikuláš,49.069199,19.459200
034 74,Liptovské Revúce,,Ružomberok,48.920601,19.179800
980 26,Babinec,,Rimavská Sobota,48.512199,20.004900
082 05,Varhaňovce,,Prešov,48.855598,21.358801
018 57,Mikušovce,,Ilava,48.934799,18.146299
020 52,Mestečko,,Púchov,49.196899,18.153700
027 55,Dlhá nad Oravou,,Dolný Kubín,49.266701,19.450001
980 33,Hajnáčka,,Rimavská Sobota,48.218399,19.957800
962 01,Slatinka,,Zvolen,48.555401,19.210300
076 71,Čičarovce,,Michalovce,48.540001,22.027201
080 01,Malý Šariš,,Prešov,49.009899,21.183001
082 53,Močarmany,,Prešov,48.911999,21.259701
972 15,Kľačno,,Prievidza,49.035500,18.887899
027 21,Žaškov,,Dolný Kubín,49.172401,19.217400
985 31,Kalonda,,Lučenec,48.259602,19.656200
094 23,Merník,,Vranov nad Topľou,48.948299,21.643400
972 45,Chalmová,,Prievidza,49.035500,18.887899
013 23,Višňové,,Žilina,49.160801,18.784300
969 81,Štiavnické Bane,,Banská Štiavnica,48.439400,18.855499
900 46,Most pri Bratislave,,Senec,48.141998,17.270901
040 01,Vyšné Opátske,,Košice IV,48.703300,21.290300
065 11,Nová Ľubovňa,,Stará Ľubovňa,49.270199,20.683500
925 92,Paľovce,,Galanta,48.163898,17.807699
913 04,Velčice,,Trenčín,48.851101,17.922800
023 14,Skalité,,Čadca,49.496601,18.897100
038 31,Vrícko,,Martin,48.970001,18.704800
010 07,Žilina,,,49.223099,18.739401
962 04,Korytárky,,Detva,48.528198,19.448299
980 35,Petrovce,,Rimavská Sobota,48.185398,20.020500
053 31,Novoveská Huta,,Spišská Nová Ves,48.831200,20.613899
951 52,Vieska nad Žitavou,,Zlaté Moravce,48.318298,18.360100
082 66,Hubošovce,,Sabinov,49.096401,21.205400
018 26,Plevník - Drienové,,Považská Bystrica,49.113499,18.214399
029 43,Zubrohlava,,Námestovo,49.445400,19.511700
034 72,Liptovská Lúžna,,Ružomberok,48.941002,19.323799
076 43,Čierna,,Trebišov,48.417000,22.088699
951 21,Rišňovce,,Nitra,48.368599,17.893299
082 76,Oľšov,,Sabinov,49.180000,20.879499
925 55,Vinohrady nad Váhom,,Galanta,48.285500,17.815100
020 71,Nimnica,,Púchov,49.196899,18.153700
027 43,Nižná,,Tvrdošín,49.310501,19.524300
013 22,Rosina,,Žilina,49.183300,18.766701
900 91,Limbach,,Pezinok,48.289700,17.223400
831 52,Bratislava,,,48.148201,17.106701
059 78,Veľká Franková,,Kežmarok,49.338299,20.293699
906 31,Hlboké,,Senica,48.659199,17.406799
958 04,Malé Bielice,,Partizánske,48.408401,18.153700
913 32,Polníky,,Trenčín,48.849998,17.949200
976 37,Hrochoť,,Banská Bystrica,48.655701,19.312799
811 05,Bratislava,,,48.148201,17.106701
941 32,Čechy,,Nové Zámky,48.035198,18.373301
059 41,Tatranská Štrba,,Poprad,49.087502,20.073099
059 42,Gerlachov,,Poprad,49.027000,20.080999
067 72,Kalná Roztoka,,Snina,48.968300,22.324200
916 37,Kálnica,,Nové Mesto n.Váhom,48.755901,17.709400
038 11,Belá - Dulice,,Martin,49.001598,18.979900
941 01,Bánov,,Nové Zámky,48.046600,18.188101
059 71,Hradisko,,Kežmarok,49.057499,20.523300
922 07,Pečeňady,,Piešťany,48.484901,17.720200
956 54,Malá Hradná,,Bánovce nad Bebravou,48.532001,18.079399
972 24,Vrbany,,Prievidza,49.035500,18.887899
013 12,Turie,,Žilina,49.149101,18.749800
990 01,Veľký Krtíš,,Veľký Krtíš,48.210602,19.350401
966 41,Veľká Lehota,,Žarnovica,48.460800,18.560699
900 68,Plavecký Štvrtok,,Malacky,48.375099,16.998600
811 06,Bratislava,,,48.148201,17.106701
076 17,Nižný Žipov,,Trebišov,48.582100,21.637699
941 23,Andovce,,Nové Zámky,47.993401,18.105101
916 12,Hrnčiarové,,Nové Mesto n.Váhom,48.755901,17.709400
958 01,Partizánske,,,48.408401,18.153700
027 54,Revišné,,Dolný Kubín,49.219898,19.240999
969 72,Svätý Anton,,Banská Štiavnica,48.419201,18.940100
966 78,Hrabičov,,Žarnovica,48.534000,18.666100
076 75,Veľké Raškovce,,Michalovce,48.555401,21.910700
049 44,Hrhov,,Rožňava,48.606300,20.750700
082 16,Záhradné,,Prešov,49.090801,21.269400
065 43,Andrejovka,,Stará Ľubovňa,49.287601,20.897301
913 24,Veľká Hradná,,Trenčín,48.849998,17.949200
049 36,Slavošovce,,Rožňava,48.713001,20.282200
951 73,Jelenec,,Nitra,48.378399,18.223499
066 01,Kochanovce,,Humenné,48.952900,21.942301
067 82,Dlhé nad Cirochou,,Snina,48.959900,22.062300
925 62,Váhovce,,Galanta,48.249199,17.785400
049 11,Vidová,,Rožňava,48.563400,20.441099
935 63,Čata,,Levice,47.953602,18.651501
951 78,Kolíňany,,Nitra,48.360600,18.196899
082 14,Čelovce,,Prešov,49.079700,21.399700
958 45,Veľký Klíž,,Partizánske,48.408401,18.153700
980 52,Vyšný Skálnik,,Rimavská Sobota,48.464199,19.964199
966 01,Bukovina,,Žiar nad Hronom,48.535999,18.732599
044 19,Ďurkov,,Košice-okolie,48.694401,21.419701
943 54,Svodín,,Nové Zámky,47.910500,18.499701
082 37,Široké,,Prešov,48.997898,20.940701
083 01,Jakovany,,Sabinov,49.153000,21.071301
958 53,Skačany,,Partizánske,48.408401,18.153700
962 41,Bzovík,,Krupina,48.321499,19.091801
900 62,Kostolište,,Malacky,48.450001,16.983299
980 46,Gemerská Panica,,Rožňava,48.472599,20.350401
065 48,Šarišské Jastrabie,,Stará Ľubovňa,49.242901,20.908899
980 03,Šimonovce,,Rimavská Sobota,48.273701,20.112499
966 42,Malá Lehota,,Žarnovica,48.496399,18.567301
055 64,Mníšek nad Hnilcom,,Gelnica,48.804100,20.804800
935 39,Mochovce - elektráreň,,Levice,48.186901,18.473900
919 53,Dechtice,,Trnava,48.546902,17.596701
982 51,Barca,,Rimavská Sobota,48.374500,20.230301
935 69,Plavé Vozokany,,Levice,48.070900,18.465799
951 72,Neverice,,Zlaté Moravce,48.366600,18.274599
086 31,Bardejovské Kúpele,,Bardejov,49.329498,21.269699
090 22,Oľšavka,,Stropkov,49.291500,21.688000
930 52,Horná Potôň - Lúky,,Dunajská Streda,48.090801,17.513100
922 02,Krakovany,,Piešťany,48.612000,17.752300
919 27,Dolné Lovčice,,Trnava,48.366501,17.676300
980 51,Veľké Teriakovce,,Rimavská Sobota,48.433201,19.966299
900 42,Alžbetin Dvor,,Senec,48.086700,17.271700
841 02,Bratislava,,,48.148201,17.106701
951 71,Dolné Sľažany,,Zlaté Moravce,48.383701,18.325600
932 01,Veľký Meder,,Dunajská Streda,47.858002,17.768801
922 41,Drahovce,,Piešťany,48.515900,17.802900
919 03,Horné Orešany,,Trnava,48.467400,17.441000
919 26,Zavar,,Trnava,48.352798,17.673800
018 55,Tuchyňa,,Ilava,48.934799,18.146299
914 01,Dobrá,,Trenčín,48.479301,17.612000
014 01,Veľká Bytča,,Bytča,49.216702,18.566700
044 73,Nižný Lánec,,Košice-okolie,48.536201,21.109400
086 06,Malcov,,Bardejov,49.304699,21.059601
082 56,Pečovská Nová Ves,,Sabinov,49.123798,21.043699
976 34,Kordíky,,Banská Bystrica,48.771801,19.021999
049 14,Licince,,Revúca,48.539398,20.298100
935 55,Hontianska Vrbica,,Levice,48.134800,18.703600
059 38,Štrba,,Poprad,49.059101,20.079700
067 73,Dúbrava,,Snina,48.901901,22.336399
065 42,Obručné,,Stará Ľubovňa,49.303001,20.981701
900 51,Zohor,,Malacky,48.316700,16.983299
900 85,Vištuk,,Pezinok,48.333401,17.399401
013 53,Setechov,,Bytča,49.257900,18.492500
076 14,Michaľany,,Trebišov,48.515900,21.623400
076 81,Čerhov,,Trebišov,48.463299,21.647100
935 86,Hontianske Trsťany,,Levice,48.131401,18.869801
067 13,Zbojné,,Medzilaborce,49.069000,21.991600
067 23,Baškovce,,Humenné,49.032501,21.836700
032 02,Závažná Poruba,,Liptovský Mikuláš,49.054001,19.649099
946 31,Chotín,,Komárno,47.807098,18.226900
951 26,Šurianky,,Nitra,48.421902,18.023100
951 51,Nová Ves nad Žitavou,,Nitra,48.290298,18.323099
956 22,Nemečky,,Topoľčany,48.672901,18.117201
094 01,Štefanovce,,Vranov nad Topľou,48.959801,21.773100
919 23,Vlčkovce,,Trnava,48.317001,17.649700
049 64,Železník,,Revúca,48.633301,20.133301
966 04,Prochot,,Žiar nad Hronom,48.609299,18.707800
053 15,Hrabušice,,Spišská Nová Ves,48.975601,20.408600
943 04,Obid,,Nové Zámky,47.778000,18.647100
038 40,Žabokreky,,Martin,49.024300,18.923800
900 90,Dubová,,Pezinok,48.366798,17.339701
059 56,Tatranská Javorina,,Poprad,49.274601,20.159100
090 32,Miňovce,,Stropkov,49.134499,21.651899
930 08,Vrbina,,Dunajská Streda,47.825699,17.714399
930 36,Čečínska Potôň,,Dunajská Streda,48.034401,17.511200
908 44,Letničie,,Skalica,48.711498,17.179100
909 01,Skalica,,Skalica,48.844898,17.226400
038 54,Ratkovo,,Martin,49.133301,19.083300
013 11,Lietavská Lúčka,,Žilina,49.173100,18.713900
976 81,Chvatimech,,Brezno,48.811699,19.548401
059 86,Nová Lesná,,Poprad,49.122501,20.267401
956 55,Otrhánky,,Bánovce nad Bebravou,48.532001,18.079399
972 26,Rudnianska Lehota,,Prievidza,49.035500,18.887899
976 46,Valaská,,Brezno,48.807598,19.570999
980 34,Studená,,Rimavská Sobota,48.159801,19.959600
053 23,Poráč,,Spišská Nová Ves,48.884201,20.723900
935 81,Horné Turovce,,Levice,48.125599,18.948601
956 01,Lipovník,,Topoľčany,48.569199,18.011000
060 01,Malý Slavkov,,Kežmarok,49.136799,20.388800
090 23,Vyšná Vladiča,,Stropkov,49.301800,21.777901
013 56,Hvozdnica,,Bytča,49.210400,18.489401
023 52,Olešná,,Čadca,49.423599,18.676201
985 51,Dolná Bzová,,Detva,48.522800,19.503901
053 40,Slovinky,,Spišská Nová Ves,48.881001,20.837000
946 54,Bajč,,Komárno,47.926201,18.207399
941 48,Podhájska,,Nové Zámky,48.102001,18.339701
086 33,Stebnícka Huta,,Bardejov,49.408401,21.250999
919 32,Opoj,,Trnava,48.302101,17.643801
900 65,Záhorská Ves,,Malacky,48.383301,16.850000
957 03,Ľutov,,Bánovce nad Bebravou,48.408401,18.153700
038 35,Valča,,Martin,49.001801,18.844999
985 12,Tuhár,,Lučenec,48.429298,19.505400
992 01,Modrý Kameň,,Veľký Krtíš,48.241299,19.334900
811 04,Bratislava,,,48.148201,17.106701
072 54,Pinkovce,,Sobrance,48.608002,22.184999
072 51,Krčava,,Sobrance,48.682999,22.245800
053 13,Hadušovce,,Spišská Nová Ves,48.968201,20.474199
053 62,Bystrany,,Spišská Nová Ves,48.948700,20.759800
076 16,Stanča,,Trebišov,48.569698,21.656099
943 57,Kamenín,,Nové Zámky,47.888401,18.643101
067 83,Kamienka,,Humenné,48.906200,22.000999
922 10,Trebatice,,Piešťany,48.596500,17.751499
916 11,Cetuna,,Nové Mesto n.Váhom,48.755901,17.709400
965 01,Ladomerská Vieska,,Žiar nad Hronom,48.589199,18.880400
946 51,Nesvady,,Komárno,47.928200,18.126801
930 40,Čakany,,Dunajská Streda,48.118000,17.366199
958 43,Nedanovce,,Partizánske,48.408401,18.153700
972 32,Brusno,,Prievidza,49.136299,19.629499
962 44,Lackov,,Krupina,48.321400,19.186899
946 34,Bátorove Kosihy,,Komárno,47.829399,18.420200
941 44,Vlkas,,Nové Zámky,48.127399,18.277800
930 31,Vojka nad Dunajom,,Dunajská Streda,47.973499,17.381500
925 01,Matúškovo,,Galanta,48.168400,17.731800
985 52,Divín,,Lučenec,48.449902,19.535299
044 26,Štós - kúpele,,Košice-okolie,48.721100,20.791201
956 16,Nitrianska Streda,,Topoľčany,48.517799,18.175100
906 05,Sobotište,,Senica,48.735100,17.407301
916 13,Vaďovce,,Nové Mesto n.Váhom,48.755901,17.709400
913 08,Nová Bošáca,,Nové Mesto n.Váhom,48.851101,17.922800
913 22,Kostolné Mitice,,Trenčín,48.849998,17.949200
976 71,Šumiac,,Brezno,48.840099,20.129700
044 16,Blažice,,Košice-okolie,48.667198,21.410601
072 61,Kolibabovce,,Sobrance,48.719601,22.258600
906 03,Koválov,,Senica,48.704102,17.281799
906 15,Priepasné,,Myjava,48.641800,17.456400
010 04,Hôrky,,Žilina,49.204700,18.693100
044 23,Rudník,,Košice-okolie,48.694599,21.009701
951 48,Jarok,,Nitra,48.275398,17.959101
086 11,Komárov,,Bardejov,49.280998,21.348499
908 49,Kátov,,Skalica,48.830299,17.169901
907 01,Brestovec,,Myjava,48.794102,17.566299
034 81,Lisková,,Ružomberok,49.090199,19.353701
991 03,Suché Brezovo,,Veľký Krtíš,48.308800,19.358299
831 02,Bratislava,,,48.148201,17.106701
040 17,Barca,,Košice IV,48.681301,21.261801
951 85,Skýcov,,Zlaté Moravce,48.502899,18.420799
080 06,Nižná Šebastová,,Prešov,49.018600,21.283800
090 33,Bžany,,Stropkov,49.091400,21.638300
040 11,Lorinčík,,Košice II,48.689800,21.193199
094 31,Prosačov,,Vranov nad Topľou,49.043598,21.534901
922 11,Pustá Ves,,Piešťany,48.637402,17.633499
034 03,Vlkolínec,,Ružomberok,49.039501,19.277700
013 06,Terchová,,Žilina,49.258999,19.029400
841 08,Bratislava,,,48.148201,17.106701
850 00,Bratislava,,,48.148201,17.106701
044 15,Vyšná Myšľa,,Košice-okolie,48.635300,21.388901
949 01,Nitra - Staré Mesto,,Nitra,48.314701,18.052700
927 05,Dlhá nad Váhom,,Šaľa,48.171902,17.864300
953 01,Chyzerovce,,Zlaté Moravce,48.368198,18.389601
053 05,Korytné,,Levoča,49.010899,20.837601
916 33,Lúka,,Nové Mesto n.Váhom,48.745098,17.535400
913 25,Bobotská Lehota,,Trenčín,48.849998,17.949200
086 45,Dubie,,Bardejov,49.170502,21.361300
059 55,Ždiar,,Poprad,49.271000,20.262400
930 07,Medveďov,,Dunajská Streda,47.800301,17.665100
908 46,Unín,,Skalica,48.725201,17.214500
913 23,Dubodiel,,Trenčín,48.849998,17.949200
029 62,Oravské Veselé,,Námestovo,49.466000,19.383400
013 18,Podhorie,,Žilina,49.172501,18.643999
072 42,Ruskovce,,Sobrance,48.778000,22.163500
952 01,Melek,,Nitra,48.201698,18.327700
916 31,Beckovská Vieska,,Nové Mesto n.Váhom,48.766701,17.883301
034 71,Ludrová,,Ružomberok,49.049999,19.333300
991 28,Dolinka,,Veľký Krtíš,48.089100,19.153200
935 37,Horný Pial,,Levice,48.155399,18.450399
951 46,Bádice,,Nitra,48.398998,18.125500
082 15,Chmeľov,,Prešov,49.068001,21.438101
972 05,Sebedražie,,Prievidza,48.934799,18.146299
044 61,Zlatá Idka,,Košice-okolie,48.753399,21.004700
946 32,Krátke Kesy,,Komárno,47.786999,18.271799
913 38,Soblahov,,Trenčín,48.849998,17.949200
976 63,Predajná,,Brezno,48.816898,19.460899
076 22,Hriadky,,Trebišov,48.699100,21.708900
943 65,Bajtava,,Nové Zámky,47.855900,18.749399
013 24,Nezbudská Lúčka,,Žilina,49.173698,18.867901
982 67,Krokava,,Rimavská Sobota,48.629799,20.026501
055 71,Žakarovce,,Gelnica,48.878601,20.924101
935 65,Veľké Ludince,,Levice,47.962700,18.511400
956 31,Horné Chlebany,,Topoľčany,48.605499,18.224600
029 44,Rabča,,Námestovo,49.486000,19.476200
034 83,Madočany,,Ružomberok,49.109798,19.409201
900 44,Malý Madaras,,Senec,48.142300,17.372400
840 08,Bratislava,,,48.148201,17.106701
949 11,Klokočina,,Nitra,48.301899,18.072500
906 21,Jablonka,,Myjava,48.636299,17.346399
913 03,Drietoma,,Trenčín,48.851101,17.922800
811 02,Bratislava,,,48.148201,17.106701
841 07,Bratislava,,,48.148201,17.106701
935 29,Hronské Kľačany,,Levice,48.240101,18.569700
941 62,Michal nad Žitavou,,Nové Zámky,48.185600,18.283800
908 63,Radošovce,,Skalica,48.771900,17.281200
914 51,Trenčianske Teplice,,Trenčín,48.479301,17.612000
991 21,Pravica,,Veľký Krtíš,48.317001,19.457701
091 01,Bokša,,Stropkov,49.204201,21.638201
930 37,Malý Lég,,Dunajská Streda,48.061199,17.456699
908 62,Vidovany,,Skalica,48.771000,17.253599
018 63,Tunežice,,Ilava,49.113499,18.214399
980 44,Abovce,,Rimavská Sobota,48.318699,20.336500
086 42,Fričkovce,,Bardejov,49.185299,21.239100
930 11,Topoľníky,,Dunajská Streda,47.967499,17.790199
930 33,Šuľany,,Dunajská Streda,47.952000,17.443800
916 01,Topolecká,,Nové Mesto n.Váhom,48.755901,17.709400
023 02,Blažkov,,Čadca,49.375000,18.845400
049 55,Ardovo,,Rožňava,48.532001,20.415100
908 51,Trnovec,,Skalica,48.799099,17.187700
919 43,Jarná,,Trnava,48.310398,17.505800
038 21,Mošovce,,Turčianske Teplice,48.909401,18.884800
053 51,Štefanská Huta,,Gelnica,48.925499,20.931400
044 21,Šemša,,Košice-okolie,48.676201,21.113701
078 01,Trnávka,,Trebišov,48.706902,21.617399
059 93,Bušovce,,Kežmarok,49.217800,20.486700
059 12,Primovce,,Poprad,49.022301,20.195601
906 06,Vrbovce,,Myjava,48.719601,17.346800
033 01,Liptovský Hrádok,,Liptovský Mikuláš,49.039600,19.723400
044 41,Byster,,Košice-okolie,48.708500,21.352100
946 03,Veľký Ostrov,,Komárno,47.958900,17.905800
023 57,Podvysoká,,Čadca,49.412701,18.664600
900 45,Malinovo,,Senec,48.154499,17.296801
072 36,Kaluža,,Michalovce,48.807800,21.999901
049 31,Rožňavské Bystré,,Rožňava,48.665199,20.441999
075 01,Nový Majer,,Trebišov,48.635399,21.778999
076 31,Klin nad Bodrogom,,Trebišov,48.383801,21.725300
086 14,Beloveža,,Bardejov,49.296001,21.368299
018 16,Domaniža,,Považská Bystrica,49.113499,18.214399
023 03,Zborov nad Bystricou,,Čadca,49.379700,18.886600
966 52,Tekovská Breznica,,Žarnovica,48.386501,18.618700
900 21,Svätý Jur,,Pezinok,48.252201,17.215401
044 55,Gomboš,,Košice-okolie,48.584999,21.144199
067 31,Udavské,,Humenné,48.975601,21.965099
980 50,Včelince,,Rimavská Sobota,48.386200,20.306200
090 05,Krajná Bystrá,,Svidník,49.385700,21.674601
930 14,Mad,,Dunajská Streda,47.955002,17.658300
985 24,Rovňany,,Poltár,48.449200,19.740299
072 02,Tušická Nová Ves,,Michalovce,48.716400,21.754601
072 05,Bracovce,,Michalovce,48.646198,21.839001
951 44,Výčapy - Opatovce,,Nitra,48.411499,18.082199
906 33,Rozbehy,,Senica,48.573799,17.396799
020 63,Lednica,,Púchov,49.196899,18.153700
916 25,Brunovce,,Nové Mesto n.Váhom,48.755901,17.709400
966 15,Kozelník,,Banská Štiavnica,48.511902,18.997400
976 56,Pohronská Polhora,,Brezno,48.757198,19.793200
976 75,Jasenie,,Brezno,48.838799,19.459700
900 25,Chorvátsky Grob,,Senec,48.227901,17.290899
951 87,Olichov,,Zlaté Moravce,48.338600,18.454599
919 29,Malženice,,Trnava,48.450100,17.674999
941 41,Bešeňov,,Nové Zámky,48.045300,18.264200
082 04,Drienov,,Prešov,48.873199,21.273800
065 45,Hajtovka,,Stará Ľubovňa,49.296398,20.773701
090 41,Mestisko,,Svidník,49.260300,21.580799
018 61,Visolaje,,Púchov,49.113499,18.214399
020 62,Horovce,,Púchov,49.196899,18.153700
023 36,Budatínska Lehota,,Kysucké Nové Mesto,49.297699,18.800301
941 34,Jasová,,Nové Zámky,47.988998,18.397100
919 54,Dobrá Voda,,Trnava,48.597198,17.538500
049 18,Turčok,,Revúca,48.640400,20.147900
991 35,Sucháň,,Veľký Krtíš,48.313900,19.222200
076 15,Veľaty,,Trebišov,48.524101,21.660500
946 38,Radvaň nad Dunajom,,Komárno,47.746899,18.366100
914 41,Ľuborča,,Trenčín,48.479301,17.612000
034 84,Nižný Sliač,,Ružomberok,49.069801,19.386801
980 43,Číž,,Rimavská Sobota,48.313702,20.280399
821 02,Bratislava,,,48.148201,17.106701
040 23,Košice,,,48.713902,21.258101
067 11,Vyšné Ladičkovce,,Humenné,49.039799,21.891600
922 42,Madunice,,Hlohovec,48.477200,17.780300
029 64,Oravská Jasenica,,Námestovo,49.453400,19.348400
963 01,Žibritov,,Krupina,48.390499,18.983900
831 06,Bratislava,,,48.148201,17.106701
055 62,Prakovce,,Gelnica,48.815899,20.896099
972 01,Bojnice - kúpele,,Prievidza,48.934799,18.146299
040 18,Vyšná Hutka,,Košice-okolie,48.675900,21.354099
044 25,Nižný Medzev,,Košice-okolie,48.700401,20.893700
935 57,Jur nad Hronom,,Levice,48.126701,18.629601
951 37,Rumanová,,Nitra,48.329700,17.871500
941 47,Radava,,Nové Zámky,48.094200,18.303699
917 05,Modranka,,Trnava,48.349400,17.608999
038 44,Blažovce,,Turčianske Teplice,48.940102,18.844299
900 63,Jakubov,,Malacky,48.416698,16.933300
821 04,Bratislava,,,48.148201,17.106701
935 34,Rohožnica,,Levice,48.211102,18.464701
920 55,Bojničky,,Hlohovec,48.390099,17.797800
907 03,Turá Lúka,,Myjava,48.745098,17.535400
911 06,Záblatie,,Trenčín,48.894501,18.044399
049 24,Vlachovo,,Rožňava,48.772499,20.416000
935 23,Rybník,,Levice,48.292500,18.562099
900 84,Igram,,Senec,48.285400,17.462299
048 01,Čučma,,Rožňava,48.691601,20.541300
951 43,Jelšovce,,Nitra,48.382301,18.057899
951 91,Zlatno,,Zlaté Moravce,48.464600,18.312901
059 60,Tatranská Lomnica,,Poprad,49.166199,20.281300
082 71,Milpoš,,Sabinov,49.180199,21.004999
082 75,Nižný Slavkov,,Sabinov,49.102299,20.850500
925 05,Vozokany,,Galanta,48.105801,17.688101
991 22,Čeláre,,Veľký Krtíš,48.165298,19.464701
076 36,Veľký Kamenec,,Trebišov,48.361599,21.805901
086 12,Lipová,,Bardejov,49.262299,21.482401
919 65,Horná Krupá,,Trnava,48.516300,17.524900
972 29,Biela Voda,,Prievidza,49.035500,18.887899
013 05,Lysica,,Žilina,49.244598,18.917299
013 25,Stráňavy,,Žilina,49.171501,18.821800
976 96,Medzibrod,,Banská Bystrica,48.794300,19.353701
967 01,Kremnické Bane,,Žiar nad Hronom,48.677101,18.912800
951 42,Zbehy,,Nitra,48.365601,18.018101
059 34,Spišská Teplica,,Poprad,49.046001,20.248699
908 85,Brodské,,Skalica,48.690899,17.014500
919 52,Dolné Dubové,,Trnava,48.491699,17.610201
038 12,Necpaly,,Martin,48.987099,18.965900
038 46,Horná Štubňa,,Turčianske Teplice,48.825001,18.884600
974 01,Majer,,Banská Bystrica,48.735100,19.179300
040 16,Baška,,Košice-okolie,48.706699,21.184000
937 01,Trhyňa,,Levice,48.062199,18.716101
951 03,Čeľadice,,Nitra,48.329201,18.239000
925 45,Abrahám,,Galanta,48.248402,17.618799
945 04,Pavel,,Komárno,47.766701,18.016701
059 37,Štôla,,Poprad,49.092400,20.140499
920 42,Červeník,,Hlohovec,48.459400,17.756901
956 37,Malé Hoste,,Bánovce nad Bebravou,48.609001,18.209999
032 11,Svätý Kríž,,Liptovský Mikuláš,49.049999,19.533300
991 10,Sečianky,,Veľký Krtíš,48.095100,19.079599
076 64,Zemplínska Teplica,,Trebišov,48.646599,21.572100
087 01,Železník,,Svidník,49.092999,21.502300
067 65,Topoľa,,Snina,49.044201,22.356001
067 71,Ladomirov,,Snina,48.927601,22.297300
065 31,Litmanová,,Stará Ľubovňa,49.370098,20.622900
023 45,Horný Vadičov,,Kysucké Nové Mesto,49.275002,18.893700
032 04,Liptovský Ondrej,,Liptovský Mikuláš,49.097401,19.712999
962 51,Horný Badín,,Krupina,48.278900,19.075399
908 74,Malé Leváre,,Malacky,48.500000,16.983299
902 03,Myslenice,,Pezinok,48.273602,17.248400
044 17,Slanská Huta,,Košice-okolie,48.598900,21.464399
945 01,Ďulov Dvor,,Komárno,47.812000,18.094299
082 03,Ličartovce,,Prešov,48.876099,21.246700
022 04,Krkošky,,Čadca,49.375900,18.615601
044 58,Belža,,Košice-okolie,48.579300,21.271299
951 08,Golianovo,,Nitra,48.271900,18.191900
067 24,Lukačovce,,Humenné,49.029999,21.783701
032 31,Hybe,,Liptovský Mikuláš,49.044399,19.828899
013 15,Čičmany,,Žilina,48.955002,18.516100
072 43,Blatné Revištia,,Sobrance,48.738300,22.079500
956 13,Koniarovce,,Topoľčany,48.428398,18.093000
053 06,Ordzovany,,Levoča,49.023800,20.799400
082 74,Vysoká,,Sabinov,49.125301,20.882200
065 33,Veľký Lipník,,Stará Ľubovňa,49.373501,20.502701
917 08,Trnava,,,48.377399,17.587200
916 35,Modrovka,,Nové Mesto n.Váhom,48.755901,17.709400
976 33,Oravce,,Banská Bystrica,48.684601,19.262699
985 54,Podrečany,,Lučenec,48.404202,19.598600
830 06,Bratislava,,,48.148201,17.106701
076 61,Bačkov,,Trebišov,48.739899,21.623199
947 01,Vék,,Komárno,47.858799,18.156799
951 34,Alexandrov Dvor,,Nitra,48.309101,17.870800
934 05,Levice,,,48.215599,18.607000
086 41,Raslavice,,Bardejov,49.150501,21.315399
851 02,Bratislava,,,48.148201,17.106701
077 01,Kráľovský Chlmec,,Trebišov,48.423401,21.979401
946 02,Čalovec,,Komárno,47.817101,17.987700
972 42,Veľká Lehota,,Prievidza,49.035500,18.887899
026 01,Párnica,,Dolný Kubín,49.194199,19.197599
962 21,Zolná,,Zvolen,48.600300,19.224600
966 63,Banská Hodruša,,Žarnovica,48.466702,18.816700
946 33,Modrany,,Komárno,47.823601,18.351999
951 05,Veľký Cetín,,Nitra,48.220299,18.190901
951 62,Nevidzany,,Zlaté Moravce,48.284599,18.377600
086 43,Buclovany,,Bardejov,49.155300,21.365200
962 71,Sudince,,Krupina,48.213402,18.872601
984 01,Opatová,,Lučenec,48.340900,19.677200
966 77,Kľak,,Žarnovica,48.583000,18.643400
072 22,Krivošťany,,Michalovce,48.880501,21.852501
067 12,Zbudské Dlhé,,Humenné,49.076900,21.960199
090 16,Rovné,,Svidník,49.281700,21.518000
094 04,Nová Kelča,,Vranov nad Topľou,49.015701,21.749500
966 21,Lovča,,Žiar nad Hronom,48.571701,18.815800
079 01,Kapušianske Kľačany,,Michalovce,48.572601,22.073700
951 75,Beladice,,Zlaté Moravce,48.344101,18.289900
067 32,Maškovce,,Humenné,49.013401,21.995100
067 41,Ptičie,,Humenné,48.905300,21.959000
059 06,Lechnica,,Kežmarok,49.382000,20.408501
055 65,Smolnícka Huta,,Gelnica,48.745201,20.773600
072 16,Hatalov,,Michalovce,48.658798,21.889000
951 36,Lehota,,Nitra,48.311600,17.989500
059 17,Vernár,,Poprad,48.917500,20.270599
082 06,Žehňa,,Prešov,48.917702,21.341499
905 01,Kunov,,Senica,48.690899,17.403200
906 12,Hradište pod Vrátnom,,Senica,48.626999,17.487600
831 01,Bratislava,,,48.148201,17.106701
920 64,Kľačany,,Hlohovec,48.389801,17.871201
980 12,Sušany,,Poltár,48.412899,19.890600
980 23,Dražice,,Rimavská Sobota,48.437199,20.065599
908 75,Studienka,,Malacky,48.526501,17.137300
841 01,Bratislava,,,48.148201,17.106701
053 11,Smižany,,Spišská Nová Ves,48.954498,20.523399
040 12,Košice,,,48.713902,21.258101
908 47,Radimov,,Skalica,48.751400,17.195801
957 04,Bánovce nad Bebravou,,,48.408401,18.153700
029 55,Novoť,,Námestovo,49.428501,19.265400
831 55,Bratislava,,,48.148201,17.106701
076 52,Onča,,Trebišov,48.383099,21.907301
951 23,Lukáčovce,,Nitra,48.395500,17.937799
059 76,Mlynčeky,,Kežmarok,49.167198,20.384001
930 35,Kolónia,,Dunajská Streda,48.036701,17.441401
038 51,Turč.Štiavnička,,Martin,49.114899,19.061701
900 54,Jablonové,,Malacky,48.347500,17.099501
935 87,Malinovec,,Levice,48.149101,18.776800
924 01,Gáň,,Galanta,48.229099,17.718901
980 54,Rimavské Brezovo,,Rimavská Sobota,48.538101,19.957300
980 61,Tisovec,,Rimavská Sobota,48.677399,19.943600
049 23,Nižná Slaná,,Rožňava,48.725201,20.409300
943 58,Kamenný Most,,Nové Zámky,47.851200,18.656401
915 01,Nové Mesto nad Váhom,,Nové Mesto n.Váhom,48.757599,17.830900
010 03,Zádubnie,,Žilina,49.240601,18.772100
991 11,Kosihy nad Ipľom,,Veľký Krtíš,48.076900,19.174400
830 00,Bratislava,,,48.148201,17.106701
094 08,Ruská Poruba,,Humenné,49.139599,21.792200
059 35,Batizovce,,Poprad,49.076099,20.184999
913 21,Hámre,,Trenčín,48.849998,17.949200
976 67,Závadka nad Hronom,,Brezno,48.850498,19.911501
900 33,Marianka,,Malacky,48.249001,17.063999
935 24,Čajkov,,Levice,48.289600,18.600599
941 49,Bardoňovo,,Nové Zámky,48.108700,18.422001
925 85,Neded,,Šaľa,48.021198,17.961800
925 91,Kráľová nad Váhom,,Šaľa,48.169201,17.842199
029 54,Krušetnica,,Námestovo,49.375198,19.338800
900 29,Nová Dedinka,,Senec,48.184101,17.354200
903 01,Senec,,Senec,48.219501,17.400400
082 36,Šindliar,,Prešov,49.039600,20.943899
094 03,Žalobín,,Vranov nad Topľou,48.969501,21.729799
920 63,Pastuchov,,Hlohovec,48.426300,17.878099
027 13,Suchá Hora,,Tvrdošín,49.366299,19.789900
935 03,Pečenice,,Levice,48.297501,18.771099
958 54,Hradište,,Partizánske,48.408401,18.153700
972 27,Nevidzany,,Prievidza,49.035500,18.887899
962 65,Hontianske Nemce,,Krupina,48.286301,18.989500
072 33,Fekišovce,,Sobrance,48.771301,22.084801
946 57,Svätý Peter,,Komárno,47.841499,18.254101
920 65,Sasinkovo,,Hlohovec,48.371201,17.849300
972 47,Oslany,,Prievidza,49.035500,18.887899
977 01,Zadné Halny,,Brezno,48.853298,19.657101
985 11,Praha,,Lučenec,48.362499,19.508801
935 62,Pohronský Ruskov,,Levice,47.973598,18.656300
951 13,Branč,,Nitra,48.218700,18.144199
930 06,Sap,,Dunajská Streda,47.816700,17.616699
911 08,Trenčín,,,48.894501,18.044399
023 31,Rudina,,Kysucké Nové Mesto,49.288799,18.735500
906 36,Plavecké Podhradie,,Malacky,48.486000,17.257299
935 31,Horná Seč,,Levice,48.195301,18.544500
951 04,Malý Lapáš,,Nitra,48.300201,18.181999
941 45,Malá Maňa,,Nové Zámky,48.145199,18.264500
920 56,Dvorníky,,Hlohovec,48.351398,17.792601
972 48,Horná Ves,,Prievidza,49.035500,18.887899
032 44,Liptovská Kokava,,Liptovský Mikuláš,49.089199,19.817499
027 12,Liesek,,Tvrdošín,49.361198,19.674900
976 13,Podkonice,,Banská Bystrica,48.799900,19.257500
980 32,Blhovce,,Rimavská Sobota,48.275101,19.953800
851 10,Rusovce,,Bratislava V,48.054901,17.144600
072 01,Šamudovce,,Michalovce,48.706402,21.886900
093 02,Hencovce,,Vranov nad Topľou,48.876400,21.733999
018 02,Klieština,,Považská Bystrica,49.292099,18.282400
935 52,Veselá,,Levice,48.104099,18.635300
951 02,Pohranice,,Nitra,48.331001,18.179100
013 14,Kamenná Poruba,,Žilina,49.092300,18.688400
962 75,Horný Tisovník,,Detva,48.417099,19.363001
982 62,Hrkáč,,Rimavská Sobota,48.478298,20.273500
830 07,Bratislava,,,48.148201,17.106701
044 81,Obišovce,,Košice-okolie,48.845299,21.220100
076 34,Ladmovce,,Trebišov,48.413700,21.780500
935 35,Tehla,,Levice,48.184399,18.385500
974 05,Banská Bystrica,,,48.739498,19.153500
900 41,Rovinka,,Senec,48.097801,17.236300
053 75,Delava,,Spišská Nová Ves,48.840500,20.505199
059 31,Lučivná,,Poprad,49.051498,20.142401
980 01,Rimavské Janovce,,Rimavská Sobota,48.341702,20.062799
956 17,Solčany,,Topoľčany,48.537998,18.202600
951 97,Žitavany,,Zlaté Moravce,48.437599,18.398100
059 19,Vikartovce,,Poprad,48.993500,20.150900
059 91,Mlynica,,Poprad,49.100899,20.313700
023 54,Závodie,,Čadca,49.433300,18.950001
013 31,Lúky,,Žilina,49.289101,18.679300
976 11,Selce,,Banská Bystrica,48.762600,19.202999
984 03,Lučenec,,,48.332500,19.667101
841 04,Bratislava,,,48.148201,17.106701
055 51,Veľký Folkmar,,Gelnica,48.856098,21.013800
044 10,Geča,,Košice-okolie,48.627899,21.309900
069 01,Pichne,,Snina,49.037701,22.121401
090 02,Havranec,,Svidník,49.411098,21.555099
925 63,Dolná Streda,,Galanta,48.269100,17.749901
038 43,Socovce,,Martin,48.951099,18.867001
049 73,Dobšinská Maša,,Rožňava,48.867199,20.379499
032 23,Liptovská Anna,,Liptovský Mikuláš,49.146702,19.468700
029 42,Bobrov,,Námestovo,49.428699,19.541201
