13160,Bang Pa-In,Phranakhon Si Ayutthaya,,14.233300,100.583298
30270,Muang Yang,Nakhon Ratchasima,,15.316700,102.766701
42150,Pak Chom,Loei,,18.033300,101.883301
67260,Nam Nao,Phetchabun,,16.750000,101.750000
94150,Yaring,Pattani,,6.861700,101.364998
95110,Betong,Yala,,5.750000,101.083298
84280,Ko Phangan,Surat Thani,,9.716700,100.000000
30130,Pak Chong,Nakhon Ratchasima,,14.704200,101.413101
47110,Sawang Daen Din,Sakon Nakhon,,17.471901,103.458298
50220,Doi Saket,Chiang Mai,,18.874399,99.135597
52190,Hang Chat,Lampang,,18.326401,99.347801
54170,Nong Muangkhai,Phrae,,18.135300,100.017799
17000,Muang Chainat,Chainat,,15.183300,100.133301
40000,Muang Khonkaen,Khon Kaen,,16.293100,102.615700
60000,Muang Nakhon Sawan,Nakhon Sawan,,15.683300,100.116699
66140,Wachirabarami,Phichit,,16.516701,100.216698
76110,Ban Laem,Phetchaburi,,13.216700,99.983299
13000,Pharnakhon Si Ayutthaya,Phranakhon Si Ayutthaya,,14.373800,100.563103
49110,Khamcha-I,Mukdahan,,16.583300,104.416702
67120,Lom Kao,Phetchabun,,16.883301,101.233299
83000,Muang Phuket,Phuket,,7.950000,98.358299
75000,Muang Samut Songkhram,Samut Songkhram,,13.400000,100.000000
15170,Nong Muang,Lopburi,,15.021600,100.791100
20000,Muang Chonburi,Chonburi,,13.160400,101.108299
26130,Pak Phli,Nakhon Nayok,,14.163600,101.262199
30370,Wang Nam Khyo,Nakhon Ratchasima,,15.000000,102.316704
41340,Nong Saeng,Udon Thani,,17.133600,102.967499
43220,Bung Khong Long,Nong Khai,,17.950001,104.050003
52160,Thoen,Lampang,,17.602501,99.213898
20270,Bo Thong,Chonburi,,13.266700,101.433296
90310,Na Mom,Songkhla,,7.016700,100.661903
13230,Lat Bua Luang,Phranakhon Si Ayutthaya,,14.166700,100.316704
34330,Tan Sum,Na Tan,,15.383300,105.116699
18110,Kaeng Khoi,Saraburi,,14.588100,101.003098
30240,Huai Thalaeng,Nakhon Ratchasima,,15.002800,102.655602
36210,Nong Bua Daeng,Chaiyaphum,,16.083300,101.800003
43160,Sang Khom,Nong Khai,,18.061300,103.222702
90220,Kuan Niang,Songkhla,,6.700000,101.033302
33240,Si Rattana,Sisaket,,14.733300,104.583298
31230,Na Pho,Burirum,,15.633300,102.949997
34360,Samrong,Na Tan,,13.650000,100.583298
71150,Sai Yok,Khanchanaburi,,14.116900,99.137497
21140,Pluak Daeng,Rayong,,12.966700,101.216698
40220,Si Chomphu,Khon Kaen,,16.799999,102.199997
51110,Li,Lamphun,,17.799999,98.949997
83110,Thalang,Phuket,,7.983300,98.366699
25130,Prachantakham,Prachinburi,,14.061900,101.518600
10290,Phra Samut Chedi,Samut Prakan,,13.858300,100.468803
47260,Tao Ngoi,Sakon Nakhon,,16.983299,104.133301
54120,Song,Phrae,,18.466700,100.183296
66000,Muang Phichit,Phichit,,16.433300,100.366699
75110,Amphawa,Samut Songkhram,,13.416700,99.949997
41210,Nam Som,Udon Thani,,17.133600,102.967499
46170,Huai Mek,Kalasin,,16.600000,103.216698
73120,Nakhon Chaisi,Nakhon Pathom,,13.866700,100.191704
96120,Sungai Kolok,Narathiwat,,6.026700,101.967796
81160,Plai Phraya,Krabi,,8.583300,98.866699
94110,Sai Buri,Pattani,,6.703100,101.620300
10330,Pahtum Wan,Bangkok,,13.783300,100.516701
10600,Bangkok Yai,Bangkok,,13.733300,100.483299
36140,Khon Sawan,Chaiyaphum,,15.933300,102.283302
40320,Phra Yun,Khon Kaen,,16.333300,102.650002
47270,Nikhom Nam Un,Sakon Nakhon,,17.216700,103.699997
44130,Kud Rang,Maha Sarakham,,16.033300,103.116699
50320,Chai Prakarn,Chiang Mai,,18.858299,98.824997
25140,Si Maha Phot,Prachinburi,,13.966700,101.516701
96160,Waeng,Narathiwat,,5.933300,101.900002
20240,Ko Chan,Chonburi,,13.266700,101.433296
11110,Bang Bua Thong,Nonthaburi,,13.916700,100.433296
50000,Muang Chiang Mai,Chiang Mai,,18.790300,98.981697
57190,Pa Daet,Chiang Rai,,19.500000,100.000000
70110,Ban Pong,Ratchaburi,,13.816700,99.883301
67140,Nong Phai,Phetchabun,,15.982500,101.062202
62180,Khlong Lan,Kamphaeng Phet,,16.116699,99.300003
62210,Bung Samakki,Kamphaeng Phet,,16.309999,99.680000
90130,Chana,Songkhla,,6.916700,100.733299
31170,Lahan Sai,Burirum,,14.416700,102.866699
11130,Bang Kruai,Nonthaburi,,13.800000,100.483299
23120,Laem Ngob,Trat,,12.166700,102.433296
52120,Chae Hom,Lampang,,18.702200,99.566399
84150,Tha Chang,Surat Thani,,9.141700,99.331299
13270,Bang Sai,Phranakhon Si Ayutthaya,,14.216700,100.500000
71180,Thong Phaphum,Khanchanaburi,,14.086600,99.550903
10160,Bang Khae,Bangkok,,13.716700,100.416702
47180,Phu Phan,Sakon Nakhon,,17.083300,103.816704
58000,Muang Mae Hong Son,Mae Hong Son,,18.671200,98.063301
90180,Rattapum,Songkhla,,7.069400,100.599998
95000,Muang Yala,Yala,,6.542800,101.283600
14160,Samko,Ang Thong,,14.595800,100.420799
21210,Wang Chan,Rayong,,12.933300,101.516701
16140,Tha Chang,Singburi,,14.766700,100.400002
84110,Chaiya,Surat Thani,,9.383300,99.233299
84160,Kanchanadit,Surat Thani,,9.166700,99.466698
76120,Cha-Am,Phetchaburi,,12.800000,99.966698
96190,Sukhirin,Narathiwat,,5.933300,101.783302
34110,Phibun Mangsahan,Na Tan,,15.233300,105.233299
60230,Kao Lieo,Nakhon Sawan,,15.850000,100.083298
96150,Ruso,Narathiwat,,6.393600,101.519699
10100,Samphanthawong,Bangkok,,13.733300,100.500000
45240,Phon Sai,Roi Et,,15.481400,103.994400
49160,Nong Sung,Mukdahan,,16.479200,104.658302
53150,Tha Pla,Uttaradit,,17.799999,100.533302
53180,Ban Khok,Uttaradit,,18.018900,101.068100
64110,Sawankhalok,Sukhothai,,17.308599,99.834198
72130,Sam Chuk,Suphanburi,,14.750000,100.099998
90150,Thepha,Songkhla,,6.866700,100.966698
12140,Lat Lum Kaeo,Pathum Thani,,14.033300,100.416702
36130,Noen Sa Nga,Chaiyaphum,,15.564700,101.841400
47120,Wanon Niwat,Sakon Nakhon,,17.633301,103.766701
57170,Wiang Pa Pao,Chiang Rai,,19.366699,99.500000
63110,Mae Sot,Tak,,16.716700,98.566704
33230,Phayu,Sisaket,,14.980900,104.338097
58140,Khun Yuam,Mae Hong Son,,18.828899,97.934196
62130,Khanu Woralaksaburi,Kamphaeng Phet,,16.066700,99.866699
84250,Phanom,Surat Thani,,8.816700,98.833298
10520,Lat Krabang,Bangkok,,13.716700,100.783302
11150,Sai Noi,Nonthaburi,,13.966700,100.316704
26120,Ongkarak,Nakhon Nayok,,14.211400,101.165298
30000,Muang Nakhon Ratchasima,Nakhon Ratchasima,,15.055500,102.214798
41220,Erawan,Loei,,17.133600,102.967499
92140,Yan Tak Kao,Trang,,7.526700,99.593300
16120,Phrom Buri,Singburi,,14.833300,100.449997
23140,Bo Rai,Trat,,12.569200,102.527199
58150,Pang Mapha,Mae Hong Son,,18.671200,98.063301
94220,Mai Kaen,Pattani,,6.607800,101.666702
34250,Si Muang Mai,Na Tan,,15.483300,105.283302
15190,Lum Sunthi,Lopburi,,15.021600,100.791100
31210,Nong Ki,Burirum,,14.666700,102.533302
36230,Thep Satthit,Chaiyaphum,,15.916700,101.783302
51180,Ban Thi,Lamphun,,18.220100,98.975098
56160,Chiacg Muan,Phayao,,19.330200,100.249702
70120,Photharam,Ratchaburi,,13.683300,99.849998
84240,Ban Na Doem,Surat Thani,,8.883300,99.316704
11120,Pak Kret,Nonthaburi,,13.916700,100.500000
34140,Muang Samsib,Ubon Ratchathani,,15.641700,105.224998
74120,Ban Phaeo,Samut Sakhon,,13.583300,100.116699
44110,Phayakkhaphum Phisai,Maha Sarakham,,15.516700,103.199997
48170,Renu Nakhon,Nakhon Phanom,,17.066700,104.683296
50140,Saraphi,Chiang Mai,,18.714199,99.035301
67150,Chon Daen,Phetchabun,,16.183300,100.849998
47150,Waritchaphum,Sakon Nakhon,,17.283300,103.633301
50150,Mae Taeng,Chiang Mai,,19.116699,98.949997
13140,Phachi,Phranakhon Si Ayutthaya,,14.450000,100.716698
10540,Bang Saotong,Samut Prakan,,13.600000,100.716698
30140,Sikhiu,Nakhon Ratchasima,,14.899400,101.708298
30190,Chok Chai,Nakhon Ratchasima,,14.733300,102.166702
41230,Si That,Udon Thani,,17.133600,102.967499
44160,Chiang Yun,Maha Sarakham,,16.416700,103.099998
77000,Muang prachuap Khirikan,Prachuap Khirikhan,,11.797200,99.727798
77120,Pran Buri,Prachuap Khirikhan,,12.383300,99.916702
42130,Wang Saphung,Loei,,17.299999,101.766701
63160,Phob Phra,Tak,,16.861500,98.717400
82130,Takua Thung,Phang Nga,,8.400000,98.449997
33250,Non Khun,Sisaket,,14.916700,104.733299
39270,Suwannakhuha,Non Bua Lam Phu,,17.040899,102.354401
31220,Pak Kam,Burirum,,14.962500,102.591698
39180,Si Bun Ruang,Non Bua Lam Phu,,16.966700,102.283302
71120,Tha Maka,Khanchanaburi,,13.900000,99.766701
30210,Theparak,Nakhon Ratchasima,,15.206400,101.805801
43170,So Phisai,Nong Khai,,18.066700,103.433296
56120,Dok Kham Tai,Phayao,,19.330200,100.249702
65140,Bang Rakam,Phitsanulok,,16.750000,100.116699
74000,Muang Samut Sakhon,Samut Sakhon,,13.533300,100.283302
72140,Si Prachan,Suphanburi,,14.616700,100.150002
34270,Kut Khaopun,Ubon Ratchathani,,14.200000,103.658302
36000,Muang Chaiyaphum,Chaiyaphum,,16.008499,101.982803
36160,Bamnet Narong,Chaiyaphum,,15.499200,101.689697
44120,Wapi Pathum,Maha Sarakham,,15.850000,103.383301
54130,Sung Men,Phrae,,18.049999,100.116699
52130,Ko Kha,Lampang,,18.190001,99.392799
53130,Laplae,Uttaradit,,17.716801,100.544502
65150,Phrom Phiram,Phitsanulok,,17.033100,100.201897
27160,Wattana Nakhon,Sa Kaeo,,13.844200,102.653603
34150,Khuang Nai,Ubon Ratchathani,,15.641700,105.224998
41260,Sang Khom,Udon Thani,,17.133600,102.967499
42110,Chiang Khan,Loei,,17.866699,101.599998
45140,Nong Hi,Roi Et,,15.616700,103.983299
81130,Nua Khlong,Krabi,,8.066700,99.000000
96220,Chanae,Narathiwat,,6.110600,101.689697
34190,Warin Chamrabp,Na Tan,,15.641700,105.224998
48160,Pla Pak,Nakhon Phanom,,17.183300,104.533302
80180,Cha-uat,Nakhon Sie Thammarat,,7.966700,100.000000
27260,Khlong Hat,Sa Kaeo,,13.844200,102.653603
40210,Nong Rua,Khon Kaen,,16.500000,102.433296
45150,Kaset Wisai,Roi Et,,15.650000,103.583298
46150,Somdet,Kalasin,,16.700001,103.766701
72120,Doembang Nangbuat,Suphanburi,,14.576000,100.028603
93160,Tamot,Phatthalung,,7.283300,100.050003
22130,Laem Sing,Chanthaburi,,12.483300,102.066704
24120,Phanom Sarakham,Chachoengsao,,13.750000,101.349998
36190,Ban Thaen,Chaiyaphum,,16.400000,102.333298
61170,Huai Khot,Uthai Thani,,15.133300,99.566704
33220,Bung Bun,Sisaket,,15.321400,104.057198
80260,Tham Punnara,Nakhon Sie Thammarat,,8.540000,99.650002
22210,Khao Kitchakut,Chanthaburi,,12.652800,102.122200
40180,Chonnabot,Khon Kaen,,16.100000,102.633301
13210,Uthai,Phranakhon Si Ayutthaya,,14.366700,100.666702
15110,Ban Mi,Lopburi,,15.043600,100.566101
80250,Chang Khlang,Nakhon Sie Thammarat,,8.540000,99.650002
61000,Muang Uthai Thani,Uthai Thani,,15.366700,100.050003
90230,Khlong Hoykhong,Songkhla,,6.700000,101.033302
96130,Rangae,Narathiwat,,6.290800,101.711899
27120,Khok Sung,Sa Kaeo,,13.683300,102.500000
41240,Non Sa-at,Udon Thani,,17.133600,102.967499
50110,Fang,Chiang Mai,,19.916700,99.216698
52140,Wang Nua,Lampang,,19.150000,99.616699
57340,Khun Tan,Chiang Rai,,19.904800,99.921700
20110,Si Racha,Chonburi,,13.166700,100.933296
20180,Sattahip,Chonburi,,12.666700,100.900002
54160,Wang Chin,Phrae,,17.890800,99.606400
57120,Phan,Chiang Rai,,19.566700,99.733299
61120,Thap Than,Uthai Thani,,15.459400,99.892502
15150,Tha Wung,Lopburi,,14.816700,100.516701
17110,Manorom,Chainat,,15.316700,100.083298
58120,Mae La Noi,Mae Hong Son,,18.381399,97.935600
65130,Wang Thong,Phitsanulok,,16.833300,100.433296
92150,Sikao,Trang,,7.566700,99.349998
10270,Muang Samut Prakan,Samut Prakan,,13.600000,100.599998
30430,Sida,Nakhon Ratchasima,,14.700000,102.449997
46220,Nong Kung Si,Kalasin,,16.650000,103.300003
52170,Sop Prap,Lampang,,17.876101,99.343102
57110,Doi Luang,Chiang Rai,,20.299999,100.333298
80160,Nob Pitam,Nakhon Sie Thammarat,,8.666700,99.933296
13260,Nakhon Luang,Phranakhon Si Ayutthaya,,14.450000,100.616699
31000,Huai Ratch,Burirum,,13.916700,102.016701
33180,Phrai Bung,Sisaket,,14.750000,104.349998
30410,Nong Bunnak,Nakhon Ratchasima,,14.700000,102.449997
43110,Tha Bo,Nong Khai,,17.844999,102.584198
46240,Huai Phung,Kalasin,,16.650000,103.900002
50350,Weang Hang,Chiang Mai,,18.858299,98.824997
57140,Chiang Khong,Chiang Rai,,20.283300,100.400002
82180,Thap Put,Phang Nga,,8.516700,98.633301
85120,Suk Samran,Ranong,,9.583300,98.599998
92120,Had Samran,Trang,,7.333300,99.800003
14110,Wiset Chai Chan,Ang Thong,,14.583300,100.349998
49130,Nikhom Kham Soi,Mukdahan,,16.366699,104.566704
50240,Hot,Chiang Mai,,18.190001,98.608902
61160,Lan Sak,Uthai Thani,,15.416700,99.683296
62120,Pangslila Thong,Kamphaeng Phet,,16.200001,99.716698
84190,Wiang Sa,Surat Thani,,8.633300,99.349998
94230,Kpho,Pattani,,6.607800,101.666702
31160,Krasang,Burirum,,14.916700,103.300003
44170,Na Chuak,Maha Sarakham,,15.783300,103.033302
46140,Sahatsakhan,Kalasin,,16.783300,103.583298
52150,Mae Tha,Lampang,,18.130600,99.509201
58130,Pai,Mae Hong Son,,19.316700,98.449997
66150,Tab Khlo,Phichit,,16.272200,100.349998
31190,Khu Muang,Burirum,,15.283300,103.033302
74110,Krathum Baen,Samut Sakhon,,13.650000,100.266701
76140,Khao Yoi,Phetchaburi,,13.233300,99.833298
81140,Khao Phanom,Krabi,,8.250000,99.033302
64000,Muang Sukhothai,Sukhothai,,17.177200,99.806396
91130,Manung,Satun,,6.866700,100.016701
92160,Rachada,Trang,,7.526700,99.593300
10170,Taling Chan,Bangkok,,13.766700,100.449997
34160,Thung Sriudom,Na Tan,,15.641700,105.224998
37290,Senangkhanikhorn,Amnat Charoen,,15.716700,104.466698
41310,Thung Fon,Udon Thani,,17.133600,102.967499
53000,Muang Uttaradit,Uttaradit,,17.716801,100.544502
39140,Non Sang,Non Bua Lam Phu,,16.866699,102.566704
94120,Khok Pho,Pattani,,6.731400,101.105301
96000,Muang Narathiwat,Narathiwat,,6.250000,102.033302
13250,Bang Ban,Phranakhon Si Ayutthaya,,14.416700,100.466698
31250,Ban Phlapphla,Burirum,,14.716700,102.150002
33110,Benchalak,Sisaket,,14.650000,104.650002
72150,Bang Pla Ma,Suphanburi,,14.422800,100.138100
81150,Ko Lanta,Krabi,,7.550000,99.083298
91160,Khuan Doan,Satun,,6.929200,99.870796
10200,Phra Nakhon,Bangkok,,13.750000,100.516701
48150,Si Songkhram,Nakhon Phanom,,17.633301,104.250000
50280,Mae Ai,Chiang Mai,,18.550800,98.790497
57310,Wiang Kaen,Chiang Rai,,19.904800,99.921700
61130,Nong Khayang,Uthai Thani,,15.361900,99.929199
94140,Thung Yan Daeng,Pattani,,6.779400,101.336197
45210,Nong Phok,Roi Et,,15.649000,103.855598
71160,Bo Phloi,Khanchanaburi,,14.323600,99.516098
18130,Ban Mo,Saraburi,,14.616700,100.733299
21180,Nikhom Pattana,Rayong,,12.812500,101.308296
40270,Ban Fang,Khon Kaen,,16.450001,102.633301
50160,Doi Lor,Chiang Mai,,18.426901,98.678101
56130,Mae Chai,Phayao,,19.330200,100.249702
15000,Muang Lopburi,Lopburi,,14.800000,100.616699
31140,Prakhon Chai,Burirum,,14.616700,103.083298
33270,Wang Hin,Sisaket,,14.883300,104.283302
24130,Bang Pakong,Chachoengsao,,13.550000,101.000000
42230,Phu Luang,Loei,,17.166700,101.766701
64160,Khiri Mat,Sukhothai,,16.833300,99.800003
70150,Chom Bung,Ratchaburi,,13.616700,99.599998
13150,Maha Rat,Phranakhon Si Ayutthaya,,14.533300,100.533302
80120,Sichon,Nakhon Sie Thammarat,,9.000000,99.900002
15250,Khok Charoen,Lopburi,,15.350000,100.816704
34340,Po Sai,Na Tan,,14.516700,102.849998
14150,Sawaengha,Ang Thong,,14.595800,100.420799
21120,Ban Khai,Rayong,,12.783300,101.300003
30220,Non Thai,Nakhon Ratchasima,,15.200000,102.066704
90190,Sating Phra,Songkhla,,7.069400,100.599998
94000,Muang Pattani,Pattani,,6.758000,101.377502
80000,Muang Nakhon Si Thammarat,Nakhon Sie Thammarat,,14.650000,100.599998
18160,Sao Hai,Saraburi,,14.550000,100.849998
22180,Soi Dao,Chanthaburi,,12.652800,102.122200
67240,Wang Pong,Phetchabun,,16.333300,100.800003
96170,Bacho,Narathiwat,,6.616700,101.650002
33150,Khun Han,Sisaket,,14.633300,104.366699
93110,Pa Payam,Phatthalung,,7.733300,100.016701
34280,Na Chaluai,Ubon Ratchathani,,14.200000,103.658302
36260,Phakdi Chumpon,Chaiyaphum,,15.916700,101.783302
45220,Muang Suang,Roi Et,,15.816700,103.716698
15240,Sa Bot,Lopburi,,15.350000,100.816704
25220,Na Di,Prachinburi,,14.133300,101.733299
18190,Nong Doan,Saraburi,,14.527700,100.906601
75120,Bang Khonthi,Samut Songkhram,,13.466700,99.933296
82150,Khura Buri,Phang Nga,,9.200000,98.433296
80110,Thung Song,Nakhon Sie Thammarat,,8.150000,99.733299
41250,Kut Chab,Udon Thani,,17.133600,102.967499
39000,Muang Nong Bua Lam Phu,Non Bua Lam Phu,,17.040899,102.354401
86110,Lang Suan,Chumphon,,9.950000,99.066704
10500,Bang Rak,Bangkok,,13.733300,100.533302
50270,Mae Chaem,Chiang Mai,,18.501400,98.361099
50310,Omkoi,Chiang Mai,,17.799999,98.366699
65000,Muang Phitsanulok,Phitsanulok,,16.833300,100.250000
67000,Muang Phetchabun,Phetchabun,,16.416700,101.133301
17130,Non Kham,Chainat,,14.983300,100.016701
33000,Muang Sisaket,Sisaket,,15.116700,104.333298
77110,Hua Hin,Prachuap Khirikhan,,12.566700,99.966698
10320,Huai Khwang,Bangkok,,13.783300,100.516701
35120,Loeng Nok Tha,Yasothon,,15.663300,104.306702
40330,Waeng Yai,Khon Kaen,,15.950000,102.533302
53230,Tong Saen Khan,Uttaradit,,17.716801,100.544502
94180,Mae Lan,Pattani,,6.681900,101.271400
77150,Kui Buri,Prachuap Khirikhan,,12.050000,99.866699
82110,Takua Pa,Phang Nga,,8.833300,98.366699
84180,Wiphawadi,Surat Thani,,9.033300,98.916702
90160,Na Thawi,Songkhla,,6.750000,100.699997
24190,Paeng Yao,Chachoengsao,,13.686100,101.194397
35000,Muang Yasothon,Yasothon,,15.795300,104.149399
56150,Chun,Phayao,,19.299999,100.166702
60140,Takhli,Nakhon Sawan,,15.645400,100.221802
64140,Ban Dan Lan Hoi,Sukhothai,,17.015301,99.707802
13120,Pak Hai,Phranakhon Si Ayutthaya,,14.361900,100.599998
21000,Muang Rayong,Rayong,,12.666700,101.283302
44000,Muang Maha Sarakham,Maha Sarakham,,15.955000,103.186699
55120,Pua,Nan,,19.183300,100.916702
25110,Kabin Buri,Prachinburi,,13.983300,101.716698
80130,Ron Phibun,Nakhon Sie Thammarat,,8.150000,99.849998
56110,Pu Sang,Phayao,,19.523899,100.299202
60180,Banphot Phisai,Nakhon Sawan,,15.934200,99.978897
31240,Nong Hong,Burirum,,14.833300,102.733299
86220,Thung Tako,Chumphon,,10.133300,99.116699
18150,Wihan Daeng,Saraburi,,14.350000,101.000000
30180,Prathai,Nakhon Ratchasima,,15.516700,102.800003
60120,Chumsaeng,Nakhon Sawan,,15.645400,100.221802
81000,Muang Krabi,Krabi,,8.119000,99.021400
82160,Koh Yao,Phang Nga,,8.694400,98.438904
86140,Tha Sae,Chumphon,,10.666700,99.166702
21110,Khao Chamao,Rayong,,12.783300,101.650002
67170,Si Thep,Phetchabun,,15.446900,101.072502
76170,Kang Krachan,Phetchaburi,,13.069400,100.052803
81120,Khlong Thom,Krabi,,7.933300,99.150002
71220,Nong Prue,Khanchanaburi,,14.480600,99.219398
51140,Mae Tha,Lamphun,,18.461399,99.136101
11140,Bang Yai,Nonthaburi,,13.850000,100.433296
42210,Na Duang,Loei,,17.483299,101.983299
85110,Kra Buri,Ranong,,10.400000,98.783302
34000,Muang Ubon Ratchathani,Ubon Ratchathani,,14.786100,103.911102
37210,Chanunman,Amnat Charoen,,15.716700,104.466698
40190,Nong Song Hong,Khon Kaen,,15.733300,102.800003
46210,Rong Kham,Kalasin,,16.266701,103.683296
60160,Tha Tako,Nakhon Sawan,,15.633300,100.483299
40280,Khao Suan Kwang,Khon Kaen,,16.850000,102.883301
61140,Ban Rai,Uthai Thani,,15.366700,99.849998
85000,Muang Ranong,Ranong,,9.966700,98.633301
10130,Phra Pradaeng,Samut Prakan,,13.666700,100.533302
27250,Wang Sombun,Sa Kaeo,,13.844200,102.653603
66110,Taphan Hin,Phichit,,16.216700,100.433296
67130,Wichian Buri,Phetchabun,,15.658900,101.112503
55180,Na Mun,Nan,,18.183300,100.666702
60130,Phayuha Khiri,Nakhon Sawan,,15.450000,100.133301
73150,Don Tum,Nakhon Pathom,,13.866700,100.191704
17150,Sanphaya,Chainat,,15.133300,100.250000
80240,Thung Yai,Nakhon Sie Thammarat,,8.300000,99.366699
26000,Muang Nakhon Nayok,Nakhon Nayok,,14.203100,101.214699
72160,U-Thong,Suphanburi,,14.576000,100.028603
84000,Muang Surat Thani,Surat Thani,,9.130800,99.362801
13190,Bang Sai,Phranakhon Si Ayutthaya,,14.216700,100.500000
15140,Phattana Nikhom,Lopburi,,15.021600,100.791100
53120,Phichai,Uttaradit,,17.287201,100.096703
84120,Ban Na San,Surat Thani,,8.800000,99.366699
36180,Khon San,Chaiyaphum,,16.350000,101.833298
40250,Ubolratana,Khon Kaen,,16.480000,102.523300
40340,Puai Noi,Khon Kaen,,15.883300,102.916702
45190,Pathum Rat,Roi Et,,15.633300,103.349998
50180,Mae Rim,Chiang Mai,,18.912201,98.939697
10220,Bang Khen,Bangkok,,13.866700,100.599998
18180,Muak Lek,Saraburi,,14.583300,101.216698
62190,Saithong Wattana,Kamphaeng Phet,,16.309999,99.680000
94160,Yarang,Pattani,,6.772800,101.313301
47290,Charoensin,Sakon Nakhon,,17.345800,103.979202
51120,Pa Sang,Lamphun,,18.524401,98.938599
63000,Muang Tak,Tak,,16.866699,99.133301
14140,Chaiyo,Ang Thong,,14.650000,100.466698
36110,Phu Khieo,Chaiyaphum,,16.366699,102.133301
36120,Kaset Sombun,Chaiyaphum,,16.283300,101.949997
41130,Pibun Rak,Udon Thani,,17.133600,102.967499
47210,Kusuman,Sakon Nakhon,,17.333300,104.333298
72180,Dan Chang,Suphanburi,,14.816700,99.699997
76000,Muang Phetchaburi,Phetchaburi,,13.069400,100.052803
25000,Muang Prachinburi,Prachinburi,,14.004800,101.519798
24140,Ban Pho,Chachoengsao,,13.600000,101.083298
71260,Dan Makham Tia,Khanchanaburi,,13.850000,99.416702
86170,Lamae,Chumphon,,9.850000,99.083298
31260,Non Dindaeng,Burirum,,14.962500,102.591698
33210,Huai Thap Than,Sisaket,,15.050000,104.033302
10560,Bang Bo,Samut Prakan,,13.583300,100.816704
37000,Muang Amnat Charoen,Amnat Charoen,,15.707500,104.679703
42120,Dan Sai,Loei,,17.283300,101.150002
57290,Phaya Mengrai,Chiang Rai,,19.883301,99.916702
73110,Sam Phran,Nakhon Pathom,,13.716700,100.216698
43140,Bung Kla,Nong Khai,,18.383301,103.616699
48180,Na Wa,Nakhon Phanom,,17.483299,104.099998
60110,Nong Bua,Nakhon Sawan,,15.866700,100.583298
90120,Sa Dao,Songkhla,,7.069400,100.599998
90270,Krasae Sin,Songkhla,,6.700000,101.033302
93140,Bang Kaeo,Phatthalung,,7.494400,100.058296
30290,Kham Sakae Saeng,Nakhon Ratchasima,,15.333300,102.183296
30440,Kang Sanam Nang,Nakhon Ratchasima,,14.700000,102.449997
42000,Muang Loei,Loei,,17.483299,101.716698
49120,Don Tan,Mukdahan,,16.316700,104.933296
13110,Sena,Phranakhon Si Ayutthaya,,14.316700,100.400002
80220,Na Bon,Nakhon Sie Thammarat,,8.250000,99.583298
10510,Khlong Samwa,Bangkok,,13.816700,100.750000
60150,Mae Wong,Nakhon Sawan,,15.750600,99.790298
66190,Pho Prathap Chang,Phichit,,16.299999,100.316704
67110,Lom Sak,Phetchabun,,16.783300,101.250000
76150,Ban Lat,Phetchaburi,,13.050000,99.933296
63140,Mae Ramat,Tak,,16.966700,98.516701
67160,Bung Sam Phan,Phetchabun,,15.783300,101.033302
31110,Chaloem Phrakhiat,Burirum,,14.608300,102.691704
11000,Muang Nonthaburi,Nonthaburi,,13.890000,100.433296
37110,Phathumratvongsa,Amnat Charoen,,15.698300,104.892799
37240,Hua Taphan,Amnat Charoen,,15.716700,104.466698
50130,Mae On,Chiang Mai,,18.742201,99.122498
57210,Wiang Chiang Rung,Chiang Rai,,19.883301,99.916702
86160,Pathiu,Chumphon,,10.700000,99.316704
93190,Si Ban Phot,Phatthalung,,7.716700,99.933296
30150,Pak Thong Chai,Nakhon Ratchasima,,14.745300,102.028297
40130,Chum Phae,Khon Kaen,,16.533300,102.099998
53110,Nam Pat,Uttaradit,,17.733299,100.566704
50230,Hang Dong,Chiang Mai,,18.687201,98.916702
73130,Bang Len,Nakhon Pathom,,14.016700,100.166702
12120,Khlong Luang,Pathum Thani,,14.066700,100.650002
14120,Pho Thong,Ang Thong,,14.666700,100.416702
40120,Phon,Khon Kaen,,15.816700,102.599998
42170,Na Haeo,Loei,,17.483299,101.066704
50120,San Pa Tong,Chiang Mai,,18.624701,98.894402
47280,Khok Si Supan,Sakon Nakhon,,17.345800,103.979202
63130,Sam Ngao,Tak,,17.211901,99.057800
66130,Pho Thale,Phichit,,16.083300,100.266701
96110,Tak Bai,Narathiwat,,6.266700,102.050003
10210,Lak Si,Bangkok,,14.183300,100.283302
35140,Kud Chum,Yasothon,,15.663300,104.306702
50250,Samoeng,Chiang Mai,,18.850300,98.732803
52240,Muang Pan,Lampang,,18.750000,99.500000
55000,Muang Nan,Nan,,18.783300,100.783302
20190,Nong Yai,Chonburi,,13.150000,101.383301
34350,Sirinhon,Na Tan,,14.516700,102.849998
71000,Muang Kanchanaburi,Khanchanaburi,,14.261700,99.403603
22120,Tha Mai,Chanthaburi,,12.616700,102.016701
35170,Sai Mun,Yasothon,,15.950000,104.216698
42140,Tha Li,Loei,,17.616699,101.416702
65190,Noen Maprang,Phitsanulok,,16.566700,100.633301
33160,Silalad,Sisaket,,15.333300,104.150002
10110,Wattana,Bangkok,,13.708300,100.456200
46190,Tha Khantho,Kalasin,,16.950001,103.233299
70170,Wat Phleng,Ratchaburi,,13.450000,99.900002
91000,Muang Satun,Satun,,6.929200,99.870796
91120,Thung Wa,Satun,,7.100000,99.766701
52210,Soem Ngam,Lampang,,18.033300,99.266701
54140,Rong Kwang,Phrae,,18.350000,100.316704
62000,Muang Kamphaeng Phet,Kamphaeng Phet,,16.309999,99.680000
30350,Ban Luam,Nakhon Ratchasima,,15.583300,102.150002
35130,Maha Chana Chai,Yasothon,,15.533300,104.250000
36250,Nong Bua Rawe,Chaiyaphum,,15.750000,101.766701
45160,At Samat,Roi Et,,15.859400,103.859703
52180,Mae Phrik,Lampang,,17.445299,99.122200
92110,Kantang,Trang,,7.416700,99.516701
17100,Nong Mamong,Chainat,,15.277500,99.876900
20150,Bang Lamung,Chonburi,,13.050000,100.933296
34130,Trakan Puetphon,Na Tan,,15.641700,105.224998
48190,Phon Sawan,Nakhon Phanom,,17.450001,104.449997
50170,Chiang Dao,Chiang Mai,,19.366699,98.966698
72110,Song Phi Nong,Suphanburi,,14.216700,100.050003
84230,Ban Ta Khun,Surat Thani,,9.113300,99.413300
93120,Pak Phayun,Phatthalung,,7.350000,100.316704
40170,Sum Sung,Khon Kaen,,16.700001,103.083298
20120,Ko Sichang,Chonburi,,13.145200,101.061897
22110,Khlung,Chanthaburi,,12.450000,102.233299
48140,Na Thom,Nakhon Phanom,,17.966700,104.233299
61150,Sawang Arom,Uthai Thani,,15.616700,99.866699
25190,Si Mahosot,Prachinburi,,13.883300,101.400002
76160,Nong Ya Plong,Phetchaburi,,13.150000,99.699997
31120,Banmai Chaiphot,Burirum,,15.416700,102.900002
10700,Bang Plat,Bangkok,,13.750000,100.483299
45170,Thawatchaburi,Roi Et,,16.116699,103.833298
60190,Tak Fa,Nakhon Sawan,,15.333300,100.500000
64130,Si Satchanalai,Sukhothai,,17.516701,99.766701
66160,Sak Lek,Phichit,,16.483299,100.483299
52000,Muang Lampang,Lampang,,18.298300,99.507202
52220,Mae Mo,Lampang,,18.261101,99.704201
61110,Nong Chang,Uthai Thani,,15.391900,99.843903
72000,Muang Suphan Buri,Suphanburi,,14.576000,100.028603
58110,Sop Moei,Mae Hong Son,,18.157801,97.933601
71250,Si Sawat,Khanchanaburi,,14.689200,99.027496
47130,Phanna Nikhom,Sakon Nakhon,,17.350000,103.783302
53140,Tron,Uttaradit,,17.477800,100.118896
55110,Wiang Sa,Nan,,18.566700,100.750000
55220,Bo Klua,Nan,,19.083300,101.083298
56140,Pong,Phayao,,19.166700,100.283302
42240,Pha Khao,Loei,,17.325001,101.875000
47160,Phang Khon,Sakon Nakhon,,17.383301,103.716698
55140,Tha Wang Pha,Nan,,19.100000,100.816704
10310,Wangthong Lang,Bangkok,,13.783300,100.516701
12150,Lam Luk Ka,Pathum Thani,,13.933300,100.750000
27180,Ta Phraya,Sa Kaeo,,14.005000,102.807198
35150,Pa Tiu,Yasothon,,15.833300,104.383301
40230,Waeng Noi,Khon Kaen,,15.800000,102.466698
91110,Langu,Satun,,6.883300,99.783302
62150,Sai Ngam,Kamphaeng Phet,,16.500000,99.916702
63150,Tha Song Yang,Tak,,17.216700,98.233299
70130,Damnoen Saduak,Ratchaburi,,13.516700,99.933296
81110,Ao Luk,Krabi,,8.383300,98.716698
84260,Khian Sa,Surat Thani,,8.850000,99.233299
48000,Muang Nakhon Phanom,Nakhon Phanom,,17.400000,104.783302
51000,Muang Lamphun,Lamphun,,18.581100,99.009201
55130,Chaloem Phrakiat,Nan,,19.416700,100.883301
10250,Suang Luang,Bangkok,,13.858300,100.468803
10530,Nong Chok,Bangkok,,13.850000,100.866699
30120,Bua Yai,Nakhon Ratchasima,,15.583300,102.416702
35160,Kho Wang,Yasothon,,15.350000,104.366699
36170,Ban Khwao,Chaiyaphum,,15.763300,101.913101
63120,Ban Tak,Tak,,17.040600,99.063103
20140,Phanat Nikhom,Chonburi,,13.450000,101.183296
31130,Lam Phai Mat,Burirum,,14.908800,102.995903
86000,Muang Chumphon,Chumphon,,10.190500,99.090500
12170,Nong Sua,Pathum Thani,,14.133300,100.833298
43130,Si Chiang Mai,Nong Khai,,17.956400,102.586700
57180,Mae Suai,Chiang Rai,,19.650000,99.550003
63170,Umphang,Tak,,16.016701,98.866699
90110,Hat Yai,Songkhla,,7.016700,100.466698
84170,Tha Chana,Surat Thani,,9.566700,99.150002
95130,Bannang Sata,Yala,,6.266700,101.266701
77170,Bang Saphan Noi,Prachuap Khirikhan,,11.083300,99.483299
95140,Raman,Yala,,6.479700,101.422501
20170,Ban Bung,Chonburi,,13.066700,101.000000
31180,Ban Kruat,Burirum,,15.012800,103.096703
18220,Wang Muang,Saraburi,,14.716700,101.083298
45000,Chiang Khaw,Roi Et,,16.383301,103.199997
46120,Yang Talat,Kalasin,,16.400000,103.383301
57130,Mae Sai,Chiang Rai,,20.430000,99.885803
72170,Don Chedi,Suphanburi,,14.633300,100.033302
30250,Khon Buri,Nakhon Ratchasima,,14.516700,102.250000
64180,Si Nakhon,Sukhothai,,17.333300,99.949997
10150,Bang Bon,Bangkok,,13.700000,100.466698
53160,Fak Tha,Uttaradit,,17.983299,100.883301
55170,Mae Charim,Nan,,18.716700,101.033302
94170,Nong Chik,Pattani,,6.845300,101.188103
57160,Thoeng,Chiang Rai,,19.683300,100.199997
66210,Dong Charoen,Phichit,,16.295200,100.352402
17120,Wat Sing,Chainat,,15.266700,100.050003
71170,Huai Khaiaw,Khanchanaburi,,14.086600,99.550903
16000,Muang Sing Buri,Singburi,,14.870800,100.375000
39170,Na Klang,Non Bua Lam Phu,,17.289400,102.213303
71110,Tha Muang,Khanchanaburi,,13.966700,99.633301
37180,Phana,Amnat Charoen,,15.698300,104.892799
41380,Na Yung,Udon Thani,,17.133600,102.967499
44190,Kae Dam,Maha Sarakham,,16.016701,103.383301
55160,Chiang Klang,Nan,,19.299999,100.866699
57250,Mae Lao,Chiang Rai,,19.883301,99.916702
85130,La-Un,Ranong,,10.116700,98.766701
80210,Khanom,Nakhon Sie Thammarat,,9.200000,99.866699
34170,Khemarat,Ubon Ratchathani,,16.049999,105.216698
43210,Si Wilai,Nong Khai,,17.950001,104.050003
46110,Kuchinarai,Kalasin,,16.533300,104.066704
64170,Kong Krailat,Sukhothai,,16.933300,99.966698
82120,Thai Muang,Phang Nga,,8.533300,98.300003
90000,Muang Songkhla,Songkhla,,7.016700,100.661903
95120,Ka Bung,Yala,,6.477800,101.135002
16110,In Buri,Singburi,,15.000000,100.333298
18140,Nong Khae,Saraburi,,14.333300,100.866699
30360,Non Daeng,Nakhon Ratchasima,,15.000000,102.316704
43150,Seka,Nong Khai,,17.933300,103.949997
51160,Thung Hua Chang,Lamphun,,18.000000,99.033302
60220,Phaisali,Nakhon Sawan,,15.600000,100.650002
16130,Bang Rachan,Singburi,,14.883300,100.316704
65120,Nakhon Thai,Phitsanulok,,17.116699,100.833298
66120,Bang Mun Nak,Phichit,,16.033300,100.383301
70160,Bang Phae,Ratchaburi,,13.700000,99.933296
10240,Saphan Sung B39,Bangkok,,13.766700,100.650002
12110,Thanyaburi,Pathum Thani,,14.043300,100.639999
24000,Muang Chachoengsao,Chachoengsao,,13.686100,101.194397
24110,Bang Khla,Chachoengsao,,13.716700,101.216698
35110,Kham Khuan Kaeo,Yasothon,,15.650000,104.316704
49150,Wan Yai,Mukdahan,,16.650000,104.716698
90330,Singha Nakorn,Songkhla,,7.016700,100.661903
95150,Than To,Yala,,6.216700,101.150002
41000,Muang Udon Thani,Udon Thani,,17.133600,102.967499
45110,Phon Thong,Roi Et,,16.116699,103.833298
45120,Salaphum,Roi Et,,15.805900,103.725098
47250,Kham Ta Kla,Sakon Nakhon,,17.850000,103.750000
49140,Don Luang,Mukdahan,,16.479200,104.658302
96180,Yi-Ngo,Narathiwat,,6.201400,101.810303
13170,Wang Noi,Phranakhon Si Ayutthaya,,14.216700,100.733299
12160,Sam Khok,Pathum Thani,,14.050000,100.550003
27000,Muang Sa Kaeo,Sa Kaeo,,13.844200,102.653603
65160,Wat Bot,Phitsanulok,,17.000000,100.316704
55190,Ban Luang,Nan,,18.833300,100.449997
33120,Po Sri Suwan,Sisaket,,15.113300,104.140800
77180,Samaroiyod,Prachuap Khirikhan,,11.797200,99.727798
21130,Ban Chang,Rayong,,12.716700,101.066704
40110,Non Silla,Khon Kaen,,16.066700,102.733299
41190,Ban Dung,Udon Thani,,17.133600,102.967499
42160,Phu Rua,Loei,,17.450001,101.366699
48130,Wang Yang,Nakhon Phanom,,16.966700,104.500000
54000,Muang Phrae,Phrae,,18.150000,100.133301
13240,Ban Phraek,Phranakhon Si Ayutthaya,,14.633300,100.566704
93000,Sri Nakharin,Phatthalung,,7.494400,100.058296
14130,Pa Mok,Ang Thong,,14.483300,100.449997
18120,Phra Phutthabat,Saraburi,,14.716700,100.800003
44140,Kosum Phisai,Maha Sarakham,,16.216700,103.016701
46160,Na Ku,Kalasin,,16.700001,104.099998
48120,Tha Songkhram,Nakhon Phanom,,17.650000,104.216698
93170,Pa Bon,Phatthalung,,7.494400,100.058296
70180,Ban Ka,Ratchaburi,,13.516700,99.349998
83120,Kathu,Phuket,,7.916700,98.349998
33190,Yang Chum Noi,Sisaket,,15.266700,104.349998
18170,Nong Saeng,Saraburi,,14.483300,100.783302
23110,Khlong Yai,Trat,,11.766700,102.900002
24150,Bang Nam Prieo,Chachoengsao,,13.850000,101.066704
41110,Phrachuk Siliakram,Udon Thani,,17.133600,102.967499
45180,Chaturaphak Phiman,Roi Et,,15.850000,103.550003
23000,Ko Kud,Trat,,12.213100,102.577599
24160,Ta Takiab,Chachoengsao,,13.650000,101.449997
30170,Sung Noen,Nakhon Ratchasima,,14.898900,101.813904
82170,Kapong,Phang Nga,,8.683300,98.449997
16150,Khai Bang Rachan,Singburi,,14.870800,100.375000
33170,Prang Ku,Sisaket,,14.850000,104.033302
80230,Lan Saka,Nakhon Sie Thammarat,,8.350000,99.800003
47170,Akat Amnuai,Sakon Nakhon,,17.434000,103.661499
56000,Pu Khamyaw,Phayao,,19.166700,99.916702
60170,Krok Phra,Nakhon Sawan,,15.550000,100.083298
91150,Tha Phae,Satun,,6.866700,99.916702
92170,Na Yong,Trang,,7.566700,99.683296
80150,Chawang,Nakhon Sie Thammarat,,8.416700,99.500000
10300,Dusit,Bangkok,,13.783300,100.516701
30230,Cheleam Phakiat,Nakhon Ratchasima,,15.000000,102.266701
40350,Phu Pha Man,Khon Kaen,,16.055599,102.699997
45230,Pho Chai,Roi Et,,15.649000,103.855598
71140,Phanom Thuan,Khanchanaburi,,14.125800,99.701103
50360,Mae Wang,Chiang Mai,,19.916700,99.283302
80270,Phipun,Nakhon Sie Thammarat,,8.600000,99.633301
93180,Kong Ra,Phatthalung,,7.466700,99.949997
10400,Ding Daeng,Bangkok,,13.762500,100.530998
30280,Kham Thale So,Nakhon Ratchasima,,14.974700,101.985001
41150,Phen,Udon Thani,,17.133600,102.967499
47140,Ban Muang,Sakon Nakhon,,17.850000,103.583298
50190,Phrao,Chiang Mai,,19.366699,99.216698
30330,Soeng Sang,Nakhon Ratchasima,,14.416700,102.483299
34220,Khong Chiam,Ubon Ratchathani,,14.200000,103.658302
20160,Phan Thong,Chonburi,,13.466700,101.099998
31150,Kandong,Burirum,,15.300000,103.300003
90140,Ranot,Songkhla,,7.766700,100.316704
33130,Nam Kliang,Sisaket,,14.900000,104.550003
77140,Bang Saphan,Prachuap Khirikhan,,11.200000,99.516701
80170,Hua Sai,Nakhon Sie Thammarat,,8.033300,100.300003
14000,Muang ANG THONG,Ang Thong,,14.583300,100.449997
22150,Makham,Chanthaburi,,12.666700,102.199997
40150,Nong Nakham,Khon Kaen,,16.650000,102.383301
43190,Pak Khat,Nong Khai,,18.299999,103.300003
13220,Bang Pahan,Phranakhon Si Ayutthaya,,14.450000,100.550003
92130,Huai Yot,Trang,,7.750000,99.616699
71240,Sangkhla Buri,Khanchanaburi,,14.733300,98.633301
80360,Bang Khan,Nakhon Sie Thammarat,,8.000000,99.533302
22000,Muang Chanthaburi,Chanthaburi,,12.652800,102.122200
34230,Buntharik,Ubon Ratchathani,,14.200000,103.658302
66180,Wang Sai Phun,Phichit,,16.272200,100.349998
73170,Phutha Monthon,Nakhon Pathom,,13.866700,100.191704
84220,Don Sak,Surat Thani,,9.300000,99.683296
93130,Khao Chaison,Phatthalung,,7.416700,100.083298
40140,Nam Phong,Khon Kaen,,16.700001,102.866699
41290,Chaiwan,Udon Thani,,17.133600,102.967499
50210,San Sai,Chiang Mai,,18.852200,99.045303
84210,Phrasaeng,Surat Thani,,9.113300,99.413300
34260,Nam Yuen,Na Tan,,12.916700,102.033302
80140,Pak Phanang,Nakhon Sie Thammarat,,8.350000,100.199997
22140,Pong Nam Ron,Chanthaburi,,12.916700,102.383301
46230,Na Mon,Kalasin,,16.566700,103.800003
47190,Song Dao,Sakon Nakhon,,17.416700,103.533302
51130,Ban Hong,Lamphun,,18.314699,98.817497
70000,Muang Ratchaburi,Ratchaburi,,13.585400,99.787498
45250,Moeiyawadi,Roi Et,,15.649000,103.855598
47000,Muang Sakon Nakhon,Sakon Nakhon,,17.404600,103.767403
49000,Muang Mukdahan,Mukdahan,,16.479200,104.658302
67270,Khao Kho,Phetchabun,,16.666700,100.966698
94130,Panare,Pattani,,6.860000,101.490303
17140,Sankhaburi,Chainat,,15.050000,100.166702
10230,Khanna Yao,Bangkok,,14.333300,99.916702
36150,Kaeng Khro,Chaiyaphum,,16.100000,102.266701
43100,Sra Khai,Nong Khai,,18.061300,103.222702
90210,Sabayoi,Songkhla,,6.700000,101.033302
13130,Tha Rua,Phranakhon Si Ayutthaya,,14.566700,100.733299
82000,Muang Phang Nga,Phang Nga,,8.694400,98.438904
10140,Thung Khru,Bangkok,,13.683300,100.500000
30110,Phimai,Nakhon Ratchasima,,15.216700,102.500000
40160,Mancha Khiri,Khon Kaen,,16.116699,102.550003
47230,Pon Nakaew,Sakon Nakhon,,17.345800,103.979202
64150,Thung Saliam,Sukhothai,,17.313601,99.558899
86130,Sawi,Chumphon,,10.233300,99.083298
42180,Phu Kradung,Loei,,16.883301,101.883301
44210,Yang Si Surat,Maha Sarakham,,15.683300,103.099998
46000,Muang Kalasin,Kalasin,,16.433300,103.500000
55150,Na Noi,Nan,,18.316700,100.716698
76130,Tha Yang,Phetchaburi,,12.966700,100.900002
96210,Si Sakhon,Narathiwat,,6.150000,101.550003
15130,Chai Badan,Lopburi,,15.200000,101.133301
10260,Bang Na,Bangkok,,13.666700,100.583298
12000,Muang Pathum Thani,Pathum Thani,,14.043300,100.639999
43000,Muang Nong Khai,Nong Khai,,18.050100,103.305397
65170,Chat Trakan,Phitsanulok,,17.283300,100.650002
73140,Khamphaeng Saen,Nakhon Pathom,,13.866700,100.191704
54150,Long,Phrae,,18.074699,99.830299
65110,Bang Krathum,Phitsanulok,,16.566700,100.300003
72240,Nong Yasai,Suphanburi,,14.576000,100.028603
96140,Sungai Padi,Narathiwat,,6.150000,101.900002
33140,Khukhan,Sisaket,,15.116700,104.333298
30160,Non Sung,Nakhon Ratchasima,,15.183300,102.266701
44150,Kantharawichai,Maha Sarakham,,16.316700,103.300003
64120,Si Samrong,Sukhothai,,17.163099,99.867203
70140,Pak Tho,Ratchaburi,,13.383300,99.849998
92220,Wang Wiset,Trang,,7.733300,99.283302
80320,Phromkhiri,Nakhon Sie Thammarat,,8.000000,99.533302
30260,Khong,Nakhon Ratchasima,,15.433300,102.333298
44180,Na Dun,Maha Sarakham,,15.716700,103.233299
46180,Kham Muang,Kalasin,,16.916700,103.633301
57000,Muang Chiang Rai,Chiang Rai,,19.900000,99.833298
73000,Muang Nakhon Pathom,Nakhon Pathom,,13.866700,100.191704
18000,Chaloem Phakiat,Saraburi,,14.552100,100.900299
43180,Phon Charoen,Nong Khai,,18.033300,103.166702
45130,Suwannaphum,Roi Et,,15.604700,103.807503
84130,Phunphin,Surat Thani,,9.116700,99.199997
86180,Phato,Chumphon,,9.800000,98.800003
92000,Muang Trang,Trang,,7.561100,99.541702
15120,Khok Samrong,Lopburi,,15.064400,100.722801
71210,Lao Khwan,Khanchanaburi,,14.650000,99.800003
10120,Bang Kholame,Bangkok,,13.708300,100.456200
50260,Doi Tao,Chiang Mai,,17.900000,98.733299
57150,Chiang Saen,Chiang Rai,,20.147200,99.853897
62170,Khosamphi Nakhon,Kamphaeng Phet,,16.309999,99.680000
84140,Ko Samui,Surat Thani,,9.433300,99.966698
77130,Thap Sakae,Prachuap Khirikhan,,11.500000,99.616699
18210,Don Phut,Saraburi,,14.583300,100.666702
23130,Khao Saming,Trat,,12.350000,102.449997
43120,Phon Phisai,Nong Khai,,18.016701,103.083298
48110,That Phanom,Nakhon Phanom,,16.950001,104.733299
52110,Ngao,Lampang,,18.757500,99.978302
80190,Chian Yai,Nakhon Sie Thammarat,,8.166700,100.150002
10800,Bang Su,Bangkok,,13.800000,100.533302
26110,Ban Na,Nakhon Nayok,,14.259200,101.068298
46130,Kong Chai,Kalasin,,16.333300,103.583298
62110,Phran Kratai,Kamphaeng Phet,,16.666700,99.599998
25150,Ban Sang,Prachinburi,,14.000000,101.233299
22160,Na Yai Am,Chanthaburi,,12.783300,101.833298
